{"stats":{"minecraft:crafted":{"minecraft:stone_pickaxe":1,"minecraft:iron_pickaxe":1,"minecraft:cooked_mutton":7},"minecraft:mined":{"minecraft:glass_pane":3,"minecraft:carrots":5,"minecraft:cobblestone_wall":2,"minecraft:mossy_cobblestone":27,"minecraft:oak_door":1,"minecraft:wheat":13,"minecraft:fire":2,"minecraft:cobblestone_stairs":21,"minecraft:yellow_stained_glass_pane":10,"minecraft:ladder":1,"minecraft:short_grass":1,"minecraft:potatoes":4,"minecraft:oak_log":4,"minecraft:cobblestone_slab":2,"minecraft:chest":1,"minecraft:white_stained_glass_pane":10,"minecraft:cobblestone":255,"minecraft:oak_planks":1},"minecraft:custom":{"minecraft:time_since_rest":3972,"minecraft:interact_with_furnace":1,"minecraft:sprint_one_cm":32555,"minecraft:damage_taken":78,"minecraft:walk_one_cm":51712,"minecraft:mob_kills":1,"minecraft:drop":3,"minecraft:damage_dealt":40,"minecraft:talked_to_villager":1,"minecraft:interact_with_crafting_table":2,"minecraft:fly_one_cm":7790,"minecraft:open_chest":9,"minecraft:play_time":18630,"minecraft:jump":87,"minecraft:leave_game":1,"minecraft:walk_on_water_one_cm":1174,"minecraft:time_since_death":18630,"minecraft:sleep_in_bed":2,"minecraft:total_world_time":18630,"minecraft:climb_one_cm":2116,"minecraft:fall_one_cm":1246},"minecraft:used":{"minecraft:flint_and_steel":26,"minecraft:stone_pickaxe":81,"minecraft:iron_pickaxe":251,"minecraft:iron_helmet":1,"minecraft:iron_chestplate":1,"minecraft:stone_axe":10,"minecraft:white_bed":4,"minecraft:yellow_bed":1,"minecraft:potato":3,"minecraft:cooked_beef":1},"minecraft:dropped":{"minecraft:yellow_bed":1,"minecraft:arrow":2,"minecraft:cooked_mutton":6},"minecraft:broken":{"minecraft:stone_pickaxe":1,"minecraft:iron_pickaxe":1},"minecraft:picked_up":{"minecraft:iron_chestplate":1,"minecraft:ladder":10,"minecraft:oak_door":1,"minecraft:torch":13,"minecraft:potato":3,"minecraft:oak_log":3,"minecraft:carrot":6,"minecraft:yellow_bed":1,"minecraft:cobblestone_wall":2,"minecraft:cobblestone_stairs":21,"minecraft:map":2,"minecraft:mossy_cobblestone":25,"minecraft:cooked_mutton":6,"minecraft:arrow":2,"minecraft:wheat_seeds":10,"minecraft:iron_helmet":1,"minecraft:cobblestone_slab":2,"minecraft:chest":1,"minecraft:cobblestone":249},"minecraft:killed":{"minecraft:skeleton":1}},"DataVersion":3955}