{"stats":{"minecraft:crafted":{"minecraft:cooked_mutton":7,"minecraft:iron_pickaxe":1,"minecraft:stone_pickaxe":1},"minecraft:mined":{"minecraft:glass_pane":11,"minecraft:mossy_cobblestone":34,"minecraft:oak_door":2,"minecraft:cobblestone_stairs":21,"minecraft:oak_fence":1,"minecraft:ladder":1,"minecraft:short_grass":2,"minecraft:grass_block":4,"minecraft:chest":1,"minecraft:white_stained_glass_pane":10,"minecraft:cobblestone":295,"minecraft:spruce_leaves":165,"minecraft:oak_planks":1,"minecraft:wall_torch":1,"minecraft:oak_trapdoor":6,"minecraft:carrots":5,"minecraft:cobblestone_wall":2,"minecraft:fire":2,"minecraft:wheat":13,"minecraft:spruce_log":93,"minecraft:yellow_bed":1,"minecraft:yellow_stained_glass_pane":10,"minecraft:potatoes":4,"minecraft:oak_log":13,"minecraft:cobblestone_slab":2,"minecraft:oak_leaves":6},"minecraft:custom":{"minecraft:interact_with_furnace":1,"minecraft:mob_kills":1,"minecraft:interact_with_crafting_table":2,"minecraft:leave_game":1,"minecraft:time_since_death":30630,"minecraft:sleep_in_bed":3,"minecraft:climb_one_cm":2116,"minecraft:time_since_rest":2633,"minecraft:sprint_one_cm":52406,"minecraft:damage_taken":78,"minecraft:walk_one_cm":79554,"minecraft:drop":3,"minecraft:damage_dealt":40,"minecraft:talked_to_villager":1,"minecraft:fly_one_cm":14355,"minecraft:open_chest":11,"minecraft:play_time":30630,"minecraft:walk_under_water_one_cm":366,"minecraft:jump":166,"minecraft:walk_on_water_one_cm":1573,"minecraft:total_world_time":30630,"minecraft:fall_one_cm":1933},"minecraft:used":{"minecraft:oak_fence":1,"minecraft:flint_and_steel":26,"minecraft:stone_shovel":4,"minecraft:stone_pickaxe":133,"minecraft:iron_chestplate":1,"minecraft:white_bed":4,"minecraft:iron_axe":70,"minecraft:iron_pickaxe":251,"minecraft:iron_helmet":1,"minecraft:stone_axe":59,"minecraft:oak_sapling":2,"minecraft:yellow_bed":2,"minecraft:cooked_beef":1,"minecraft:potato":3},"minecraft:dropped":{"minecraft:cooked_mutton":6,"minecraft:yellow_bed":1,"minecraft:arrow":2},"minecraft:broken":{"minecraft:stone_pickaxe":1,"minecraft:stone_axe":1,"minecraft:iron_pickaxe":1},"minecraft:picked_up":{"minecraft:iron_chestplate":1,"minecraft:ladder":10,"minecraft:potato":3,"minecraft:oak_log":10,"minecraft:yellow_bed":2,"minecraft:cobblestone_wall":2,"minecraft:cobblestone_stairs":21,"minecraft:map":2,"minecraft:oak_trapdoor":6,"minecraft:dirt":4,"minecraft:cooked_mutton":6,"minecraft:wheat_seeds":10,"minecraft:cobblestone_slab":2,"minecraft:chest":1,"minecraft:stick":14,"minecraft:oak_door":2,"minecraft:oak_fence":1,"minecraft:torch":14,"minecraft:spruce_sapling":8,"minecraft:spruce_log":93,"minecraft:carrot":6,"minecraft:mossy_cobblestone":29,"minecraft:arrow":2,"minecraft:iron_helmet":1,"minecraft:oak_sapling":2,"minecraft:cobblestone":280},"minecraft:killed":{"minecraft:skeleton":1}},"DataVersion":3955}