{"stats":{"minecraft:crafted":{"minecraft:oak_planks":24,"minecraft:crafting_table":1,"minecraft:stick":8,"minecraft:wooden_pickaxe":1,"minecraft:stone_pickaxe":1,"minecraft:wooden_axe":1,"minecraft:torch":12},"minecraft:broken":{"minecraft:wooden_axe":1},"minecraft:picked_up":{"minecraft:stick":2,"minecraft:crafting_table":2,"minecraft:andesite":3,"minecraft:acacia_log":7,"minecraft:gravel":3,"minecraft:oak_log":25,"minecraft:pointed_dripstone":4,"minecraft:dirt":2,"minecraft:wheat_seeds":1,"minecraft:oak_sapling":3,"minecraft:coal":15,"minecraft:cobblestone":25},"minecraft:used":{"minecraft:wooden_axe":54,"minecraft:stone_pickaxe":4,"minecraft:wooden_pickaxe":43,"minecraft:gravel":2,"minecraft:torch":4,"minecraft:cobblestone":10,"minecraft:crafting_table":2,"minecraft:andesite":3},"minecraft:mined":{"minecraft:andesite":3,"minecraft:crafting_table":2,"minecraft:acacia_log":7,"minecraft:short_grass":9,"minecraft:coal_ore":17,"minecraft:grass_block":2,"minecraft:pointed_dripstone":1,"minecraft:oak_log":26,"minecraft:gravel":3,"minecraft:cobblestone":1,"minecraft:stone":24,"minecraft:oak_leaves":14},"minecraft:custom":{"minecraft:time_since_rest":16761,"minecraft:sprint_one_cm":42588,"minecraft:damage_taken":685,"minecraft:walk_one_cm":56256,"minecraft:mob_kills":1,"minecraft:damage_dealt":923,"minecraft:interact_with_crafting_table":2,"minecraft:fly_one_cm":12643,"minecraft:crouch_one_cm":450,"minecraft:play_time":22985,"minecraft:deaths":2,"minecraft:sneak_time":178,"minecraft:jump":273,"minecraft:leave_game":3,"minecraft:time_since_death":16720,"minecraft:total_world_time":22985,"minecraft:fall_one_cm":9434},"minecraft:killed_by":{"minecraft:witch":1},"minecraft:killed":{"minecraft:zombie":1}},"DataVersion":3953}