{"stats":{"minecraft:crafted":{"minecraft:oak_planks":188,"minecraft:cooked_chicken":5,"minecraft:furnace":3,"minecraft:cooked_mutton":2,"minecraft:stone_pickaxe":3,"minecraft:wheat":189,"minecraft:cooked_beef":34,"minecraft:coal_block":1,"minecraft:cooked_porkchop":10,"minecraft:diamond_axe":1,"minecraft:crafting_table":4,"minecraft:wooden_pickaxe":2,"minecraft:iron_helmet":1,"minecraft:iron_sword":1,"minecraft:stone_axe":3,"minecraft:bread":63,"minecraft:jungle_planks":8,"minecraft:shield":1,"minecraft:stick":80,"minecraft:iron_ingot":10,"minecraft:iron_pickaxe":2,"minecraft:wooden_axe":3,"minecraft:stone_sword":1,"minecraft:acacia_planks":92,"minecraft:torch":84},"minecraft:dropped":{"minecraft:iron_ingot":4,"minecraft:porkchop":2,"minecraft:wheat_seeds":14,"minecraft:cooked_beef":11,"minecraft:oak_log":13,"minecraft:leather":19,"minecraft:granite":1,"minecraft:fletching_table":1,"minecraft:stripped_jungle_log":2,"minecraft:tropical_fish":1,"minecraft:coal":192,"minecraft:cod":2,"minecraft:stick":29,"minecraft:emerald":2,"minecraft:dirt":22,"minecraft:torch":16,"minecraft:wooden_axe":4,"minecraft:melon_slice":26,"minecraft:jungle_sapling":8,"minecraft:flowering_azalea":1,"minecraft:tripwire_hook":2,"minecraft:acacia_planks":64,"minecraft:redstone":1,"minecraft:bone":8,"minecraft:stone_axe":1,"minecraft:stone_sword":3,"minecraft:cocoa_beans":15,"minecraft:andesite":2,"minecraft:melon_seeds":3,"minecraft:jungle_log":365,"minecraft:spider_eye":1,"minecraft:bamboo":2,"minecraft:bow":1,"minecraft:arrow":1,"minecraft:stone_pickaxe":2,"minecraft:wooden_pickaxe":5},"minecraft:broken":{"minecraft:iron_pickaxe":1,"minecraft:wooden_axe":1},"minecraft:picked_up":{"minecraft:wooden_axe":3,"minecraft:fishing_rod":1,"minecraft:cocoa_beans":15,"minecraft:crafting_table":14,"minecraft:chicken":5,"minecraft:wooden_pickaxe":3,"minecraft:brewing_stand":1,"minecraft:shield":2,"minecraft:string":4,"minecraft:compass":4,"minecraft:bucket":2,"minecraft:beef":160,"minecraft:jungle_sapling":17,"minecraft:poppy":3,"minecraft:iron_pickaxe":2,"minecraft:light_gray_wool":1,"minecraft:melon_slice":496,"minecraft:coal_block":1,"minecraft:birch_sapling":1,"minecraft:furnace":10,"minecraft:stick":125,"minecraft:raw_iron":10,"minecraft:torch":23,"minecraft:acacia_log":23,"minecraft:porkchop":12,"minecraft:redstone":4,"minecraft:orange_bed":9,"minecraft:rotten_flesh":3,"minecraft:stone_sword":4,"minecraft:arrow":4,"minecraft:tropical_fish":1,"minecraft:hay_block":114,"minecraft:glistering_melon_slice":9,"minecraft:mutton":15,"minecraft:cobblestone":368,"minecraft:cod":2,"minecraft:white_wool":5,"minecraft:feather":8,"minecraft:cooked_beef":30,"minecraft:tripwire_hook":4,"minecraft:andesite":2,"minecraft:water_bucket":1,"minecraft:jungle_log":400,"minecraft:leather":57,"minecraft:oak_log":74,"minecraft:cobblestone_stairs":1,"minecraft:dirt":51,"minecraft:paper":20,"minecraft:bone":15,"minecraft:acacia_planks":141,"minecraft:apple":2,"minecraft:bow":3,"minecraft:wheat_seeds":18,"minecraft:raw_gold":4,"minecraft:iron_ingot":22,"minecraft:stone_pickaxe":3,"minecraft:cooked_chicken":15,"minecraft:fletching_table":2,"minecraft:bamboo":12,"minecraft:moss_block":1,"minecraft:flowering_azalea":1,"minecraft:acacia_sapling":2,"minecraft:oak_planks":21,"minecraft:cooked_porkchop":40,"minecraft:pumpkin":3,"minecraft:dandelion":1,"minecraft:white_bed":2,"minecraft:spider_eye":1,"minecraft:mossy_cobblestone":3,"minecraft:stripped_jungle_log":4,"minecraft:diamond":3,"minecraft:stone_axe":3,"minecraft:granite":1,"minecraft:bread":220,"minecraft:emerald":7,"minecraft:oak_sapling":7,"minecraft:melon_seeds":3,"minecraft:coal":403,"minecraft:sunflower":3},"minecraft:used":{"minecraft:moss_block":1,"minecraft:stone_sword":123,"minecraft:redstone":3,"minecraft:poppy":3,"minecraft:shield":38,"minecraft:iron_sword":67,"minecraft:cooked_chicken":4,"minecraft:rotten_flesh":1,"minecraft:orange_bed":7,"minecraft:torch":56,"minecraft:dirt":29,"minecraft:jungle_planks":2,"minecraft:acacia_sapling":1,"minecraft:jungle_sapling":9,"minecraft:wooden_axe":72,"minecraft:birch_sapling":1,"minecraft:jungle_log":35,"minecraft:bamboo":10,"minecraft:bow":1,"minecraft:oak_sapling":4,"minecraft:furnace":6,"minecraft:acacia_planks":6,"minecraft:water_bucket":8,"minecraft:cobblestone_stairs":1,"minecraft:stone_pickaxe":45,"minecraft:oak_planks":3,"minecraft:wooden_pickaxe":40,"minecraft:fletching_table":1,"minecraft:diamond_axe":631,"minecraft:mossy_cobblestone":3,"minecraft:crafting_table":14,"minecraft:white_bed":1,"minecraft:oak_log":14,"minecraft:sunflower":3,"minecraft:melon_slice":46,"minecraft:bread":38,"minecraft:iron_pickaxe":438,"minecraft:stone_axe":89,"minecraft:fishing_rod":22,"minecraft:coal_block":1,"minecraft:cobblestone":154,"minecraft:bucket":10,"minecraft:dandelion":1},"minecraft:mined":{"minecraft:white_bed":1,"minecraft:mossy_cobblestone":3,"minecraft:cobblestone_stairs":1,"minecraft:jungle_leaves":36,"minecraft:brewing_stand":1,"minecraft:granite":1,"minecraft:acacia_log":26,"minecraft:grass_block":10,"minecraft:jungle_log":400,"minecraft:redstone_wire":4,"minecraft:coal_block":1,"minecraft:moss_block":1,"minecraft:hay_block":55,"minecraft:furnace":4,"minecraft:iron_ore":10,"minecraft:andesite":2,"minecraft:pumpkin":1,"minecraft:fletching_table":2,"minecraft:vine":66,"minecraft:dirt_path":2,"minecraft:stripped_jungle_log":2,"minecraft:bamboo":4,"minecraft:stone":214,"minecraft:tripwire":1,"minecraft:orange_bed":7,"minecraft:acacia_leaves":10,"minecraft:flowering_azalea":1,"minecraft:crafting_table":10,"minecraft:short_grass":54,"minecraft:emerald_ore":1,"minecraft:melon":33,"minecraft:cobblestone":30,"minecraft:lapis_ore":1,"minecraft:oak_planks":1,"minecraft:wheat":5,"minecraft:birch_leaves":3,"minecraft:oak_log":69,"minecraft:coal_ore":243,"minecraft:sunflower":3,"minecraft:dirt":16,"minecraft:tripwire_hook":4,"minecraft:acacia_planks":1,"minecraft:gold_ore":4,"minecraft:oak_leaves":63,"minecraft:fern":6},"minecraft:custom":{"minecraft:mob_kills":50,"minecraft:interact_with_crafting_table":20,"minecraft:bell_ring":4,"minecraft:leave_game":4,"minecraft:time_since_death":105982,"minecraft:climb_one_cm":10016,"minecraft:sprint_one_cm":477492,"minecraft:walk_one_cm":839921,"minecraft:damage_blocked_by_shield":1146,"minecraft:drop":101,"minecraft:talked_to_villager":8,"minecraft:play_time":228377,"minecraft:deaths":7,"minecraft:sneak_time":12165,"minecraft:walk_under_water_one_cm":15311,"minecraft:jump":3130,"minecraft:walk_on_water_one_cm":54505,"minecraft:total_world_time":228377,"minecraft:interact_with_furnace":50,"minecraft:sleep_in_bed":22,"minecraft:time_since_rest":5522,"minecraft:damage_taken":4223,"minecraft:damage_dealt":6675,"minecraft:swim_one_cm":27861,"minecraft:fly_one_cm":292055,"minecraft:open_chest":41,"minecraft:crouch_one_cm":21296,"minecraft:fish_caught":3,"minecraft:fall_one_cm":61561,"minecraft:inspect_dispenser":2,"minecraft:horse_one_cm":1875},"minecraft:killed_by":{"minecraft:creeper":1,"minecraft:iron_golem":2,"minecraft:skeleton":1,"minecraft:zombie":2},"minecraft:killed":{"minecraft:spider":2,"minecraft:skeleton":8,"minecraft:chicken":5,"minecraft:pig":6,"minecraft:iron_golem":1,"minecraft:sheep":6,"minecraft:zombie":3,"minecraft:cow":19}},"DataVersion":3953}