{"stats":{"minecraft:crafted":{"minecraft:oak_planks":72,"minecraft:cooked_chicken":5,"minecraft:furnace":3,"minecraft:cooked_mutton":2,"minecraft:stone_pickaxe":3,"minecraft:wheat":189,"minecraft:cooked_beef":34,"minecraft:coal_block":1,"minecraft:cooked_porkchop":10,"minecraft:diamond_axe":1,"minecraft:crafting_table":4,"minecraft:wooden_pickaxe":2,"minecraft:stone_axe":3,"minecraft:bread":63,"minecraft:jungle_planks":8,"minecraft:shield":1,"minecraft:stick":60,"minecraft:iron_ingot":10,"minecraft:iron_pickaxe":2,"minecraft:wooden_axe":3,"minecraft:stone_sword":1,"minecraft:acacia_planks":92,"minecraft:torch":20},"minecraft:dropped":{"minecraft:iron_ingot":4,"minecraft:porkchop":2,"minecraft:wheat_seeds":11,"minecraft:cooked_beef":11,"minecraft:oak_log":13,"minecraft:leather":19,"minecraft:granite":1,"minecraft:fletching_table":1,"minecraft:stripped_jungle_log":2,"minecraft:coal":192,"minecraft:cod":1,"minecraft:stick":29,"minecraft:emerald":2,"minecraft:dirt":22,"minecraft:torch":16,"minecraft:wooden_axe":4,"minecraft:melon_slice":26,"minecraft:jungle_sapling":8,"minecraft:acacia_planks":64,"minecraft:bone":8,"minecraft:stone_axe":1,"minecraft:stone_sword":1,"minecraft:cocoa_beans":15,"minecraft:andesite":2,"minecraft:melon_seeds":3,"minecraft:jungle_log":363,"minecraft:bow":1,"minecraft:arrow":1,"minecraft:stone_pickaxe":2,"minecraft:wooden_pickaxe":5},"minecraft:broken":{"minecraft:iron_pickaxe":1,"minecraft:wooden_axe":1},"minecraft:picked_up":{"minecraft:wooden_axe":3,"minecraft:fishing_rod":1,"minecraft:cocoa_beans":15,"minecraft:crafting_table":13,"minecraft:chicken":5,"minecraft:wooden_pickaxe":3,"minecraft:brewing_stand":1,"minecraft:shield":2,"minecraft:string":2,"minecraft:compass":4,"minecraft:bucket":2,"minecraft:beef":160,"minecraft:jungle_sapling":17,"minecraft:poppy":3,"minecraft:iron_pickaxe":2,"minecraft:melon_slice":496,"minecraft:coal_block":1,"minecraft:birch_sapling":1,"minecraft:furnace":10,"minecraft:stick":125,"minecraft:raw_iron":10,"minecraft:torch":22,"minecraft:acacia_log":23,"minecraft:porkchop":12,"minecraft:orange_bed":9,"minecraft:rotten_flesh":2,"minecraft:stone_sword":3,"minecraft:arrow":4,"minecraft:hay_block":114,"minecraft:glistering_melon_slice":9,"minecraft:mutton":8,"minecraft:cobblestone":361,"minecraft:cod":1,"minecraft:white_wool":2,"minecraft:feather":8,"minecraft:cooked_beef":30,"minecraft:andesite":2,"minecraft:water_bucket":1,"minecraft:jungle_log":398,"minecraft:leather":57,"minecraft:oak_log":45,"minecraft:dirt":38,"minecraft:paper":20,"minecraft:bone":11,"minecraft:acacia_planks":141,"minecraft:apple":2,"minecraft:bow":3,"minecraft:wheat_seeds":13,"minecraft:iron_ingot":22,"minecraft:stone_pickaxe":3,"minecraft:cooked_chicken":15,"minecraft:fletching_table":2,"minecraft:acacia_sapling":2,"minecraft:oak_planks":21,"minecraft:cooked_porkchop":40,"minecraft:pumpkin":3,"minecraft:dandelion":1,"minecraft:stripped_jungle_log":4,"minecraft:diamond":3,"minecraft:stone_axe":3,"minecraft:granite":1,"minecraft:bread":220,"minecraft:emerald":7,"minecraft:oak_sapling":4,"minecraft:melon_seeds":3,"minecraft:coal":403,"minecraft:sunflower":3},"minecraft:used":{"minecraft:stone_sword":109,"minecraft:poppy":3,"minecraft:shield":24,"minecraft:cooked_chicken":4,"minecraft:orange_bed":7,"minecraft:torch":14,"minecraft:dirt":16,"minecraft:jungle_planks":2,"minecraft:acacia_sapling":1,"minecraft:jungle_sapling":9,"minecraft:wooden_axe":72,"minecraft:birch_sapling":1,"minecraft:jungle_log":35,"minecraft:oak_sapling":2,"minecraft:furnace":6,"minecraft:acacia_planks":6,"minecraft:water_bucket":3,"minecraft:stone_pickaxe":45,"minecraft:oak_planks":3,"minecraft:wooden_pickaxe":40,"minecraft:fletching_table":1,"minecraft:diamond_axe":579,"minecraft:crafting_table":13,"minecraft:oak_log":14,"minecraft:sunflower":3,"minecraft:melon_slice":46,"minecraft:bread":19,"minecraft:iron_pickaxe":420,"minecraft:stone_axe":89,"minecraft:fishing_rod":11,"minecraft:coal_block":1,"minecraft:cobblestone":142,"minecraft:bucket":5,"minecraft:dandelion":1},"minecraft:mined":{"minecraft:jungle_leaves":35,"minecraft:brewing_stand":1,"minecraft:granite":1,"minecraft:acacia_log":26,"minecraft:grass_block":5,"minecraft:jungle_log":400,"minecraft:coal_block":1,"minecraft:hay_block":55,"minecraft:furnace":4,"minecraft:iron_ore":10,"minecraft:andesite":2,"minecraft:pumpkin":1,"minecraft:fletching_table":2,"minecraft:vine":64,"minecraft:dirt_path":2,"minecraft:stripped_jungle_log":2,"minecraft:stone":214,"minecraft:orange_bed":7,"minecraft:acacia_leaves":10,"minecraft:crafting_table":9,"minecraft:short_grass":32,"minecraft:emerald_ore":1,"minecraft:melon":33,"minecraft:cobblestone":23,"minecraft:oak_planks":1,"minecraft:wheat":5,"minecraft:birch_leaves":3,"minecraft:oak_log":40,"minecraft:coal_ore":243,"minecraft:sunflower":3,"minecraft:dirt":8,"minecraft:acacia_planks":1,"minecraft:oak_leaves":35,"minecraft:fern":2},"minecraft:custom":{"minecraft:mob_kills":40,"minecraft:interact_with_crafting_table":19,"minecraft:bell_ring":4,"minecraft:leave_game":4,"minecraft:time_since_death":63982,"minecraft:climb_one_cm":2529,"minecraft:sprint_one_cm":363342,"minecraft:walk_one_cm":711972,"minecraft:damage_blocked_by_shield":771,"minecraft:drop":86,"minecraft:talked_to_villager":8,"minecraft:play_time":186377,"minecraft:deaths":7,"minecraft:sneak_time":10329,"minecraft:walk_under_water_one_cm":14708,"minecraft:jump":2428,"minecraft:walk_on_water_one_cm":39733,"minecraft:total_world_time":186377,"minecraft:interact_with_furnace":50,"minecraft:sleep_in_bed":19,"minecraft:time_since_rest":13676,"minecraft:damage_taken":3493,"minecraft:damage_dealt":5325,"minecraft:swim_one_cm":17879,"minecraft:fly_one_cm":221043,"minecraft:open_chest":34,"minecraft:crouch_one_cm":14452,"minecraft:fish_caught":1,"minecraft:fall_one_cm":45141,"minecraft:horse_one_cm":1875},"minecraft:killed_by":{"minecraft:creeper":1,"minecraft:iron_golem":2,"minecraft:skeleton":1,"minecraft:zombie":2},"minecraft:killed":{"minecraft:spider":1,"minecraft:skeleton":5,"minecraft:chicken":5,"minecraft:pig":6,"minecraft:iron_golem":1,"minecraft:sheep":2,"minecraft:zombie":1,"minecraft:cow":19}},"DataVersion":3953}