{"stats":{"minecraft:mined":{"minecraft:acacia_log":1},"minecraft:custom":{"minecraft:jump":21,"minecraft:time_since_rest":85,"minecraft:damage_dealt":78,"minecraft:deaths":1,"minecraft:play_time":6281,"minecraft:leave_game":3,"minecraft:sprint_one_cm":3841,"minecraft:damage_taken":298,"minecraft:time_since_death":0,"minecraft:walk_one_cm":1949,"minecraft:total_world_time":6281,"minecraft:fall_one_cm":2440,"minecraft:fly_one_cm":4630},"minecraft:picked_up":{"minecraft:acacia_log":1}},"DataVersion":3953}