{"stats":{"minecraft:crafted":{"minecraft:acacia_wood":3,"minecraft:acacia_planks":32,"minecraft:crafting_table":1,"minecraft:stick":16,"minecraft:wooden_pickaxe":1},"minecraft:picked_up":{"minecraft:stick":1,"minecraft:acacia_log":9,"minecraft:wheat_seeds":1,"minecraft:coal":13,"minecraft:dirt":7,"minecraft:cobblestone":38},"minecraft:used":{"minecraft:crafting_table":1,"minecraft:wooden_pickaxe":58},"minecraft:mined":{"minecraft:short_grass":8,"minecraft:acacia_log":9,"minecraft:grass_block":3,"minecraft:coal_ore":13,"minecraft:acacia_leaves":5,"minecraft:dirt":6,"minecraft:stone":39},"minecraft:custom":{"minecraft:time_since_rest":8558,"minecraft:crouch_one_cm":184,"minecraft:sprint_one_cm":9820,"minecraft:play_time":8558,"minecraft:damage_taken":50,"minecraft:walk_one_cm":11643,"minecraft:sneak_time":723,"minecraft:jump":31,"minecraft:leave_game":2,"minecraft:time_since_death":8558,"minecraft:total_world_time":8558,"minecraft:interact_with_crafting_table":1,"minecraft:fall_one_cm":1689,"minecraft:fly_one_cm":3015}},"DataVersion":3953}