{"stats":{"minecraft:crafted":{"minecraft:oak_planks":80,"minecraft:crafting_table":6,"minecraft:wooden_pickaxe":2,"minecraft:charcoal":16,"minecraft:stick":32,"minecraft:stone_pickaxe":7,"minecraft:wooden_axe":8,"minecraft:chest":3,"minecraft:white_bed":1,"minecraft:acacia_planks":96,"minecraft:torch":132},"minecraft:dropped":{"minecraft:oak_planks":113},"minecraft:picked_up":{"minecraft:pink_petals":7,"minecraft:crafting_table":6,"minecraft:azure_bluet":4,"minecraft:andesite":18,"minecraft:potato":4,"minecraft:flint":3,"minecraft:oak_log":35,"minecraft:brewing_stand":1,"minecraft:yellow_bed":5,"minecraft:dirt":199,"minecraft:string":6,"minecraft:acacia_door":1,"minecraft:bone":3,"minecraft:apple":1,"minecraft:wheat_seeds":14,"minecraft:cobbled_deepslate":25,"minecraft:iron_ingot":5,"minecraft:beef":1,"minecraft:fletching_table":1,"minecraft:sugar_cane":6,"minecraft:chest":3,"minecraft:stone_hoe":1,"minecraft:oak_planks":166,"minecraft:raw_iron":2,"minecraft:stick":76,"minecraft:pumpkin":10,"minecraft:torch":21,"minecraft:acacia_log":33,"minecraft:dripstone_block":3,"minecraft:porkchop":4,"minecraft:cherry_log":43,"minecraft:pointed_dripstone":7,"minecraft:blast_furnace":1,"minecraft:diorite":10,"minecraft:white_bed":4,"minecraft:spider_eye":1,"minecraft:mossy_cobblestone":1,"minecraft:arrow":1,"minecraft:rotten_flesh":6,"minecraft:hay_block":71,"minecraft:granite":5,"minecraft:emerald":2,"minecraft:bread":43,"minecraft:mutton":13,"minecraft:coal":82,"minecraft:white_wool":3,"minecraft:cobblestone":238},"minecraft:broken":{"minecraft:stone_pickaxe":1,"minecraft:wooden_axe":1,"minecraft:wooden_pickaxe":1},"minecraft:used":{"minecraft:acacia_log":1,"minecraft:stone_pickaxe":300,"minecraft:oak_planks":3,"minecraft:chest":5,"minecraft:wooden_pickaxe":106,"minecraft:torch":90,"minecraft:dirt":11,"minecraft:crafting_table":7,"minecraft:white_bed":3,"minecraft:wooden_axe":171,"minecraft:bread":9,"minecraft:cobblestone":8,"minecraft:porkchop":2,"minecraft:yellow_bed":5},"minecraft:mined":{"minecraft:white_bed":3,"minecraft:cherry_log":48,"minecraft:crafting_table":3,"minecraft:torch":1,"minecraft:granite":5,"minecraft:short_grass":12,"minecraft:acacia_log":33,"minecraft:grass_block":7,"minecraft:chest":2,"minecraft:oak_planks":4,"minecraft:diorite":10,"minecraft:wall_torch":3,"minecraft:pink_petals":4,"minecraft:hay_block":8,"minecraft:iron_ore":1,"minecraft:wheat":1,"minecraft:andesite":18,"minecraft:azure_bluet":2,"minecraft:yellow_bed":4,"minecraft:pointed_dripstone":7,"minecraft:oak_log":35,"minecraft:potatoes":2,"minecraft:coal_ore":88,"minecraft:deepslate_iron_ore":1,"minecraft:cherry_leaves":16,"minecraft:dripstone_block":3,"minecraft:acacia_door":1,"minecraft:dirt":19,"minecraft:stone":240,"minecraft:deepslate":25,"minecraft:oak_leaves":1},"minecraft:custom":{"minecraft:interact_with_furnace":3,"minecraft:mob_kills":4,"minecraft:interact_with_crafting_table":21,"minecraft:leave_game":2,"minecraft:time_since_death":74445,"minecraft:sleep_in_bed":11,"minecraft:time_since_rest":12704,"minecraft:sprint_one_cm":95123,"minecraft:damage_taken":1533,"minecraft:walk_one_cm":310708,"minecraft:drop":2,"minecraft:damage_dealt":1156,"minecraft:fly_one_cm":36636,"minecraft:player_kills":2,"minecraft:open_chest":10,"minecraft:crouch_one_cm":6283,"minecraft:play_time":105501,"minecraft:deaths":4,"minecraft:sneak_time":1499,"minecraft:walk_under_water_one_cm":148,"minecraft:jump":809,"minecraft:walk_on_water_one_cm":1003,"minecraft:total_world_time":105501,"minecraft:fall_one_cm":10137},"minecraft:killed_by":{"minecraft:spider":2,"minecraft:zombie":2},"minecraft:killed":{"minecraft:zombie_villager":1,"minecraft:spider":1,"minecraft:skeleton":1,"minecraft:zombie":1}},"DataVersion":3953}