{"stats":{"minecraft:crafted":{"minecraft:oak_door":3,"minecraft:oak_planks":44,"minecraft:oak_sign":3,"minecraft:furnace":8,"minecraft:stone":55,"minecraft:bone_meal":9,"minecraft:iron_boots":1,"minecraft:stone_pickaxe":2,"minecraft:chest":5,"minecraft:crafting_table":2,"minecraft:wooden_pickaxe":1,"minecraft:iron_helmet":1,"minecraft:iron_sword":1,"minecraft:bucket":1,"minecraft:stone_axe":2,"minecraft:white_wool":3,"minecraft:iron_chestplate":1,"minecraft:wooden_hoe":1,"minecraft:charcoal":4,"minecraft:shield":1,"minecraft:stick":36,"minecraft:iron_ingot":99,"minecraft:iron_pickaxe":1,"minecraft:wooden_axe":1,"minecraft:iron_leggings":1,"minecraft:white_bed":1,"minecraft:acacia_planks":36,"minecraft:torch":84},"minecraft:dropped":{"minecraft:porkchop":3,"minecraft:oak_log":23,"minecraft:chest_minecart":1,"minecraft:activator_rail":3,"minecraft:acacia_log":59,"minecraft:rail":6,"minecraft:golden_apple":1,"minecraft:torch":14,"minecraft:gravel":1,"minecraft:detector_rail":2,"minecraft:raw_iron":64,"minecraft:oak_planks":2,"minecraft:pumpkin_seeds":6,"minecraft:stone":7,"minecraft:beef":1},"minecraft:broken":{"minecraft:wooden_pickaxe":1,"minecraft:stone_pickaxe":1,"minecraft:stone_axe":1,"minecraft:wooden_axe":1},"minecraft:picked_up":{"minecraft:crafting_table":4,"minecraft:anvil":1,"minecraft:clay_ball":166,"minecraft:chest_minecart":1,"minecraft:string":23,"minecraft:oak_sign":1,"minecraft:activator_rail":3,"minecraft:cobbled_deepslate":30,"minecraft:detector_rail":2,"minecraft:beef":3,"minecraft:azalea":4,"minecraft:chest":2,"minecraft:furnace":6,"minecraft:stick":4,"minecraft:raw_iron":155,"minecraft:stone":7,"minecraft:oak_door":10,"minecraft:big_dripleaf":29,"minecraft:oak_fence":3,"minecraft:torch":25,"minecraft:acacia_log":68,"minecraft:porkchop":6,"minecraft:pointed_dripstone":4,"minecraft:diorite":1,"minecraft:redstone":84,"minecraft:arrow":4,"minecraft:rotten_flesh":13,"minecraft:tropical_fish":2,"minecraft:gold_ingot":47,"minecraft:rail":6,"minecraft:cobblestone":161,"minecraft:cooked_beef":45,"minecraft:andesite":11,"minecraft:potato":1,"minecraft:oak_log":42,"minecraft:lapis_lazuli":71,"minecraft:dirt":18,"minecraft:bone":4,"minecraft:acacia_planks":28,"minecraft:bow":1,"minecraft:wheat_seeds":6,"minecraft:raw_gold":11,"minecraft:iron_ingot":11,"minecraft:moss_block":16,"minecraft:flowering_azalea":1,"minecraft:acacia_sapling":2,"minecraft:oak_planks":70,"minecraft:gravel":4,"minecraft:white_bed":1,"minecraft:spider_eye":1,"minecraft:pumpkin_seeds":6,"minecraft:diamond":7,"minecraft:granite":36,"minecraft:golden_apple":4,"minecraft:bread":16,"minecraft:oak_sapling":6,"minecraft:melon_seeds":4,"minecraft:coal":100},"minecraft:used":{"minecraft:moss_block":10,"minecraft:oak_sign":4,"minecraft:chest":7,"minecraft:shield":21,"minecraft:stone":50,"minecraft:iron_sword":217,"minecraft:rotten_flesh":1,"minecraft:iron_chestplate":1,"minecraft:oak_door":10,"minecraft:torch":90,"minecraft:dirt":14,"minecraft:acacia_sapling":2,"minecraft:granite":5,"minecraft:wooden_axe":54,"minecraft:melon_seeds":4,"minecraft:beef":2,"minecraft:furnace":14,"minecraft:oak_sapling":5,"minecraft:cooked_beef":10,"minecraft:cobbled_deepslate":22,"minecraft:wheat_seeds":3,"minecraft:water_bucket":3,"minecraft:diorite":1,"minecraft:stone_pickaxe":239,"minecraft:wooden_pickaxe":51,"minecraft:crafting_table":6,"minecraft:white_bed":2,"minecraft:wooden_hoe":11,"minecraft:iron_pickaxe":165,"minecraft:gravel":2,"minecraft:stone_axe":132,"minecraft:cobblestone":32,"minecraft:porkchop":3,"minecraft:andesite":11,"minecraft:bucket":4,"minecraft:bone_meal":9},"minecraft:mined":{"minecraft:oak_sapling":1,"minecraft:deepslate_diamond_ore":7,"minecraft:oak_door":10,"minecraft:granite":38,"minecraft:acacia_log":71,"minecraft:grass_block":2,"minecraft:moss_block":19,"minecraft:oak_wall_sign":1,"minecraft:redstone_ore":1,"minecraft:furnace":5,"minecraft:iron_ore":19,"minecraft:cobbled_deepslate":4,"minecraft:andesite":11,"minecraft:big_dripleaf_stem":5,"minecraft:pointed_dripstone":1,"minecraft:cave_vines":3,"minecraft:deepslate_iron_ore":32,"minecraft:azalea":6,"minecraft:stone":156,"minecraft:deepslate_redstone_ore":18,"minecraft:acacia_leaves":8,"minecraft:flowering_azalea":1,"minecraft:crafting_table":4,"minecraft:clay":34,"minecraft:oak_fence":4,"minecraft:torch":4,"minecraft:short_grass":26,"minecraft:chest":2,"minecraft:tall_grass":3,"minecraft:cobblestone":3,"minecraft:deepslate_gold_ore":8,"minecraft:lapis_ore":10,"minecraft:wall_torch":2,"minecraft:big_dripleaf":9,"minecraft:wheat":1,"minecraft:oak_log":43,"minecraft:coal_ore":80,"minecraft:gravel":3,"minecraft:dirt":16,"minecraft:cobweb":17,"minecraft:small_dripleaf":3,"minecraft:gold_ore":3,"minecraft:oak_leaves":20,"minecraft:deepslate":21},"minecraft:custom":{"minecraft:mob_kills":29,"minecraft:interact_with_crafting_table":40,"minecraft:leave_game":5,"minecraft:time_since_death":124518,"minecraft:climb_one_cm":63,"minecraft:sprint_one_cm":90594,"minecraft:walk_one_cm":561101,"minecraft:damage_blocked_by_shield":601,"minecraft:drop":15,"minecraft:play_time":130783,"minecraft:deaths":2,"minecraft:sneak_time":5936,"minecraft:walk_under_water_one_cm":13929,"minecraft:jump":1180,"minecraft:walk_on_water_one_cm":31433,"minecraft:total_world_time":130783,"minecraft:interact_with_furnace":51,"minecraft:sleep_in_bed":6,"minecraft:time_since_rest":18698,"minecraft:damage_taken":1575,"minecraft:damage_dealt":5656,"minecraft:fly_one_cm":24658,"minecraft:open_chest":59,"minecraft:crouch_one_cm":11226,"minecraft:fall_one_cm":21906},"minecraft:killed_by":{"minecraft:witch":1},"minecraft:killed":{"minecraft:cave_spider":3,"minecraft:spider":2,"minecraft:skeleton":4,"minecraft:pig":2,"minecraft:zombie_villager":1,"minecraft:zombie":14,"minecraft:cow":1}},"DataVersion":3953}