{"stats":{"minecraft:crafted":{"minecraft:oak_door":3,"minecraft:oak_planks":48,"minecraft:oak_sign":3,"minecraft:furnace":8,"minecraft:stone":55,"minecraft:bone_meal":9,"minecraft:iron_boots":1,"minecraft:iron_axe":1,"minecraft:stone_pickaxe":2,"minecraft:chest":5,"minecraft:cooked_beef":1,"minecraft:crafting_table":2,"minecraft:wooden_pickaxe":1,"minecraft:iron_helmet":1,"minecraft:iron_sword":2,"minecraft:bucket":1,"minecraft:stone_axe":2,"minecraft:white_wool":3,"minecraft:iron_chestplate":1,"minecraft:wooden_hoe":1,"minecraft:diamond_pickaxe":1,"minecraft:charcoal":4,"minecraft:shield":1,"minecraft:stick":44,"minecraft:iron_ingot":108,"minecraft:iron_pickaxe":2,"minecraft:wooden_axe":1,"minecraft:iron_leggings":1,"minecraft:white_bed":1,"minecraft:acacia_planks":36,"minecraft:torch":84},"minecraft:dropped":{"minecraft:porkchop":3,"minecraft:oak_log":23,"minecraft:chest_minecart":1,"minecraft:activator_rail":3,"minecraft:acacia_log":59,"minecraft:rail":6,"minecraft:golden_apple":1,"minecraft:torch":14,"minecraft:gravel":1,"minecraft:detector_rail":2,"minecraft:raw_iron":64,"minecraft:oak_planks":2,"minecraft:pumpkin_seeds":6,"minecraft:stone":7,"minecraft:beef":1},"minecraft:broken":{"minecraft:wooden_pickaxe":1,"minecraft:stone_pickaxe":1,"minecraft:stone_axe":1,"minecraft:wooden_axe":1},"minecraft:picked_up":{"minecraft:iron_chestplate":2,"minecraft:crafting_table":4,"minecraft:wheat":1,"minecraft:anvil":1,"minecraft:clay_ball":198,"minecraft:chest_minecart":1,"minecraft:shield":3,"minecraft:string":23,"minecraft:moss_carpet":4,"minecraft:oak_sign":1,"minecraft:activator_rail":3,"minecraft:cobbled_deepslate":83,"minecraft:detector_rail":2,"minecraft:bucket":2,"minecraft:beef":3,"minecraft:azalea":4,"minecraft:iron_pickaxe":5,"minecraft:chest":2,"minecraft:furnace":6,"minecraft:stick":10,"minecraft:raw_iron":167,"minecraft:stone":7,"minecraft:oak_door":10,"minecraft:big_dripleaf":50,"minecraft:oak_fence":3,"minecraft:torch":109,"minecraft:acacia_log":78,"minecraft:porkchop":6,"minecraft:pointed_dripstone":4,"minecraft:diorite":1,"minecraft:redstone":161,"minecraft:rotten_flesh":33,"minecraft:arrow":4,"minecraft:tropical_fish":2,"minecraft:gold_ingot":47,"minecraft:glow_berries":13,"minecraft:rail":6,"minecraft:cobblestone":161,"minecraft:cooked_beef":71,"minecraft:glow_ink_sac":3,"minecraft:andesite":11,"minecraft:potato":1,"minecraft:tuff":1,"minecraft:oak_log":63,"minecraft:lapis_lazuli":183,"minecraft:dirt":21,"minecraft:bone":4,"minecraft:acacia_planks":28,"minecraft:bow":1,"minecraft:wheat_seeds":16,"minecraft:raw_gold":50,"minecraft:iron_ingot":11,"minecraft:moss_block":53,"minecraft:iron_sword":6,"minecraft:flowering_azalea":1,"minecraft:oak_planks":70,"minecraft:acacia_sapling":2,"minecraft:gravel":30,"minecraft:white_bed":1,"minecraft:spider_eye":2,"minecraft:pumpkin_seeds":6,"minecraft:diamond":14,"minecraft:stone_axe":1,"minecraft:granite":36,"minecraft:golden_apple":4,"minecraft:bread":16,"minecraft:oak_sapling":6,"minecraft:melon_seeds":4,"minecraft:coal":100},"minecraft:used":{"minecraft:moss_block":11,"minecraft:oak_sign":4,"minecraft:chest":7,"minecraft:shield":44,"minecraft:stone":50,"minecraft:iron_sword":326,"minecraft:rotten_flesh":1,"minecraft:iron_chestplate":2,"minecraft:oak_door":10,"minecraft:torch":157,"minecraft:dirt":17,"minecraft:acacia_sapling":2,"minecraft:granite":5,"minecraft:wooden_axe":54,"minecraft:melon_seeds":4,"minecraft:beef":2,"minecraft:oak_sapling":6,"minecraft:furnace":14,"minecraft:cooked_beef":20,"minecraft:cobbled_deepslate":47,"minecraft:wheat_seeds":9,"minecraft:water_bucket":6,"minecraft:diorite":1,"minecraft:stone_pickaxe":239,"minecraft:wooden_pickaxe":51,"minecraft:glow_berries":1,"minecraft:crafting_table":6,"minecraft:white_bed":2,"minecraft:wooden_hoe":19,"minecraft:iron_pickaxe":270,"minecraft:gravel":2,"minecraft:stone_axe":159,"minecraft:cobblestone":32,"minecraft:porkchop":3,"minecraft:andesite":11,"minecraft:bucket":6,"minecraft:bone_meal":9},"minecraft:mined":{"minecraft:tuff":1,"minecraft:oak_sapling":1,"minecraft:deepslate_diamond_ore":14,"minecraft:oak_door":10,"minecraft:cave_vines_plant":2,"minecraft:granite":38,"minecraft:acacia_log":81,"minecraft:grass_block":2,"minecraft:moss_block":23,"minecraft:oak_wall_sign":1,"minecraft:redstone_ore":1,"minecraft:furnace":5,"minecraft:iron_ore":19,"minecraft:cobbled_deepslate":4,"minecraft:andesite":11,"minecraft:moss_carpet":1,"minecraft:deepslate_lapis_ore":6,"minecraft:big_dripleaf_stem":5,"minecraft:pointed_dripstone":1,"minecraft:cave_vines":3,"minecraft:deepslate_iron_ore":44,"minecraft:vine":1,"minecraft:azalea":6,"minecraft:stone":156,"minecraft:deepslate_redstone_ore":35,"minecraft:acacia_leaves":9,"minecraft:flowering_azalea":1,"minecraft:oak_fence":4,"minecraft:clay":40,"minecraft:crafting_table":4,"minecraft:torch":5,"minecraft:short_grass":29,"minecraft:chest":2,"minecraft:tall_grass":4,"minecraft:cobblestone":3,"minecraft:deepslate_gold_ore":25,"minecraft:lapis_ore":10,"minecraft:wall_torch":4,"minecraft:big_dripleaf":12,"minecraft:wheat":2,"minecraft:coal_ore":80,"minecraft:oak_log":52,"minecraft:gravel":9,"minecraft:dirt":19,"minecraft:cobweb":17,"minecraft:small_dripleaf":3,"minecraft:gold_ore":5,"minecraft:oak_leaves":24,"minecraft:deepslate":52},"minecraft:custom":{"minecraft:mob_kills":42,"minecraft:interact_with_crafting_table":46,"minecraft:leave_game":8,"minecraft:time_since_death":1694,"minecraft:climb_one_cm":309,"minecraft:sprint_one_cm":142094,"minecraft:walk_one_cm":773696,"minecraft:damage_blocked_by_shield":1260,"minecraft:drop":15,"minecraft:play_time":179108,"minecraft:deaths":5,"minecraft:sneak_time":13384,"minecraft:walk_under_water_one_cm":23362,"minecraft:jump":1967,"minecraft:walk_on_water_one_cm":56017,"minecraft:total_world_time":179108,"minecraft:interact_with_furnace":60,"minecraft:sleep_in_bed":7,"minecraft:time_since_rest":1794,"minecraft:damage_taken":3153,"minecraft:damage_dealt":8151,"minecraft:fly_one_cm":53752,"minecraft:swim_one_cm":3310,"minecraft:open_chest":92,"minecraft:crouch_one_cm":24008,"minecraft:fall_one_cm":38405},"minecraft:killed_by":{"minecraft:creeper":1,"minecraft:skeleton":1,"minecraft:witch":1,"minecraft:zombie":1},"minecraft:killed":{"minecraft:cave_spider":3,"minecraft:spider":3,"minecraft:skeleton":6,"minecraft:pig":2,"minecraft:zombie_villager":1,"minecraft:zombie":24,"minecraft:cow":1}},"DataVersion":3953}