{"stats":{"minecraft:crafted":{"minecraft:white_bed":1,"minecraft:acacia_planks":12,"minecraft:crafting_table":1},"minecraft:picked_up":{"minecraft:crafting_table":2,"minecraft:wheat_seeds":1,"minecraft:acacia_log":5,"minecraft:bread":4,"minecraft:white_bed":3,"minecraft:white_wool":3,"minecraft:string":6,"minecraft:spider_eye":1,"minecraft:dirt":36},"minecraft:used":{"minecraft:dirt":9,"minecraft:crafting_table":1,"minecraft:bread":3,"minecraft:white_bed":3},"minecraft:mined":{"minecraft:short_grass":2,"minecraft:acacia_log":3,"minecraft:grass_block":1,"minecraft:white_bed":3,"minecraft:crafting_table":1},"minecraft:custom":{"minecraft:time_since_rest":334,"minecraft:crouch_one_cm":2226,"minecraft:play_time":31210,"minecraft:sprint_one_cm":48339,"minecraft:walk_one_cm":91198,"minecraft:damage_taken":1128,"minecraft:deaths":4,"minecraft:sneak_time":674,"minecraft:mob_kills":2,"minecraft:jump":315,"minecraft:damage_dealt":908,"minecraft:leave_game":1,"minecraft:time_since_death":154,"minecraft:walk_on_water_one_cm":730,"minecraft:sleep_in_bed":5,"minecraft:total_world_time":31210,"minecraft:interact_with_crafting_table":1,"minecraft:fly_one_cm":20633,"minecraft:fall_one_cm":2597,"minecraft:player_kills":2},"minecraft:killed_by":{"minecraft:spider":2,"minecraft:zombie":2},"minecraft:killed":{"minecraft:spider":1,"minecraft:zombie":1}},"DataVersion":3953}