{"stats":{"minecraft:crafted":{"minecraft:cooked_beef":5,"minecraft:coal_block":1,"minecraft:cooked_cod":5,"minecraft:oak_planks":88,"minecraft:cooked_porkchop":3,"minecraft:crafting_table":2,"minecraft:dried_kelp":20,"minecraft:wooden_pickaxe":1,"minecraft:cooked_chicken":7,"minecraft:furnace":1,"minecraft:oak_wood":3,"minecraft:stone_axe":2,"minecraft:oak_boat":2,"minecraft:stick":20,"minecraft:stone_pickaxe":1,"minecraft:wooden_axe":1,"minecraft:torch":48},"minecraft:mined":{"minecraft:spruce_planks":1,"minecraft:kelp_plant":6,"minecraft:crafting_table":7,"minecraft:torch":1,"minecraft:jungle_stairs":5,"minecraft:short_grass":20,"minecraft:spruce_fence":1,"minecraft:grass_block":7,"minecraft:jungle_planks":16,"minecraft:jungle_log":8,"minecraft:kelp":10,"minecraft:oxeye_daisy":1,"minecraft:spruce_stairs":2,"minecraft:seagrass":6,"minecraft:tall_seagrass":1,"minecraft:furnace":3,"minecraft:oak_log":23,"minecraft:coal_ore":21,"minecraft:gravel":4,"minecraft:dirt":3,"minecraft:stone":40,"minecraft:oak_leaves":9},"minecraft:custom":{"minecraft:interact_with_furnace":30,"minecraft:mob_kills":33,"minecraft:interact_with_crafting_table":8,"minecraft:leave_game":1,"minecraft:time_since_death":29941,"minecraft:time_since_rest":30036,"minecraft:sprint_one_cm":74328,"minecraft:damage_taken":1716,"minecraft:walk_one_cm":108030,"minecraft:drop":5,"minecraft:damage_dealt":3190,"minecraft:swim_one_cm":61470,"minecraft:fly_one_cm":60838,"minecraft:open_chest":7,"minecraft:crouch_one_cm":838,"minecraft:play_time":74318,"minecraft:deaths":1,"minecraft:sneak_time":436,"minecraft:walk_under_water_one_cm":34730,"minecraft:boat_one_cm":864485,"minecraft:jump":699,"minecraft:walk_on_water_one_cm":32739,"minecraft:total_world_time":74318,"minecraft:fall_one_cm":11947},"minecraft:used":{"minecraft:stone_pickaxe":47,"minecraft:dried_kelp":20,"minecraft:oak_planks":14,"minecraft:wooden_pickaxe":22,"minecraft:cooked_chicken":1,"minecraft:rotten_flesh":1,"minecraft:torch":4,"minecraft:dirt":10,"minecraft:crafting_table":7,"minecraft:carrot":13,"minecraft:wooden_axe":50,"minecraft:oxeye_daisy":1,"minecraft:suspicious_stew":1,"minecraft:leather_helmet":1,"minecraft:gravel":3,"minecraft:stone_axe":138,"minecraft:cooked_porkchop":1,"minecraft:furnace":3,"minecraft:cooked_cod":5,"minecraft:oak_boat":2,"minecraft:cooked_beef":3},"minecraft:broken":{"minecraft:stone_axe":1},"minecraft:dropped":{"minecraft:wheat_seeds":3,"minecraft:carrot":13,"minecraft:potato":3},"minecraft:picked_up":{"minecraft:crafting_table":7,"minecraft:wheat":26,"minecraft:feather":10,"minecraft:cooked_beef":2,"minecraft:chicken":7,"minecraft:suspicious_stew":1,"minecraft:jungle_log":8,"minecraft:leather":4,"minecraft:flint":2,"minecraft:oak_log":23,"minecraft:paper":9,"minecraft:dirt":10,"minecraft:string":4,"minecraft:bone":8,"minecraft:kelp":23,"minecraft:wheat_seeds":3,"minecraft:spruce_planks":1,"minecraft:beef":5,"minecraft:stone_pickaxe":1,"minecraft:cooked_chicken":6,"minecraft:oak_planks":69,"minecraft:furnace":4,"minecraft:stick":2,"minecraft:cooked_porkchop":24,"minecraft:torch":46,"minecraft:spruce_stairs":2,"minecraft:spruce_fence":1,"minecraft:gravel":3,"minecraft:jungle_planks":16,"minecraft:porkchop":14,"minecraft:carrot":23,"minecraft:leather_helmet":1,"minecraft:arrow":4,"minecraft:rotten_flesh":1,"minecraft:stone_axe":1,"minecraft:jungle_stairs":3,"minecraft:cod":5,"minecraft:coal":21,"minecraft:cobblestone":55,"minecraft:oxeye_daisy":1},"minecraft:killed":{"minecraft:pig":10,"minecraft:spider":1,"minecraft:cod":5,"minecraft:skeleton":3,"minecraft:zombie":3,"minecraft:chicken":7,"minecraft:cow":4}},"DataVersion":3955}