{"stats":{"minecraft:crafted":{"minecraft:oak_planks":52,"minecraft:crafting_table":4,"minecraft:stick":60,"minecraft:wooden_pickaxe":2,"minecraft:stone_pickaxe":2,"minecraft:wooden_axe":1,"minecraft:furnace":1,"minecraft:acacia_planks":56,"minecraft:stone_axe":2,"minecraft:bread":15,"minecraft:wheat":45},"minecraft:dropped":{"minecraft:wheat_seeds":4,"minecraft:wooden_axe":2,"minecraft:wooden_pickaxe":3},"minecraft:picked_up":{"minecraft:wooden_axe":2,"minecraft:crafting_table":2,"minecraft:wooden_pickaxe":2,"minecraft:acacia_log":14,"minecraft:oak_log":13,"minecraft:dirt":3,"minecraft:arrow":2,"minecraft:acacia_planks":1,"minecraft:wheat_seeds":4,"minecraft:hay_block":5,"minecraft:bread":6,"minecraft:oak_sapling":1,"minecraft:mutton":4,"minecraft:birch_sapling":1,"minecraft:coal":13,"minecraft:acacia_sapling":1,"minecraft:white_wool":2,"minecraft:cobblestone":25},"minecraft:used":{"minecraft:wooden_axe":25,"minecraft:bread":6,"minecraft:stone_pickaxe":18,"minecraft:birch_sapling":1,"minecraft:oak_planks":3,"minecraft:wooden_pickaxe":20,"minecraft:stone_axe":10,"minecraft:dirt":3,"minecraft:cobblestone":2,"minecraft:crafting_table":6,"minecraft:oak_sapling":1,"minecraft:furnace":1,"minecraft:acacia_sapling":1,"minecraft:acacia_planks":1},"minecraft:mined":{"minecraft:hay_block":5,"minecraft:acacia_leaves":5,"minecraft:birch_leaves":3,"minecraft:crafting_table":2,"minecraft:short_grass":10,"minecraft:acacia_log":17,"minecraft:oak_log":7,"minecraft:grass_block":2,"minecraft:coal_ore":13,"minecraft:stone":25,"minecraft:acacia_planks":1,"minecraft:oak_leaves":8},"minecraft:custom":{"minecraft:time_since_rest":2765,"minecraft:interact_with_furnace":2,"minecraft:sprint_one_cm":38001,"minecraft:damage_taken":1365,"minecraft:walk_one_cm":110128,"minecraft:mob_kills":3,"minecraft:drop":9,"minecraft:damage_dealt":410,"minecraft:interact_with_crafting_table":8,"minecraft:fly_one_cm":10478,"minecraft:crouch_one_cm":377,"minecraft:play_time":25537,"minecraft:deaths":3,"minecraft:sneak_time":62,"minecraft:walk_under_water_one_cm":1129,"minecraft:jump":259,"minecraft:leave_game":1,"minecraft:time_since_death":2720,"minecraft:walk_on_water_one_cm":2137,"minecraft:total_world_time":25537,"minecraft:fall_one_cm":11820},"minecraft:killed_by":{"minecraft:skeleton":1,"minecraft:creeper":1},"minecraft:killed":{"minecraft:sheep":2,"minecraft:skeleton":1}},"DataVersion":3953}