{"stats":{"minecraft:crafted":{"minecraft:oak_planks":48,"minecraft:stone_shovel":4,"minecraft:leather_boots":1,"minecraft:furnace":1,"minecraft:iron_boots":1,"minecraft:iron_axe":1,"minecraft:stone_pickaxe":4,"minecraft:chest":1,"minecraft:cooked_beef":18,"minecraft:acacia_wood":3,"minecraft:emerald":4,"minecraft:cooked_porkchop":30,"minecraft:crafting_table":7,"minecraft:wooden_pickaxe":2,"minecraft:iron_helmet":1,"minecraft:iron_sword":2,"minecraft:stone_axe":1,"minecraft:iron_chestplate":1,"minecraft:shield":1,"minecraft:stick":104,"minecraft:iron_pickaxe":3,"minecraft:wooden_axe":1,"minecraft:iron_leggings":1,"minecraft:white_bed":1,"minecraft:acacia_planks":232,"minecraft:torch":140,"minecraft:shears":1},"minecraft:dropped":{"minecraft:iron_ingot":16,"minecraft:short_grass":1,"minecraft:wheat_seeds":13,"minecraft:cooked_beef":7,"minecraft:glow_ink_sac":3,"minecraft:cooked_porkchop":2,"minecraft:cobblestone":81,"minecraft:granite":8,"minecraft:dirt":98,"minecraft:diorite":2,"minecraft:torch":2,"minecraft:gold_nugget":7,"minecraft:glistering_melon_slice":12,"minecraft:iron_pickaxe":1,"minecraft:string":3,"minecraft:acacia_planks":67,"minecraft:bone":2,"minecraft:gravel":26,"minecraft:stone_axe":3,"minecraft:cobbled_deepslate":3,"minecraft:raw_copper":4,"minecraft:raw_iron":12,"minecraft:stone_shovel":2,"minecraft:rotten_flesh":4,"minecraft:oak_planks":1,"minecraft:iron_chestplate":1,"minecraft:andesite":9,"minecraft:arrow":1,"minecraft:stone_pickaxe":3},"minecraft:broken":{"minecraft:wooden_pickaxe":1,"minecraft:stone_pickaxe":2,"minecraft:iron_pickaxe":1,"minecraft:stone_shovel":2},"minecraft:picked_up":{"minecraft:iron_chestplate":3,"minecraft:crafting_table":4,"minecraft:chicken":5,"minecraft:shield":2,"minecraft:string":3,"minecraft:raw_copper":6,"minecraft:iron_axe":4,"minecraft:iron_leggings":2,"minecraft:cobbled_deepslate":3,"minecraft:beef":18,"minecraft:iron_pickaxe":2,"minecraft:iron_boots":2,"minecraft:furnace":3,"minecraft:raw_iron":44,"minecraft:stick":105,"minecraft:torch":64,"minecraft:acacia_log":59,"minecraft:porkchop":30,"minecraft:pointed_dripstone":12,"minecraft:diorite":6,"minecraft:rotten_flesh":6,"minecraft:arrow":6,"minecraft:glistering_melon_slice":15,"minecraft:mutton":17,"minecraft:white_wool":18,"minecraft:cobblestone":1094,"minecraft:feather":5,"minecraft:cooked_beef":12,"minecraft:glow_ink_sac":3,"minecraft:andesite":9,"minecraft:brown_wool":1,"minecraft:leather":11,"minecraft:flint":5,"minecraft:oak_log":20,"minecraft:dirt":864,"minecraft:bone":5,"minecraft:acacia_planks":310,"minecraft:wheat_seeds":22,"minecraft:raw_gold":23,"minecraft:iron_ingot":237,"minecraft:stone_pickaxe":2,"minecraft:acacia_sapling":3,"minecraft:cooked_porkchop":58,"minecraft:gravel":42,"minecraft:white_bed":1,"minecraft:spider_eye":2,"minecraft:diamond":1,"minecraft:stone_axe":3,"minecraft:short_grass":1,"minecraft:iron_helmet":2,"minecraft:granite":8,"minecraft:gray_wool":1,"minecraft:oak_sapling":17,"minecraft:coal":148},"minecraft:used":{"minecraft:stone_shovel":460,"minecraft:chest":1,"minecraft:shield":117,"minecraft:iron_sword":86,"minecraft:torch":119,"minecraft:dirt":122,"minecraft:acacia_sapling":2,"minecraft:iron_axe":93,"minecraft:furnace":1,"minecraft:cooked_beef":10,"minecraft:acacia_planks":7,"minecraft:stone_pickaxe":324,"minecraft:wooden_pickaxe":59,"minecraft:crafting_table":8,"minecraft:white_bed":1,"minecraft:shears":1,"minecraft:iron_pickaxe":515,"minecraft:stone_axe":94,"minecraft:cobblestone":212,"minecraft:cooked_porkchop":5},"minecraft:mined":{"minecraft:white_bed":1,"minecraft:granite":8,"minecraft:acacia_log":61,"minecraft:grass_block":163,"minecraft:furnace":1,"minecraft:iron_ore":27,"minecraft:andesite":12,"minecraft:pointed_dripstone":2,"minecraft:deepslate_iron_ore":5,"minecraft:dirt_path":1,"minecraft:stone":579,"minecraft:acacia_leaves":22,"minecraft:crafting_table":4,"minecraft:torch":18,"minecraft:short_grass":74,"minecraft:emerald_ore":1,"minecraft:cobblestone":30,"minecraft:copper_ore":2,"minecraft:diorite":45,"minecraft:wall_torch":15,"minecraft:coal_ore":112,"minecraft:oak_log":20,"minecraft:gravel":46,"minecraft:dirt":311,"minecraft:gold_ore":14,"minecraft:oak_leaves":4,"minecraft:deepslate":1},"minecraft:custom":{"minecraft:mob_kills":61,"minecraft:interact_with_crafting_table":24,"minecraft:leave_game":6,"minecraft:time_since_death":7485,"minecraft:sprint_one_cm":284391,"minecraft:walk_one_cm":385169,"minecraft:damage_blocked_by_shield":3375,"minecraft:drop":80,"minecraft:talked_to_villager":1,"minecraft:play_time":177759,"minecraft:deaths":5,"minecraft:sneak_time":27453,"minecraft:walk_under_water_one_cm":4994,"minecraft:jump":1937,"minecraft:walk_on_water_one_cm":24190,"minecraft:total_world_time":177759,"minecraft:interact_with_furnace":11,"minecraft:traded_with_villager":4,"minecraft:sleep_in_bed":2,"minecraft:time_since_rest":7543,"minecraft:damage_taken":2459,"minecraft:damage_dealt":7253,"minecraft:swim_one_cm":22062,"minecraft:fly_one_cm":79477,"minecraft:open_chest":19,"minecraft:crouch_one_cm":32348,"minecraft:fall_one_cm":34911},"minecraft:killed_by":{"minecraft:player":2,"minecraft:zombie":1},"minecraft:killed":{"minecraft:armadillo":1,"minecraft:spider":4,"minecraft:skeleton":4,"minecraft:chicken":5,"minecraft:pig":12,"minecraft:sheep":13,"minecraft:zombie":10,"minecraft:glow_squid":1,"minecraft:cow":10}},"DataVersion":3953}