{"stats":{"minecraft:crafted":{"minecraft:oak_planks":72,"minecraft:cooked_porkchop":10,"minecraft:crafting_table":4,"minecraft:wooden_pickaxe":2,"minecraft:cooked_chicken":5,"minecraft:furnace":3,"minecraft:stone_axe":3,"minecraft:bread":63,"minecraft:shield":1,"minecraft:stick":60,"minecraft:iron_pickaxe":1,"minecraft:stone_pickaxe":3,"minecraft:wooden_axe":3,"minecraft:stone_sword":1,"minecraft:acacia_planks":92,"minecraft:torch":4,"minecraft:wheat":189},"minecraft:dropped":{"minecraft:wheat_seeds":11,"minecraft:fletching_table":1,"minecraft:wooden_axe":4,"minecraft:melon_seeds":3,"minecraft:stone_pickaxe":2,"minecraft:wooden_pickaxe":5},"minecraft:broken":{"minecraft:wooden_axe":1},"minecraft:picked_up":{"minecraft:wooden_axe":3,"minecraft:crafting_table":10,"minecraft:feather":8,"minecraft:cooked_beef":6,"minecraft:chicken":5,"minecraft:leather":19,"minecraft:wooden_pickaxe":3,"minecraft:oak_log":18,"minecraft:brewing_stand":1,"minecraft:dirt":8,"minecraft:paper":12,"minecraft:compass":2,"minecraft:acacia_planks":77,"minecraft:wheat_seeds":13,"minecraft:bucket":2,"minecraft:iron_ingot":4,"minecraft:beef":41,"minecraft:stone_pickaxe":3,"minecraft:cooked_chicken":10,"minecraft:poppy":1,"minecraft:fletching_table":2,"minecraft:melon_slice":266,"minecraft:oak_planks":21,"minecraft:birch_sapling":1,"minecraft:acacia_sapling":2,"minecraft:furnace":6,"minecraft:stick":76,"minecraft:cooked_porkchop":20,"minecraft:pumpkin":1,"minecraft:dandelion":1,"minecraft:acacia_log":23,"minecraft:porkchop":10,"minecraft:orange_bed":4,"minecraft:arrow":2,"minecraft:stone_axe":2,"minecraft:hay_block":52,"minecraft:emerald":4,"minecraft:bread":114,"minecraft:oak_sapling":2,"minecraft:melon_seeds":3,"minecraft:mutton":4,"minecraft:cobblestone":109,"minecraft:coal":50,"minecraft:white_wool":2},"minecraft:used":{"minecraft:stone_sword":61,"minecraft:stone_pickaxe":45,"minecraft:poppy":1,"minecraft:oak_planks":3,"minecraft:shield":11,"minecraft:wooden_pickaxe":40,"minecraft:fletching_table":1,"minecraft:orange_bed":3,"minecraft:dirt":8,"minecraft:crafting_table":11,"minecraft:acacia_sapling":1,"minecraft:wooden_axe":72,"minecraft:melon_slice":4,"minecraft:bread":16,"minecraft:birch_sapling":1,"minecraft:iron_pickaxe":47,"minecraft:stone_axe":85,"minecraft:cobblestone":13,"minecraft:oak_sapling":1,"minecraft:furnace":3,"minecraft:bucket":1,"minecraft:dandelion":1,"minecraft:acacia_planks":6},"minecraft:mined":{"minecraft:acacia_leaves":10,"minecraft:brewing_stand":1,"minecraft:crafting_table":8,"minecraft:short_grass":28,"minecraft:acacia_log":26,"minecraft:grass_block":4,"minecraft:melon":33,"minecraft:cobblestone":4,"minecraft:hay_block":55,"minecraft:furnace":2,"minecraft:wheat":5,"minecraft:birch_leaves":3,"minecraft:pumpkin":1,"minecraft:fletching_table":2,"minecraft:coal_ore":50,"minecraft:oak_log":12,"minecraft:dirt_path":2,"minecraft:dirt":1,"minecraft:acacia_planks":1,"minecraft:stone":72,"minecraft:oak_leaves":9,"minecraft:orange_bed":4},"minecraft:custom":{"minecraft:interact_with_furnace":11,"minecraft:mob_kills":34,"minecraft:interact_with_crafting_table":15,"minecraft:bell_ring":4,"minecraft:leave_game":2,"minecraft:time_since_death":35533,"minecraft:sleep_in_bed":10,"minecraft:time_since_rest":1712,"minecraft:sprint_one_cm":234635,"minecraft:damage_taken":2193,"minecraft:walk_one_cm":398775,"minecraft:damage_blocked_by_shield":299,"minecraft:drop":21,"minecraft:damage_dealt":3924,"minecraft:swim_one_cm":6957,"minecraft:talked_to_villager":8,"minecraft:fly_one_cm":84904,"minecraft:open_chest":11,"minecraft:crouch_one_cm":2441,"minecraft:play_time":87268,"minecraft:deaths":5,"minecraft:sneak_time":1809,"minecraft:walk_under_water_one_cm":2710,"minecraft:jump":1005,"minecraft:walk_on_water_one_cm":9770,"minecraft:total_world_time":87268,"minecraft:fall_one_cm":22628,"minecraft:horse_one_cm":1875},"minecraft:killed_by":{"minecraft:skeleton":1,"minecraft:creeper":1,"minecraft:iron_golem":2},"minecraft:killed":{"minecraft:pig":6,"minecraft:iron_golem":1,"minecraft:sheep":2,"minecraft:skeleton":2,"minecraft:chicken":5,"minecraft:cow":18}},"DataVersion":3953}