{"stats":{"minecraft:crafted":{"minecraft:oak_planks":80,"minecraft:crafting_table":6,"minecraft:stick":4,"minecraft:wooden_axe":8,"minecraft:chest":3,"minecraft:white_bed":1,"minecraft:acacia_planks":96},"minecraft:dropped":{"minecraft:oak_planks":113},"minecraft:broken":{"minecraft:wooden_axe":1},"minecraft:picked_up":{"minecraft:pink_petals":7,"minecraft:crafting_table":5,"minecraft:azure_bluet":4,"minecraft:potato":4,"minecraft:flint":3,"minecraft:oak_log":35,"minecraft:brewing_stand":1,"minecraft:yellow_bed":5,"minecraft:dirt":193,"minecraft:string":6,"minecraft:acacia_door":1,"minecraft:bone":3,"minecraft:apple":1,"minecraft:wheat_seeds":14,"minecraft:beef":1,"minecraft:fletching_table":1,"minecraft:sugar_cane":6,"minecraft:chest":3,"minecraft:oak_planks":166,"minecraft:stone_hoe":1,"minecraft:stick":12,"minecraft:pumpkin":10,"minecraft:torch":1,"minecraft:acacia_log":33,"minecraft:porkchop":4,"minecraft:cherry_log":43,"minecraft:blast_furnace":1,"minecraft:white_bed":4,"minecraft:spider_eye":1,"minecraft:mossy_cobblestone":1,"minecraft:arrow":1,"minecraft:rotten_flesh":6,"minecraft:hay_block":71,"minecraft:bread":43,"minecraft:emerald":2,"minecraft:mutton":13,"minecraft:white_wool":3,"minecraft:cobblestone":2},"minecraft:used":{"minecraft:acacia_log":1,"minecraft:oak_planks":3,"minecraft:chest":5,"minecraft:dirt":10,"minecraft:crafting_table":7,"minecraft:white_bed":3,"minecraft:wooden_axe":171,"minecraft:bread":6,"minecraft:yellow_bed":5},"minecraft:mined":{"minecraft:white_bed":3,"minecraft:cherry_log":48,"minecraft:crafting_table":3,"minecraft:short_grass":12,"minecraft:acacia_log":33,"minecraft:grass_block":7,"minecraft:chest":2,"minecraft:oak_planks":4,"minecraft:pink_petals":4,"minecraft:hay_block":8,"minecraft:wheat":1,"minecraft:azure_bluet":2,"minecraft:yellow_bed":4,"minecraft:potatoes":2,"minecraft:oak_log":35,"minecraft:cherry_leaves":16,"minecraft:acacia_door":1,"minecraft:dirt":13,"minecraft:oak_leaves":1},"minecraft:custom":{"minecraft:mob_kills":2,"minecraft:interact_with_crafting_table":11,"minecraft:leave_game":1,"minecraft:time_since_death":36154,"minecraft:sleep_in_bed":8,"minecraft:time_since_rest":4407,"minecraft:sprint_one_cm":92094,"minecraft:damage_taken":1298,"minecraft:walk_one_cm":205848,"minecraft:drop":2,"minecraft:damage_dealt":1113,"minecraft:fly_one_cm":35979,"minecraft:player_kills":2,"minecraft:open_chest":5,"minecraft:crouch_one_cm":5999,"minecraft:play_time":67210,"minecraft:deaths":4,"minecraft:sneak_time":1387,"minecraft:walk_under_water_one_cm":148,"minecraft:jump":597,"minecraft:walk_on_water_one_cm":1003,"minecraft:total_world_time":67210,"minecraft:fall_one_cm":6329},"minecraft:killed_by":{"minecraft:spider":2,"minecraft:zombie":2},"minecraft:killed":{"minecraft:spider":1,"minecraft:zombie":1}},"DataVersion":3953}