{"stats":{"minecraft:crafted":{"minecraft:oak_planks":280,"minecraft:cooked_chicken":5,"minecraft:furnace":6,"minecraft:cooked_mutton":9,"minecraft:iron_boots":1,"minecraft:stone_pickaxe":3,"minecraft:chest":1,"minecraft:wheat":468,"minecraft:cooked_beef":34,"minecraft:coal_block":2,"minecraft:cooked_porkchop":10,"minecraft:diamond_axe":1,"minecraft:crafting_table":4,"minecraft:wooden_pickaxe":2,"minecraft:iron_helmet":2,"minecraft:iron_sword":2,"minecraft:stone_axe":3,"minecraft:bread":156,"minecraft:jungle_planks":8,"minecraft:iron_chestplate":1,"minecraft:shield":1,"minecraft:stick":148,"minecraft:iron_ingot":136,"minecraft:iron_pickaxe":2,"minecraft:wooden_axe":3,"minecraft:stone_sword":1,"minecraft:iron_block":3,"minecraft:gold_ingot":24,"minecraft:iron_leggings":1,"minecraft:anvil":1,"minecraft:white_bed":1,"minecraft:acacia_planks":328,"minecraft:torch":352},"minecraft:dropped":{"minecraft:water_bucket":1,"minecraft:bread":3,"minecraft:iron_sword":2,"minecraft:moss_block":1,"minecraft:porkchop":2,"minecraft:wheat_seeds":18,"minecraft:lapis_lazuli":9,"minecraft:cooked_beef":56,"minecraft:oak_log":13,"minecraft:glow_berries":1,"minecraft:leather":19,"minecraft:granite":1,"minecraft:fletching_table":1,"minecraft:stripped_jungle_log":2,"minecraft:tropical_fish":1,"minecraft:coal":192,"minecraft:cod":2,"minecraft:stick":29,"minecraft:emerald":2,"minecraft:dirt":22,"minecraft:torch":17,"minecraft:wooden_axe":4,"minecraft:melon_slice":26,"minecraft:jungle_sapling":8,"minecraft:flowering_azalea":2,"minecraft:iron_pickaxe":1,"minecraft:iron_shovel":2,"minecraft:chainmail_leggings":1,"minecraft:tripwire_hook":2,"minecraft:acacia_planks":128,"minecraft:bone":28,"minecraft:redstone":1,"minecraft:stone_axe":1,"minecraft:stone_sword":3,"minecraft:cobbled_deepslate":7,"minecraft:cocoa_beans":15,"minecraft:raw_iron":101,"minecraft:rotten_flesh":14,"minecraft:light_gray_wool":1,"minecraft:clay_ball":29,"minecraft:oak_planks":19,"minecraft:iron_boots":1,"minecraft:big_dripleaf":4,"minecraft:andesite":2,"minecraft:jungle_log":365,"minecraft:melon_seeds":3,"minecraft:spider_eye":2,"minecraft:bamboo":2,"minecraft:wooden_pickaxe":5,"minecraft:bow":3,"minecraft:arrow":1,"minecraft:stone_pickaxe":2,"minecraft:iron_ingot":4},"minecraft:broken":{"minecraft:iron_pickaxe":2,"minecraft:iron_helmet":1,"minecraft:wooden_axe":1},"minecraft:picked_up":{"minecraft:wooden_axe":3,"minecraft:fishing_rod":1,"minecraft:cocoa_beans":15,"minecraft:crafting_table":16,"minecraft:chicken":5,"minecraft:clay_ball":29,"minecraft:wooden_pickaxe":3,"minecraft:brewing_stand":1,"minecraft:shield":2,"minecraft:string":8,"minecraft:moss_carpet":5,"minecraft:compass":4,"minecraft:iron_shovel":2,"minecraft:cobbled_deepslate":44,"minecraft:bucket":2,"minecraft:beef":161,"minecraft:jungle_sapling":17,"minecraft:azalea":1,"minecraft:poppy":3,"minecraft:iron_pickaxe":3,"minecraft:light_gray_wool":1,"minecraft:melon_slice":496,"minecraft:coal_block":1,"minecraft:birch_sapling":1,"minecraft:furnace":16,"minecraft:stick":125,"minecraft:raw_iron":275,"minecraft:big_dripleaf":19,"minecraft:torch":45,"minecraft:acacia_log":82,"minecraft:porkchop":15,"minecraft:diorite":6,"minecraft:carrot":1,"minecraft:redstone":4,"minecraft:orange_bed":9,"minecraft:stone_sword":4,"minecraft:arrow":19,"minecraft:rotten_flesh":17,"minecraft:tropical_fish":3,"minecraft:hay_block":114,"minecraft:glistering_melon_slice":9,"minecraft:glow_berries":1,"minecraft:mutton":21,"minecraft:cod":2,"minecraft:white_wool":5,"minecraft:cobblestone":428,"minecraft:feather":8,"minecraft:cooked_beef":30,"minecraft:andesite":3,"minecraft:tripwire_hook":4,"minecraft:water_bucket":1,"minecraft:jungle_log":400,"minecraft:leather":57,"minecraft:tuff":1,"minecraft:oak_log":97,"minecraft:cobblestone_stairs":1,"minecraft:lapis_lazuli":137,"minecraft:dirt":52,"minecraft:paper":20,"minecraft:bone":31,"minecraft:acacia_planks":219,"minecraft:apple":2,"minecraft:bow":5,"minecraft:wheat_seeds":20,"minecraft:raw_gold":60,"minecraft:iron_ingot":41,"minecraft:stone_pickaxe":3,"minecraft:cooked_chicken":15,"minecraft:fletching_table":2,"minecraft:bamboo":12,"minecraft:moss_block":19,"minecraft:acacia_sapling":2,"minecraft:iron_sword":1,"minecraft:oak_planks":94,"minecraft:flowering_azalea":4,"minecraft:cooked_porkchop":40,"minecraft:pumpkin":3,"minecraft:dandelion":1,"minecraft:gravel":1,"minecraft:white_bed":7,"minecraft:spider_eye":2,"minecraft:mossy_cobblestone":3,"minecraft:stripped_jungle_log":4,"minecraft:diamond":42,"minecraft:stone_axe":3,"minecraft:granite":1,"minecraft:bone_meal":1,"minecraft:emerald":7,"minecraft:bread":223,"minecraft:oak_sapling":7,"minecraft:melon_seeds":3,"minecraft:coal":411,"minecraft:sunflower":3},"minecraft:used":{"minecraft:azalea":1,"minecraft:moss_block":18,"minecraft:moss_carpet":5,"minecraft:stone_sword":123,"minecraft:redstone":3,"minecraft:poppy":3,"minecraft:chest":1,"minecraft:shield":98,"minecraft:iron_sword":389,"minecraft:cooked_chicken":4,"minecraft:rotten_flesh":1,"minecraft:orange_bed":7,"minecraft:torch":372,"minecraft:dirt":30,"minecraft:jungle_planks":2,"minecraft:carrot":1,"minecraft:tuff":1,"minecraft:acacia_sapling":1,"minecraft:big_dripleaf":13,"minecraft:jungle_sapling":9,"minecraft:wooden_axe":72,"minecraft:flowering_azalea":2,"minecraft:birch_sapling":1,"minecraft:jungle_log":35,"minecraft:bamboo":10,"minecraft:bow":1,"minecraft:oak_sapling":4,"minecraft:furnace":16,"minecraft:acacia_planks":6,"minecraft:cobbled_deepslate":14,"minecraft:water_bucket":9,"minecraft:diorite":6,"minecraft:cobblestone_stairs":1,"minecraft:stone_pickaxe":45,"minecraft:oak_planks":3,"minecraft:wooden_pickaxe":40,"minecraft:diamond_axe":639,"minecraft:fletching_table":1,"minecraft:mossy_cobblestone":3,"minecraft:crafting_table":17,"minecraft:white_bed":8,"minecraft:oak_log":14,"minecraft:sunflower":3,"minecraft:bread":90,"minecraft:melon_slice":46,"minecraft:iron_pickaxe":876,"minecraft:gravel":1,"minecraft:stone_axe":89,"minecraft:coal_block":1,"minecraft:fishing_rod":25,"minecraft:cobblestone":204,"minecraft:bucket":11,"minecraft:andesite":1,"minecraft:dandelion":1},"minecraft:mined":{"minecraft:tuff":2,"minecraft:white_bed":6,"minecraft:mossy_cobblestone":3,"minecraft:deepslate_diamond_ore":39,"minecraft:cobblestone_stairs":1,"minecraft:jungle_leaves":36,"minecraft:brewing_stand":1,"minecraft:cave_vines_plant":1,"minecraft:granite":1,"minecraft:acacia_log":26,"minecraft:grass_block":10,"minecraft:jungle_log":400,"minecraft:redstone_wire":4,"minecraft:coal_block":1,"minecraft:moss_block":11,"minecraft:hay_block":55,"minecraft:furnace":10,"minecraft:iron_ore":137,"minecraft:cobbled_deepslate":3,"minecraft:andesite":3,"minecraft:pumpkin":1,"minecraft:deepslate_lapis_ore":11,"minecraft:fletching_table":2,"minecraft:big_dripleaf_stem":3,"minecraft:vine":66,"minecraft:dirt_path":2,"minecraft:deepslate_iron_ore":76,"minecraft:stripped_jungle_log":2,"minecraft:bamboo":4,"minecraft:azalea":3,"minecraft:stone":266,"minecraft:tripwire":1,"minecraft:orange_bed":7,"minecraft:acacia_leaves":10,"minecraft:flowering_azalea":2,"minecraft:torch":15,"minecraft:clay":4,"minecraft:crafting_table":12,"minecraft:short_grass":68,"minecraft:emerald_ore":1,"minecraft:melon":33,"minecraft:cobblestone":34,"minecraft:tall_grass":1,"minecraft:deepslate_gold_ore":22,"minecraft:lapis_ore":13,"minecraft:oak_planks":1,"minecraft:wall_torch":5,"minecraft:big_dripleaf":2,"minecraft:wheat":5,"minecraft:birch_leaves":3,"minecraft:coal_ore":251,"minecraft:oak_log":69,"minecraft:sunflower":3,"minecraft:gravel":1,"minecraft:dirt":16,"minecraft:tripwire_hook":4,"minecraft:acacia_planks":1,"minecraft:small_dripleaf":2,"minecraft:gold_ore":38,"minecraft:oak_leaves":63,"minecraft:deepslate":32,"minecraft:fern":6},"minecraft:custom":{"minecraft:mob_kills":91,"minecraft:interact_with_crafting_table":41,"minecraft:bell_ring":4,"minecraft:leave_game":7,"minecraft:time_since_death":238272,"minecraft:climb_one_cm":10080,"minecraft:sprint_one_cm":692632,"minecraft:walk_one_cm":1328108,"minecraft:damage_blocked_by_shield":3353,"minecraft:drop":183,"minecraft:talked_to_villager":8,"minecraft:play_time":360667,"minecraft:deaths":7,"minecraft:sneak_time":19800,"minecraft:walk_under_water_one_cm":27615,"minecraft:jump":5053,"minecraft:walk_on_water_one_cm":105459,"minecraft:total_world_time":360667,"minecraft:interact_with_furnace":122,"minecraft:sleep_in_bed":31,"minecraft:time_since_rest":18604,"minecraft:damage_taken":6481,"minecraft:damage_dealt":14295,"minecraft:swim_one_cm":29060,"minecraft:fly_one_cm":379984,"minecraft:open_chest":69,"minecraft:crouch_one_cm":43340,"minecraft:fish_caught":3,"minecraft:fall_one_cm":82836,"minecraft:inspect_dispenser":2,"minecraft:horse_one_cm":1875},"minecraft:killed_by":{"minecraft:creeper":1,"minecraft:iron_golem":2,"minecraft:skeleton":1,"minecraft:zombie":2},"minecraft:killed":{"minecraft:spider":6,"minecraft:skeleton":25,"minecraft:chicken":5,"minecraft:pig":6,"minecraft:iron_golem":1,"minecraft:sheep":6,"minecraft:zombie":21,"minecraft:enderman":1,"minecraft:cow":19}},"DataVersion":3953}