{"stats":{"minecraft:crafted":{"minecraft:oak_planks":280,"minecraft:cooked_chicken":5,"minecraft:furnace":6,"minecraft:bone_meal":6,"minecraft:cooked_mutton":9,"minecraft:iron_boots":1,"minecraft:stone_pickaxe":3,"minecraft:chest":1,"minecraft:wheat":468,"minecraft:cooked_beef":34,"minecraft:coal_block":2,"minecraft:cooked_porkchop":10,"minecraft:diamond_axe":1,"minecraft:crafting_table":4,"minecraft:iron_helmet":2,"minecraft:wooden_pickaxe":2,"minecraft:iron_sword":2,"minecraft:stone_axe":3,"minecraft:bread":156,"minecraft:jungle_planks":8,"minecraft:iron_chestplate":1,"minecraft:shield":1,"minecraft:stick":220,"minecraft:iron_ingot":136,"minecraft:iron_pickaxe":2,"minecraft:wooden_axe":3,"minecraft:stone_sword":1,"minecraft:iron_block":3,"minecraft:gold_ingot":24,"minecraft:iron_leggings":1,"minecraft:anvil":1,"minecraft:white_bed":1,"minecraft:acacia_planks":328,"minecraft:torch":512},"minecraft:dropped":{"minecraft:water_bucket":1,"minecraft:iron_sword":2,"minecraft:moss_block":1,"minecraft:porkchop":2,"minecraft:wheat_seeds":26,"minecraft:lapis_lazuli":9,"minecraft:cooked_beef":56,"minecraft:oak_log":13,"minecraft:glow_berries":1,"minecraft:leather":19,"minecraft:granite":1,"minecraft:fletching_table":1,"minecraft:stripped_jungle_log":2,"minecraft:tropical_fish":4,"minecraft:coal":192,"minecraft:cod":2,"minecraft:emerald":2,"minecraft:stick":29,"minecraft:dirt":22,"minecraft:torch":17,"minecraft:wooden_axe":4,"minecraft:melon_slice":26,"minecraft:jungle_sapling":8,"minecraft:flowering_azalea":2,"minecraft:iron_pickaxe":1,"minecraft:iron_shovel":2,"minecraft:chainmail_leggings":1,"minecraft:tripwire_hook":2,"minecraft:acacia_planks":158,"minecraft:bone":28,"minecraft:redstone":1,"minecraft:stone_axe":1,"minecraft:cobbled_deepslate":7,"minecraft:stone_sword":3,"minecraft:cocoa_beans":15,"minecraft:raw_iron":101,"minecraft:rotten_flesh":17,"minecraft:light_gray_wool":1,"minecraft:clay_ball":29,"minecraft:oak_planks":19,"minecraft:iron_boots":1,"minecraft:big_dripleaf":4,"minecraft:melon_seeds":3,"minecraft:andesite":2,"minecraft:jungle_log":365,"minecraft:spider_eye":3,"minecraft:bamboo":2,"minecraft:arrow":1,"minecraft:stone_pickaxe":2,"minecraft:bow":3,"minecraft:wooden_pickaxe":5,"minecraft:bread":3,"minecraft:iron_ingot":4},"minecraft:broken":{"minecraft:iron_pickaxe":3,"minecraft:iron_helmet":1,"minecraft:wooden_axe":1},"minecraft:picked_up":{"minecraft:wooden_axe":3,"minecraft:fishing_rod":2,"minecraft:cocoa_beans":15,"minecraft:crafting_table":16,"minecraft:iron_chestplate":1,"minecraft:wheat":3,"minecraft:chicken":5,"minecraft:clay_ball":29,"minecraft:wooden_pickaxe":3,"minecraft:brewing_stand":1,"minecraft:shield":3,"minecraft:string":17,"minecraft:moss_carpet":5,"minecraft:iron_leggings":1,"minecraft:compass":4,"minecraft:iron_shovel":2,"minecraft:cobbled_deepslate":66,"minecraft:bucket":2,"minecraft:beef":162,"minecraft:jungle_sapling":17,"minecraft:azalea":1,"minecraft:poppy":3,"minecraft:iron_pickaxe":5,"minecraft:light_gray_wool":1,"minecraft:melon_slice":496,"minecraft:coal_block":1,"minecraft:birch_sapling":1,"minecraft:iron_boots":1,"minecraft:furnace":16,"minecraft:stick":131,"minecraft:raw_iron":315,"minecraft:big_dripleaf":19,"minecraft:torch":47,"minecraft:acacia_log":82,"minecraft:porkchop":18,"minecraft:diorite":7,"minecraft:carrot":1,"minecraft:redstone":4,"minecraft:orange_bed":9,"minecraft:stone_sword":4,"minecraft:arrow":47,"minecraft:rotten_flesh":20,"minecraft:tropical_fish":13,"minecraft:hay_block":114,"minecraft:glistering_melon_slice":9,"minecraft:glow_berries":1,"minecraft:mutton":21,"minecraft:cod":2,"minecraft:white_wool":5,"minecraft:cobblestone":471,"minecraft:feather":8,"minecraft:cooked_beef":30,"minecraft:andesite":3,"minecraft:tripwire_hook":4,"minecraft:water_bucket":2,"minecraft:jungle_log":400,"minecraft:leather":57,"minecraft:tuff":2,"minecraft:oak_log":97,"minecraft:cobblestone_stairs":1,"minecraft:lapis_lazuli":137,"minecraft:dirt":52,"minecraft:paper":20,"minecraft:cooked_mutton":9,"minecraft:bone":33,"minecraft:acacia_planks":353,"minecraft:apple":6,"minecraft:bow":5,"minecraft:wheat_seeds":32,"minecraft:raw_gold":75,"minecraft:iron_ingot":41,"minecraft:stone_pickaxe":3,"minecraft:cooked_chicken":16,"minecraft:fletching_table":2,"minecraft:bamboo":12,"minecraft:moss_block":19,"minecraft:acacia_sapling":4,"minecraft:iron_sword":2,"minecraft:oak_planks":98,"minecraft:flowering_azalea":4,"minecraft:cooked_porkchop":50,"minecraft:pumpkin":3,"minecraft:dandelion":1,"minecraft:gravel":1,"minecraft:white_bed":7,"minecraft:spider_eye":3,"minecraft:mossy_cobblestone":3,"minecraft:stripped_jungle_log":4,"minecraft:diamond":51,"minecraft:stone_axe":3,"minecraft:iron_helmet":1,"minecraft:granite":2,"minecraft:diamond_axe":1,"minecraft:bone_meal":1,"minecraft:emerald":7,"minecraft:bread":285,"minecraft:oak_sapling":12,"minecraft:melon_seeds":3,"minecraft:coal":656,"minecraft:sunflower":3},"minecraft:used":{"minecraft:azalea":1,"minecraft:moss_block":18,"minecraft:moss_carpet":5,"minecraft:stone_sword":123,"minecraft:tropical_fish":2,"minecraft:redstone":3,"minecraft:poppy":3,"minecraft:chest":1,"minecraft:shield":113,"minecraft:iron_sword":407,"minecraft:cooked_chicken":4,"minecraft:rotten_flesh":1,"minecraft:orange_bed":7,"minecraft:torch":447,"minecraft:dirt":30,"minecraft:jungle_planks":2,"minecraft:carrot":1,"minecraft:tuff":2,"minecraft:acacia_sapling":3,"minecraft:granite":1,"minecraft:big_dripleaf":15,"minecraft:jungle_sapling":9,"minecraft:wooden_axe":72,"minecraft:flowering_azalea":2,"minecraft:birch_sapling":1,"minecraft:jungle_log":35,"minecraft:bamboo":10,"minecraft:bow":1,"minecraft:oak_sapling":9,"minecraft:furnace":16,"minecraft:potato":1,"minecraft:acacia_planks":6,"minecraft:cobbled_deepslate":57,"minecraft:wheat_seeds":4,"minecraft:water_bucket":11,"minecraft:diorite":7,"minecraft:cobblestone_stairs":1,"minecraft:stone_pickaxe":45,"minecraft:oak_planks":3,"minecraft:wooden_pickaxe":40,"minecraft:diamond_axe":639,"minecraft:fletching_table":1,"minecraft:mossy_cobblestone":3,"minecraft:crafting_table":17,"minecraft:white_bed":8,"minecraft:oak_log":14,"minecraft:sunflower":3,"minecraft:bread":101,"minecraft:melon_slice":46,"minecraft:iron_pickaxe":1090,"minecraft:gravel":1,"minecraft:stone_axe":89,"minecraft:coal_block":1,"minecraft:fishing_rod":25,"minecraft:cobblestone":264,"minecraft:bucket":13,"minecraft:andesite":1,"minecraft:dandelion":1,"minecraft:bone_meal":7},"minecraft:mined":{"minecraft:tuff":3,"minecraft:white_bed":6,"minecraft:mossy_cobblestone":3,"minecraft:deepslate_diamond_ore":44,"minecraft:cobblestone_stairs":1,"minecraft:jungle_leaves":36,"minecraft:brewing_stand":1,"minecraft:cave_vines_plant":1,"minecraft:granite":2,"minecraft:acacia_log":26,"minecraft:grass_block":10,"minecraft:jungle_log":400,"minecraft:redstone_wire":4,"minecraft:coal_block":1,"minecraft:moss_block":11,"minecraft:hay_block":55,"minecraft:furnace":10,"minecraft:iron_ore":140,"minecraft:cobbled_deepslate":3,"minecraft:andesite":3,"minecraft:pumpkin":1,"minecraft:deepslate_lapis_ore":11,"minecraft:fletching_table":2,"minecraft:big_dripleaf_stem":3,"minecraft:vine":66,"minecraft:dirt_path":2,"minecraft:deepslate_iron_ore":85,"minecraft:stripped_jungle_log":2,"minecraft:bamboo":4,"minecraft:azalea":3,"minecraft:stone":291,"minecraft:tripwire":1,"minecraft:orange_bed":7,"minecraft:acacia_leaves":10,"minecraft:flowering_azalea":2,"minecraft:clay":4,"minecraft:crafting_table":12,"minecraft:torch":16,"minecraft:short_grass":68,"minecraft:emerald_ore":1,"minecraft:melon":33,"minecraft:cobblestone":36,"minecraft:tall_grass":1,"minecraft:deepslate_gold_ore":27,"minecraft:lapis_ore":13,"minecraft:oak_planks":1,"minecraft:wall_torch":6,"minecraft:diorite":1,"minecraft:big_dripleaf":2,"minecraft:wheat":8,"minecraft:birch_leaves":3,"minecraft:coal_ore":391,"minecraft:oak_log":69,"minecraft:sunflower":3,"minecraft:gravel":1,"minecraft:dirt":16,"minecraft:tripwire_hook":4,"minecraft:acacia_planks":1,"minecraft:small_dripleaf":2,"minecraft:gold_ore":38,"minecraft:oak_leaves":65,"minecraft:deepslate":54,"minecraft:fern":6},"minecraft:custom":{"minecraft:mob_kills":97,"minecraft:interact_with_crafting_table":41,"minecraft:bell_ring":4,"minecraft:leave_game":10,"minecraft:time_since_death":50777,"minecraft:climb_one_cm":10080,"minecraft:sprint_one_cm":775359,"minecraft:walk_one_cm":1525490,"minecraft:damage_blocked_by_shield":3760,"minecraft:drop":199,"minecraft:talked_to_villager":8,"minecraft:play_time":419829,"minecraft:deaths":8,"minecraft:sneak_time":23949,"minecraft:walk_under_water_one_cm":39412,"minecraft:jump":5916,"minecraft:walk_on_water_one_cm":141710,"minecraft:total_world_time":419829,"minecraft:interact_with_furnace":134,"minecraft:sleep_in_bed":35,"minecraft:time_since_rest":29164,"minecraft:damage_taken":7271,"minecraft:damage_dealt":15458,"minecraft:swim_one_cm":29654,"minecraft:fly_one_cm":412284,"minecraft:open_chest":94,"minecraft:crouch_one_cm":50316,"minecraft:fish_caught":3,"minecraft:fall_one_cm":93734,"minecraft:inspect_dispenser":2,"minecraft:horse_one_cm":1875},"minecraft:killed_by":{"minecraft:creeper":1,"minecraft:iron_golem":2,"minecraft:skeleton":1,"minecraft:zombie":2},"minecraft:killed":{"minecraft:spider":7,"minecraft:skeleton":27,"minecraft:chicken":5,"minecraft:pig":6,"minecraft:iron_golem":1,"minecraft:sheep":6,"minecraft:zombie":24,"minecraft:enderman":1,"minecraft:cow":19}},"DataVersion":3953}