{"stats":{"minecraft:picked_up":{"minecraft:spider_eye":1,"minecraft:string":2},"minecraft:custom":{"minecraft:jump":18,"minecraft:time_since_rest":5998,"minecraft:damage_dealt":89,"minecraft:crouch_one_cm":91,"minecraft:sprint_one_cm":529,"minecraft:play_time":5998,"minecraft:damage_taken":38,"minecraft:time_since_death":5998,"minecraft:walk_one_cm":14392,"minecraft:sneak_time":42,"minecraft:total_world_time":5998,"minecraft:mob_kills":1,"minecraft:fly_one_cm":362},"minecraft:killed":{"minecraft:spider":1}},"DataVersion":3953}