{"stats":{"minecraft:crafted":{"minecraft:cooked_beef":18,"minecraft:oak_planks":48,"minecraft:stone_shovel":4,"minecraft:acacia_wood":3,"minecraft:emerald":4,"minecraft:cooked_porkchop":30,"minecraft:leather_boots":1,"minecraft:crafting_table":5,"minecraft:wooden_pickaxe":1,"minecraft:iron_helmet":1,"minecraft:iron_sword":1,"minecraft:furnace":1,"minecraft:stone_axe":1,"minecraft:iron_boots":1,"minecraft:iron_chestplate":1,"minecraft:shield":1,"minecraft:iron_axe":1,"minecraft:stick":80,"minecraft:iron_pickaxe":1,"minecraft:stone_pickaxe":4,"minecraft:wooden_axe":1,"minecraft:chest":1,"minecraft:iron_leggings":1,"minecraft:acacia_planks":156,"minecraft:torch":92,"minecraft:shears":1},"minecraft:dropped":{"minecraft:gravel":19,"minecraft:iron_ingot":16,"minecraft:stone_axe":3,"minecraft:wheat_seeds":12,"minecraft:cooked_beef":7,"minecraft:glow_ink_sac":3,"minecraft:cobbled_deepslate":3,"minecraft:raw_copper":4,"minecraft:cooked_porkchop":2,"minecraft:stone_shovel":2,"minecraft:raw_iron":12,"minecraft:rotten_flesh":3,"minecraft:cobblestone":39,"minecraft:oak_planks":1,"minecraft:dirt":68,"minecraft:diorite":2,"minecraft:iron_chestplate":1,"minecraft:gold_nugget":7,"minecraft:arrow":1,"minecraft:stone_pickaxe":3,"minecraft:glistering_melon_slice":9,"minecraft:acacia_planks":67,"minecraft:bone":2},"minecraft:picked_up":{"minecraft:crafting_table":3,"minecraft:iron_chestplate":3,"minecraft:feather":4,"minecraft:cooked_beef":12,"minecraft:chicken":3,"minecraft:glow_ink_sac":3,"minecraft:leather":11,"minecraft:flint":5,"minecraft:oak_log":12,"minecraft:shield":2,"minecraft:string":3,"minecraft:dirt":856,"minecraft:raw_copper":6,"minecraft:iron_axe":4,"minecraft:iron_leggings":2,"minecraft:bone":4,"minecraft:acacia_planks":310,"minecraft:wheat_seeds":21,"minecraft:cobbled_deepslate":3,"minecraft:raw_gold":18,"minecraft:stone_pickaxe":2,"minecraft:beef":18,"minecraft:iron_ingot":237,"minecraft:iron_pickaxe":2,"minecraft:acacia_sapling":3,"minecraft:iron_boots":2,"minecraft:furnace":3,"minecraft:stick":105,"minecraft:raw_iron":44,"minecraft:cooked_porkchop":58,"minecraft:torch":44,"minecraft:acacia_log":40,"minecraft:gravel":35,"minecraft:porkchop":30,"minecraft:pointed_dripstone":12,"minecraft:diorite":6,"minecraft:spider_eye":2,"minecraft:short_grass":1,"minecraft:arrow":4,"minecraft:rotten_flesh":4,"minecraft:diamond":1,"minecraft:stone_axe":3,"minecraft:iron_helmet":2,"minecraft:glistering_melon_slice":15,"minecraft:oak_sapling":17,"minecraft:coal":96,"minecraft:white_wool":7,"minecraft:cobblestone":926},"minecraft:broken":{"minecraft:stone_pickaxe":2,"minecraft:stone_shovel":2,"minecraft:wooden_pickaxe":1},"minecraft:used":{"minecraft:stone_shovel":460,"minecraft:stone_pickaxe":324,"minecraft:wooden_pickaxe":59,"minecraft:chest":1,"minecraft:shield":65,"minecraft:iron_sword":55,"minecraft:torch":79,"minecraft:dirt":117,"minecraft:crafting_table":5,"minecraft:acacia_sapling":2,"minecraft:shears":1,"minecraft:iron_axe":76,"minecraft:iron_pickaxe":191,"minecraft:stone_axe":94,"minecraft:cobblestone":83,"minecraft:furnace":1,"minecraft:cooked_porkchop":3,"minecraft:cooked_beef":7,"minecraft:acacia_planks":7},"minecraft:mined":{"minecraft:acacia_leaves":16,"minecraft:crafting_table":2,"minecraft:torch":9,"minecraft:short_grass":68,"minecraft:acacia_log":40,"minecraft:grass_block":158,"minecraft:copper_ore":2,"minecraft:cobblestone":23,"minecraft:diorite":4,"minecraft:wall_torch":4,"minecraft:furnace":1,"minecraft:iron_ore":25,"minecraft:oak_log":12,"minecraft:pointed_dripstone":2,"minecraft:coal_ore":60,"minecraft:dirt_path":1,"minecraft:deepslate_iron_ore":5,"minecraft:gravel":37,"minecraft:dirt":308,"minecraft:stone":404,"minecraft:gold_ore":9,"minecraft:oak_leaves":3,"minecraft:deepslate":1},"minecraft:custom":{"minecraft:interact_with_furnace":11,"minecraft:mob_kills":42,"minecraft:traded_with_villager":4,"minecraft:interact_with_crafting_table":20,"minecraft:leave_game":5,"minecraft:time_since_death":23124,"minecraft:sleep_in_bed":1,"minecraft:time_since_rest":23204,"minecraft:sprint_one_cm":167336,"minecraft:damage_taken":1678,"minecraft:walk_one_cm":288005,"minecraft:damage_blocked_by_shield":1916,"minecraft:drop":68,"minecraft:damage_dealt":5115,"minecraft:swim_one_cm":1536,"minecraft:talked_to_villager":1,"minecraft:fly_one_cm":47072,"minecraft:open_chest":19,"minecraft:crouch_one_cm":20150,"minecraft:play_time":128824,"minecraft:deaths":3,"minecraft:sneak_time":12724,"minecraft:walk_under_water_one_cm":4973,"minecraft:jump":1180,"minecraft:walk_on_water_one_cm":20851,"minecraft:total_world_time":128824,"minecraft:fall_one_cm":22131},"minecraft:killed_by":{"minecraft:player":2},"minecraft:killed":{"minecraft:armadillo":1,"minecraft:pig":12,"minecraft:spider":3,"minecraft:skeleton":3,"minecraft:zombie":8,"minecraft:chicken":3,"minecraft:glow_squid":1,"minecraft:cow":10}},"DataVersion":3953}