{"stats":{"minecraft:crafted":{"minecraft:cherry_planks":244,"minecraft:oak_planks":80,"minecraft:iron_axe":1,"minecraft:stone_pickaxe":7,"minecraft:chest":3,"minecraft:emerald":20,"minecraft:crafting_table":7,"minecraft:wooden_pickaxe":2,"minecraft:iron_sword":1,"minecraft:cherry_button":3,"minecraft:charcoal":16,"minecraft:diamond_pickaxe":1,"minecraft:stick":428,"minecraft:iron_pickaxe":1,"minecraft:wooden_axe":8,"minecraft:white_bed":1,"minecraft:acacia_planks":96,"minecraft:torch":312,"minecraft:diamond_chestplate":1},"minecraft:dropped":{"minecraft:iron_ingot":2,"minecraft:bread":95,"minecraft:wheat_seeds":3,"minecraft:diamond":12,"minecraft:golden_apple":1,"minecraft:coal":23,"minecraft:flint":1,"minecraft:stick":78,"minecraft:cherry_button":3,"minecraft:jungle_sapling":4,"minecraft:string":8,"minecraft:bucket":2,"minecraft:redstone":26,"minecraft:bone":2,"minecraft:moss_carpet":2,"minecraft:cobbled_deepslate":142,"minecraft:raw_copper":18,"minecraft:tuff":8,"minecraft:raw_iron":12,"minecraft:oak_planks":113,"minecraft:azure_bluet":1,"minecraft:beetroot_seeds":2,"minecraft:andesite":4,"minecraft:jungle_log":312,"minecraft:arrow":4},"minecraft:broken":{"minecraft:wooden_pickaxe":1,"minecraft:stone_pickaxe":4,"minecraft:stone_axe":1,"minecraft:iron_pickaxe":2,"minecraft:wooden_axe":1},"minecraft:picked_up":{"minecraft:wooden_axe":19,"minecraft:crafting_table":9,"minecraft:azure_bluet":5,"minecraft:wooden_pickaxe":4,"minecraft:stripped_cherry_log":1,"minecraft:brewing_stand":1,"minecraft:string":6,"minecraft:moss_carpet":4,"minecraft:raw_copper":18,"minecraft:iron_axe":12,"minecraft:acacia_door":1,"minecraft:iron_shovel":3,"minecraft:cobbled_deepslate":1147,"minecraft:bucket":2,"minecraft:beef":6,"minecraft:jungle_sapling":33,"minecraft:poppy":25,"minecraft:iron_pickaxe":3,"minecraft:sugar_cane":6,"minecraft:chest":3,"minecraft:iron_boots":3,"minecraft:stick":326,"minecraft:raw_iron":41,"minecraft:oak_door":3,"minecraft:torch":654,"minecraft:acacia_log":33,"minecraft:porkchop":8,"minecraft:cherry_log":104,"minecraft:pointed_dripstone":17,"minecraft:diorite":10,"minecraft:redstone":23,"minecraft:diamond_chestplate":1,"minecraft:arrow":7,"minecraft:rotten_flesh":10,"minecraft:tropical_fish":3,"minecraft:beetroot_seeds":2,"minecraft:hay_block":71,"minecraft:mutton":13,"minecraft:obsidian":10,"minecraft:white_wool":6,"minecraft:cobblestone":846,"minecraft:pink_petals":20,"minecraft:cherry_planks":5,"minecraft:andesite":22,"minecraft:water_bucket":1,"minecraft:jungle_log":965,"minecraft:potato":51,"minecraft:flint":4,"minecraft:tuff":76,"minecraft:oak_log":35,"minecraft:yellow_bed":20,"minecraft:gunpowder":6,"minecraft:lapis_lazuli":123,"minecraft:dirt":229,"minecraft:bone":24,"minecraft:apple":1,"minecraft:wheat_seeds":18,"minecraft:raw_gold":25,"minecraft:iron_ingot":22,"minecraft:stone_pickaxe":15,"minecraft:fletching_table":1,"minecraft:bamboo":30,"minecraft:iron_sword":1,"minecraft:stone_hoe":1,"minecraft:oak_planks":166,"minecraft:pumpkin":10,"minecraft:dripstone_block":9,"minecraft:gravel":23,"minecraft:blast_furnace":1,"minecraft:white_bed":4,"minecraft:spider_eye":1,"minecraft:mossy_cobblestone":2,"minecraft:stripped_jungle_log":9,"minecraft:diamond":14,"minecraft:stone_axe":1,"minecraft:chainmail_leggings":3,"minecraft:granite":110,"minecraft:cherry_sapling":1,"minecraft:bone_meal":2,"minecraft:emerald":4,"minecraft:bread":356,"minecraft:oak_sapling":2,"minecraft:coal":158,"minecraft:diamond_pickaxe":6},"minecraft:used":{"minecraft:acacia_log":1,"minecraft:iron_shovel":1,"minecraft:chest":5,"minecraft:iron_sword":28,"minecraft:torch":319,"minecraft:dirt":18,"minecraft:tuff":46,"minecraft:granite":14,"minecraft:jungle_sapling":20,"minecraft:wooden_axe":171,"minecraft:iron_axe":906,"minecraft:jungle_log":15,"minecraft:diamond_chestplate":2,"minecraft:oak_sapling":2,"minecraft:potato":17,"minecraft:cobbled_deepslate":135,"minecraft:water_bucket":19,"minecraft:stone_pickaxe":621,"minecraft:oak_planks":3,"minecraft:wooden_pickaxe":106,"minecraft:cherry_planks":44,"minecraft:white_wool":1,"minecraft:mossy_cobblestone":1,"minecraft:crafting_table":9,"minecraft:white_bed":3,"minecraft:dripstone_block":3,"minecraft:diamond_pickaxe":1304,"minecraft:bread":39,"minecraft:iron_pickaxe":425,"minecraft:gravel":1,"minecraft:stone_axe":101,"minecraft:cobblestone":9,"minecraft:porkchop":2,"minecraft:bucket":18,"minecraft:yellow_bed":20,"minecraft:bone_meal":1,"minecraft:chainmail_leggings":1},"minecraft:mined":{"minecraft:tuff":59,"minecraft:white_bed":4,"minecraft:mossy_cobblestone":1,"minecraft:deepslate_diamond_ore":15,"minecraft:oak_door":1,"minecraft:sculk_vein":1,"minecraft:cherry_log":115,"minecraft:jungle_leaves":133,"minecraft:stripped_cherry_log":1,"minecraft:obsidian":12,"minecraft:granite":39,"minecraft:acacia_log":33,"minecraft:grass_block":10,"minecraft:jungle_log":636,"minecraft:moss_block":1,"minecraft:spawner":2,"minecraft:hay_block":8,"minecraft:jungle_sapling":1,"minecraft:iron_ore":22,"minecraft:cobbled_deepslate":4,"minecraft:andesite":22,"minecraft:moss_carpet":2,"minecraft:deepslate_lapis_ore":7,"minecraft:azure_bluet":2,"minecraft:pointed_dripstone":13,"minecraft:potatoes":2,"minecraft:vine":98,"minecraft:deepslate_iron_ore":4,"minecraft:stripped_jungle_log":4,"minecraft:bamboo":3,"minecraft:stone":585,"minecraft:white_wool":1,"minecraft:deepslate_redstone_ore":6,"minecraft:cherry_planks":6,"minecraft:crafting_table":4,"minecraft:torch":10,"minecraft:short_grass":15,"minecraft:poppy":1,"minecraft:chest":2,"minecraft:copper_ore":3,"minecraft:tall_grass":1,"minecraft:deepslate_gold_ore":17,"minecraft:oak_planks":4,"minecraft:sculk":4,"minecraft:diorite":10,"minecraft:wall_torch":53,"minecraft:deepslate_copper_ore":2,"minecraft:pink_petals":9,"minecraft:wheat":1,"minecraft:yellow_bed":18,"minecraft:oak_log":35,"minecraft:coal_ore":171,"minecraft:cherry_leaves":44,"minecraft:acacia_door":1,"minecraft:gravel":27,"minecraft:dripstone_block":3,"minecraft:dirt":20,"minecraft:oak_leaves":1,"minecraft:deepslate":1153},"minecraft:custom":{"minecraft:mob_kills":11,"minecraft:interact_with_crafting_table":35,"minecraft:bell_ring":17,"minecraft:leave_game":8,"minecraft:time_since_death":4018,"minecraft:climb_one_cm":7055,"minecraft:sprint_one_cm":460462,"minecraft:walk_one_cm":983202,"minecraft:drop":69,"minecraft:talked_to_villager":24,"minecraft:play_time":346125,"minecraft:deaths":11,"minecraft:sneak_time":2271,"minecraft:walk_under_water_one_cm":9786,"minecraft:jump":2388,"minecraft:walk_on_water_one_cm":24317,"minecraft:total_world_time":346125,"minecraft:interact_with_furnace":12,"minecraft:traded_with_villager":22,"minecraft:sleep_in_bed":30,"minecraft:time_since_rest":4149,"minecraft:damage_taken":5033,"minecraft:damage_dealt":5089,"minecraft:player_kills":2,"minecraft:swim_one_cm":3093,"minecraft:fly_one_cm":77432,"minecraft:open_chest":74,"minecraft:crouch_one_cm":8687,"minecraft:fall_one_cm":36682},"minecraft:killed_by":{"minecraft:player":3,"minecraft:spider":2,"minecraft:zombie":4},"minecraft:killed":{"minecraft:spider":1,"minecraft:skeleton":2,"minecraft:zombie_villager":1,"minecraft:iron_golem":2,"minecraft:zombie":5}},"DataVersion":3953}