{"stats":{"minecraft:crafted":{"minecraft:oak_planks":80,"minecraft:stone_pickaxe":7,"minecraft:chest":3,"minecraft:crafting_table":6,"minecraft:wooden_pickaxe":2,"minecraft:charcoal":16,"minecraft:stick":32,"minecraft:iron_pickaxe":1,"minecraft:wooden_axe":8,"minecraft:white_bed":1,"minecraft:acacia_planks":96,"minecraft:torch":132},"minecraft:dropped":{"minecraft:iron_ingot":2,"minecraft:diamond":12,"minecraft:coal":23,"minecraft:golden_apple":1,"minecraft:stick":39,"minecraft:flint":1,"minecraft:string":8,"minecraft:bucket":2,"minecraft:bone":2,"minecraft:redstone":26,"minecraft:cobbled_deepslate":142,"minecraft:raw_copper":18,"minecraft:tuff":8,"minecraft:raw_iron":12,"minecraft:oak_planks":113,"minecraft:andesite":4,"minecraft:arrow":1},"minecraft:broken":{"minecraft:wooden_pickaxe":1,"minecraft:stone_pickaxe":2,"minecraft:iron_pickaxe":2,"minecraft:wooden_axe":1},"minecraft:picked_up":{"minecraft:wooden_axe":19,"minecraft:crafting_table":8,"minecraft:azure_bluet":4,"minecraft:wooden_pickaxe":1,"minecraft:brewing_stand":1,"minecraft:string":6,"minecraft:raw_copper":18,"minecraft:acacia_door":1,"minecraft:cobbled_deepslate":1146,"minecraft:beef":4,"minecraft:iron_pickaxe":2,"minecraft:sugar_cane":6,"minecraft:chest":3,"minecraft:raw_iron":18,"minecraft:stick":234,"minecraft:torch":325,"minecraft:acacia_log":33,"minecraft:porkchop":8,"minecraft:cherry_log":43,"minecraft:pointed_dripstone":15,"minecraft:diorite":10,"minecraft:redstone":23,"minecraft:arrow":4,"minecraft:rotten_flesh":6,"minecraft:hay_block":71,"minecraft:obsidian":10,"minecraft:mutton":13,"minecraft:white_wool":3,"minecraft:cobblestone":334,"minecraft:pink_petals":7,"minecraft:water_bucket":1,"minecraft:andesite":22,"minecraft:potato":4,"minecraft:flint":4,"minecraft:tuff":75,"minecraft:oak_log":35,"minecraft:yellow_bed":15,"minecraft:gunpowder":6,"minecraft:lapis_lazuli":41,"minecraft:dirt":217,"minecraft:bone":5,"minecraft:apple":1,"minecraft:wheat_seeds":14,"minecraft:raw_gold":22,"minecraft:iron_ingot":14,"minecraft:stone_pickaxe":13,"minecraft:fletching_table":1,"minecraft:stone_hoe":1,"minecraft:oak_planks":166,"minecraft:pumpkin":10,"minecraft:dripstone_block":9,"minecraft:gravel":1,"minecraft:blast_furnace":1,"minecraft:white_bed":4,"minecraft:spider_eye":1,"minecraft:mossy_cobblestone":2,"minecraft:diamond":12,"minecraft:granite":47,"minecraft:emerald":2,"minecraft:bread":133,"minecraft:coal":158,"minecraft:diamond_pickaxe":2},"minecraft:used":{"minecraft:acacia_log":1,"minecraft:chest":5,"minecraft:torch":259,"minecraft:dirt":12,"minecraft:tuff":46,"minecraft:granite":2,"minecraft:wooden_axe":171,"minecraft:cobbled_deepslate":133,"minecraft:water_bucket":15,"minecraft:stone_pickaxe":513,"minecraft:oak_planks":3,"minecraft:wooden_pickaxe":106,"minecraft:mossy_cobblestone":1,"minecraft:crafting_table":8,"minecraft:white_bed":3,"minecraft:dripstone_block":3,"minecraft:diamond_pickaxe":922,"minecraft:bread":20,"minecraft:iron_pickaxe":425,"minecraft:gravel":1,"minecraft:cobblestone":8,"minecraft:porkchop":2,"minecraft:bucket":15,"minecraft:yellow_bed":14},"minecraft:mined":{"minecraft:tuff":58,"minecraft:white_bed":3,"minecraft:mossy_cobblestone":1,"minecraft:deepslate_diamond_ore":13,"minecraft:sculk_vein":1,"minecraft:cherry_log":48,"minecraft:obsidian":12,"minecraft:granite":23,"minecraft:acacia_log":33,"minecraft:grass_block":8,"minecraft:spawner":2,"minecraft:hay_block":8,"minecraft:iron_ore":11,"minecraft:cobbled_deepslate":4,"minecraft:andesite":22,"minecraft:deepslate_lapis_ore":7,"minecraft:azure_bluet":2,"minecraft:pointed_dripstone":13,"minecraft:potatoes":2,"minecraft:deepslate_iron_ore":3,"minecraft:stone":290,"minecraft:deepslate_redstone_ore":6,"minecraft:crafting_table":3,"minecraft:torch":7,"minecraft:short_grass":12,"minecraft:chest":2,"minecraft:copper_ore":3,"minecraft:deepslate_gold_ore":14,"minecraft:oak_planks":4,"minecraft:sculk":4,"minecraft:diorite":10,"minecraft:wall_torch":52,"minecraft:deepslate_copper_ore":2,"minecraft:pink_petals":4,"minecraft:wheat":1,"minecraft:yellow_bed":13,"minecraft:coal_ore":164,"minecraft:oak_log":35,"minecraft:cherry_leaves":16,"minecraft:acacia_door":1,"minecraft:gravel":16,"minecraft:dripstone_block":3,"minecraft:dirt":19,"minecraft:oak_leaves":1,"minecraft:deepslate":1152},"minecraft:custom":{"minecraft:mob_kills":7,"minecraft:interact_with_crafting_table":25,"minecraft:leave_game":3,"minecraft:time_since_death":50759,"minecraft:sprint_one_cm":234512,"minecraft:walk_one_cm":555125,"minecraft:drop":22,"minecraft:play_time":203064,"minecraft:deaths":7,"minecraft:sneak_time":1578,"minecraft:walk_under_water_one_cm":6569,"minecraft:jump":1408,"minecraft:walk_on_water_one_cm":11031,"minecraft:total_world_time":203064,"minecraft:interact_with_furnace":3,"minecraft:sleep_in_bed":19,"minecraft:time_since_rest":3301,"minecraft:damage_taken":2852,"minecraft:damage_dealt":1869,"minecraft:swim_one_cm":2548,"minecraft:player_kills":2,"minecraft:fly_one_cm":46481,"minecraft:open_chest":16,"minecraft:crouch_one_cm":6403,"minecraft:fall_one_cm":18314},"minecraft:killed_by":{"minecraft:player":1,"minecraft:spider":2,"minecraft:zombie":3},"minecraft:killed":{"minecraft:spider":1,"minecraft:skeleton":2,"minecraft:zombie_villager":1,"minecraft:zombie":3}},"DataVersion":3953}