{"stats":{"minecraft:crafted":{"minecraft:cherry_planks":244,"minecraft:oak_planks":80,"minecraft:iron_axe":1,"minecraft:stone_pickaxe":7,"minecraft:chest":3,"minecraft:emerald":20,"minecraft:crafting_table":7,"minecraft:wooden_pickaxe":2,"minecraft:cherry_button":3,"minecraft:charcoal":16,"minecraft:diamond_pickaxe":1,"minecraft:stick":428,"minecraft:iron_pickaxe":1,"minecraft:wooden_axe":8,"minecraft:white_bed":1,"minecraft:acacia_planks":96,"minecraft:torch":312},"minecraft:dropped":{"minecraft:iron_ingot":2,"minecraft:bread":95,"minecraft:diamond":12,"minecraft:coal":23,"minecraft:golden_apple":1,"minecraft:stick":78,"minecraft:flint":1,"minecraft:cherry_button":3,"minecraft:string":8,"minecraft:bucket":2,"minecraft:bone":2,"minecraft:redstone":26,"minecraft:cobbled_deepslate":142,"minecraft:raw_copper":18,"minecraft:tuff":8,"minecraft:raw_iron":12,"minecraft:oak_planks":113,"minecraft:andesite":4,"minecraft:arrow":2},"minecraft:broken":{"minecraft:wooden_pickaxe":1,"minecraft:stone_pickaxe":4,"minecraft:stone_axe":1,"minecraft:iron_pickaxe":2,"minecraft:wooden_axe":1},"minecraft:picked_up":{"minecraft:wooden_axe":19,"minecraft:crafting_table":9,"minecraft:azure_bluet":4,"minecraft:wooden_pickaxe":2,"minecraft:stripped_cherry_log":1,"minecraft:brewing_stand":1,"minecraft:string":6,"minecraft:raw_copper":18,"minecraft:acacia_door":1,"minecraft:cobbled_deepslate":1146,"minecraft:beef":4,"minecraft:poppy":2,"minecraft:iron_pickaxe":2,"minecraft:sugar_cane":6,"minecraft:chest":3,"minecraft:stick":275,"minecraft:raw_iron":18,"minecraft:oak_door":1,"minecraft:torch":327,"minecraft:acacia_log":33,"minecraft:porkchop":8,"minecraft:cherry_log":104,"minecraft:pointed_dripstone":15,"minecraft:diorite":10,"minecraft:redstone":23,"minecraft:arrow":5,"minecraft:rotten_flesh":6,"minecraft:hay_block":71,"minecraft:obsidian":10,"minecraft:mutton":13,"minecraft:white_wool":3,"minecraft:cobblestone":334,"minecraft:pink_petals":20,"minecraft:cherry_planks":5,"minecraft:jungle_log":1,"minecraft:water_bucket":1,"minecraft:andesite":22,"minecraft:potato":4,"minecraft:flint":4,"minecraft:tuff":75,"minecraft:oak_log":35,"minecraft:yellow_bed":20,"minecraft:gunpowder":6,"minecraft:lapis_lazuli":41,"minecraft:dirt":219,"minecraft:bone":5,"minecraft:apple":1,"minecraft:wheat_seeds":15,"minecraft:raw_gold":22,"minecraft:iron_ingot":17,"minecraft:stone_pickaxe":13,"minecraft:fletching_table":1,"minecraft:bamboo":1,"minecraft:stone_hoe":1,"minecraft:oak_planks":166,"minecraft:pumpkin":10,"minecraft:dripstone_block":9,"minecraft:gravel":1,"minecraft:blast_furnace":1,"minecraft:white_bed":4,"minecraft:spider_eye":1,"minecraft:mossy_cobblestone":2,"minecraft:diamond":12,"minecraft:stone_axe":1,"minecraft:granite":47,"minecraft:cherry_sapling":1,"minecraft:emerald":2,"minecraft:bread":197,"minecraft:oak_sapling":2,"minecraft:coal":158,"minecraft:diamond_pickaxe":2},"minecraft:used":{"minecraft:acacia_log":1,"minecraft:chest":5,"minecraft:torch":263,"minecraft:dirt":18,"minecraft:tuff":46,"minecraft:granite":9,"minecraft:wooden_axe":171,"minecraft:iron_axe":9,"minecraft:oak_sapling":2,"minecraft:cobbled_deepslate":135,"minecraft:water_bucket":19,"minecraft:stone_pickaxe":621,"minecraft:oak_planks":3,"minecraft:wooden_pickaxe":106,"minecraft:cherry_planks":44,"minecraft:mossy_cobblestone":1,"minecraft:crafting_table":9,"minecraft:white_bed":3,"minecraft:dripstone_block":3,"minecraft:diamond_pickaxe":944,"minecraft:bread":29,"minecraft:iron_pickaxe":425,"minecraft:gravel":1,"minecraft:stone_axe":101,"minecraft:cobblestone":8,"minecraft:porkchop":2,"minecraft:bucket":18,"minecraft:yellow_bed":20},"minecraft:mined":{"minecraft:tuff":58,"minecraft:white_bed":3,"minecraft:mossy_cobblestone":1,"minecraft:deepslate_diamond_ore":13,"minecraft:oak_door":1,"minecraft:sculk_vein":1,"minecraft:cherry_log":115,"minecraft:stripped_cherry_log":1,"minecraft:obsidian":12,"minecraft:granite":23,"minecraft:acacia_log":33,"minecraft:grass_block":9,"minecraft:spawner":2,"minecraft:hay_block":8,"minecraft:iron_ore":11,"minecraft:cobbled_deepslate":4,"minecraft:andesite":22,"minecraft:deepslate_lapis_ore":7,"minecraft:azure_bluet":2,"minecraft:potatoes":2,"minecraft:pointed_dripstone":13,"minecraft:deepslate_iron_ore":3,"minecraft:stone":290,"minecraft:deepslate_redstone_ore":6,"minecraft:cherry_planks":6,"minecraft:crafting_table":4,"minecraft:torch":9,"minecraft:short_grass":14,"minecraft:poppy":1,"minecraft:chest":2,"minecraft:copper_ore":3,"minecraft:deepslate_gold_ore":14,"minecraft:oak_planks":4,"minecraft:sculk":4,"minecraft:diorite":10,"minecraft:wall_torch":52,"minecraft:deepslate_copper_ore":2,"minecraft:pink_petals":9,"minecraft:wheat":1,"minecraft:yellow_bed":18,"minecraft:coal_ore":164,"minecraft:oak_log":35,"minecraft:cherry_leaves":44,"minecraft:acacia_door":1,"minecraft:gravel":16,"minecraft:dripstone_block":3,"minecraft:dirt":20,"minecraft:oak_leaves":1,"minecraft:deepslate":1152},"minecraft:custom":{"minecraft:mob_kills":8,"minecraft:interact_with_crafting_table":35,"minecraft:bell_ring":17,"minecraft:leave_game":6,"minecraft:time_since_death":101777,"minecraft:sprint_one_cm":318864,"minecraft:walk_one_cm":679987,"minecraft:drop":57,"minecraft:talked_to_villager":7,"minecraft:play_time":254082,"minecraft:deaths":7,"minecraft:sneak_time":1831,"minecraft:walk_under_water_one_cm":6830,"minecraft:jump":1670,"minecraft:walk_on_water_one_cm":13047,"minecraft:total_world_time":254082,"minecraft:interact_with_furnace":4,"minecraft:traded_with_villager":20,"minecraft:sleep_in_bed":23,"minecraft:time_since_rest":30163,"minecraft:damage_taken":3146,"minecraft:damage_dealt":3317,"minecraft:player_kills":2,"minecraft:swim_one_cm":2586,"minecraft:fly_one_cm":56638,"minecraft:open_chest":58,"minecraft:crouch_one_cm":7213,"minecraft:fall_one_cm":19894},"minecraft:killed_by":{"minecraft:player":1,"minecraft:spider":2,"minecraft:zombie":3},"minecraft:killed":{"minecraft:spider":1,"minecraft:skeleton":2,"minecraft:zombie_villager":1,"minecraft:iron_golem":1,"minecraft:zombie":3}},"DataVersion":3953}