{"stats":{"minecraft:mined":{"minecraft:dandelion":2,"minecraft:crafting_table":3,"minecraft:cornflower":1,"minecraft:short_grass":79,"minecraft:grass_block":315,"minecraft:tall_grass":14,"minecraft:diorite":1,"minecraft:hay_block":25,"minecraft:furnace":1,"minecraft:fire":2,"minecraft:black_bed":2,"minecraft:coal_ore":5,"minecraft:oak_log":71,"minecraft:dirt_path":18,"minecraft:gravel":103,"minecraft:dirt":218,"minecraft:stone":59,"minecraft:oak_leaves":10},"minecraft:crafted":{"minecraft:oak_planks":76,"minecraft:stone_shovel":2,"minecraft:crafting_table":1,"minecraft:wooden_pickaxe":1,"minecraft:furnace":1,"minecraft:stone_axe":1,"minecraft:cooked_mutton":2,"minecraft:stick":16,"minecraft:stone_pickaxe":1,"minecraft:wooden_axe":1,"minecraft:iron_shovel":1,"minecraft:black_bed":1,"minecraft:stone_hoe":1},"minecraft:picked_up":{"minecraft:crafting_table":3,"minecraft:golden_pickaxe":1,"minecraft:black_bed":3,"minecraft:flint":14,"minecraft:oak_log":119,"minecraft:cornflower":1,"minecraft:dirt":562,"minecraft:flint_and_steel":1,"minecraft:cooked_mutton":21,"minecraft:experience_bottle":1,"minecraft:apple":14,"minecraft:wheat_seeds":40,"minecraft:iron_ingot":16,"minecraft:stone_pickaxe":1,"minecraft:iron_nugget":6,"minecraft:poppy":1,"minecraft:light_gray_wool":1,"minecraft:sugar_cane":4,"minecraft:oak_planks":52,"minecraft:furnace":2,"minecraft:stick":6,"minecraft:dandelion":2,"minecraft:gravel":192,"minecraft:diorite":1,"minecraft:rotten_flesh":6,"minecraft:hay_block":50,"minecraft:bread":2,"minecraft:glistering_melon_slice":10,"minecraft:emerald":5,"minecraft:obsidian":4,"minecraft:oak_sapling":3,"minecraft:black_wool":3,"minecraft:mutton":50,"minecraft:coal":8,"minecraft:white_wool":40,"minecraft:cobblestone":98},"minecraft:used":{"minecraft:cooked_mutton":7,"minecraft:diorite":1,"minecraft:iron_shovel":250,"minecraft:flint_and_steel":2,"minecraft:stone_shovel":261,"minecraft:stone_pickaxe":40,"minecraft:oak_planks":3,"minecraft:wooden_pickaxe":17,"minecraft:stone_hoe":27,"minecraft:rotten_flesh":4,"minecraft:dirt":548,"minecraft:mutton":2,"minecraft:crafting_table":4,"minecraft:golden_shovel":32,"minecraft:black_bed":2,"minecraft:oak_log":4,"minecraft:wooden_axe":1,"minecraft:stone_axe":100,"minecraft:light_gray_wool":1,"minecraft:furnace":1,"minecraft:oak_sapling":3,"minecraft:golden_pickaxe":12},"minecraft:killed":{"minecraft:iron_golem":1,"minecraft:sheep":24,"minecraft:zombie":4},"minecraft:broken":{"minecraft:iron_shovel":1,"minecraft:stone_axe":1,"minecraft:golden_shovel":1,"minecraft:stone_shovel":2},"minecraft:custom":{"minecraft:interact_with_furnace":10,"minecraft:mob_kills":29,"minecraft:interact_with_crafting_table":9,"minecraft:bell_ring":2,"minecraft:leave_game":2,"minecraft:time_since_death":4689,"minecraft:sleep_in_bed":3,"minecraft:time_since_rest":4720,"minecraft:sprint_one_cm":165229,"minecraft:damage_taken":500,"minecraft:walk_one_cm":131897,"minecraft:drop":9,"minecraft:damage_dealt":3598,"minecraft:swim_one_cm":55546,"minecraft:fly_one_cm":170195,"minecraft:open_chest":5,"minecraft:crouch_one_cm":568,"minecraft:play_time":59119,"minecraft:deaths":1,"minecraft:sneak_time":203,"minecraft:walk_under_water_one_cm":1995,"minecraft:jump":858,"minecraft:walk_on_water_one_cm":10233,"minecraft:total_world_time":59119,"minecraft:fall_one_cm":19223},"minecraft:dropped":{"minecraft:stone_hoe":1,"minecraft:rotten_flesh":2,"minecraft:poppy":1,"minecraft:cornflower":1,"minecraft:wooden_axe":1,"minecraft:wooden_pickaxe":1,"minecraft:dandelion":2}},"DataVersion":3955}