{"stats":{"minecraft:mined":{"minecraft:dark_oak_planks":3,"minecraft:white_bed":5,"minecraft:mossy_cobblestone":3,"minecraft:cobblestone_stairs":4,"minecraft:dark_oak_fence":10,"minecraft:grass_block":650,"minecraft:hay_block":56,"minecraft:furnace":1,"minecraft:fire":3,"minecraft:iron_ore":3,"minecraft:fletching_table":3,"minecraft:potatoes":5,"minecraft:dirt_path":26,"minecraft:oak_stairs":4,"minecraft:stone":61,"minecraft:smithing_table":3,"minecraft:glass_pane":4,"minecraft:dandelion":2,"minecraft:crafting_table":3,"minecraft:cornflower":1,"minecraft:short_grass":102,"minecraft:chest":1,"minecraft:cobblestone":49,"minecraft:tall_grass":22,"minecraft:sugar_cane":2,"minecraft:oak_planks":4,"minecraft:diorite":1,"minecraft:wall_torch":2,"minecraft:birch_log":137,"minecraft:birch_leaves":6,"minecraft:black_bed":12,"minecraft:yellow_bed":5,"minecraft:oak_log":547,"minecraft:coal_ore":27,"minecraft:sand":1,"minecraft:gravel":103,"minecraft:dirt":429,"minecraft:oak_leaves":113,"minecraft:birch_fence":9},"minecraft:crafted":{"minecraft:grindstone":2,"minecraft:smooth_stone":3,"minecraft:oak_planks":2044,"minecraft:stone_shovel":5,"minecraft:smooth_stone_slab":6,"minecraft:furnace":1,"minecraft:stone":6,"minecraft:bone_meal":12,"minecraft:cooked_mutton":19,"minecraft:bow":1,"minecraft:iron_boots":1,"minecraft:iron_axe":32,"minecraft:iron_hoe":1,"minecraft:stone_pickaxe":11,"minecraft:chest":2,"minecraft:stone_hoe":1,"minecraft:arrow":64,"minecraft:emerald":133,"minecraft:crafting_table":2,"minecraft:iron_helmet":1,"minecraft:wooden_pickaxe":1,"minecraft:smithing_table":2,"minecraft:fletching_table":3,"minecraft:bucket":1,"minecraft:birch_planks":344,"minecraft:stone_axe":14,"minecraft:air":0,"minecraft:iron_chestplate":1,"minecraft:shield":1,"minecraft:birch_fence":81,"minecraft:stick":4332,"minecraft:stone_slab":6,"minecraft:iron_pickaxe":1,"minecraft:wooden_axe":1,"minecraft:iron_shovel":2,"minecraft:iron_leggings":1,"minecraft:black_bed":1,"minecraft:torch":4},"minecraft:used":{"minecraft:flint_and_steel":27,"minecraft:iron_shovel":505,"minecraft:stone_shovel":527,"minecraft:poppy":1,"minecraft:chest":3,"minecraft:shield":7,"minecraft:stone_hoe":27,"minecraft:rotten_flesh":4,"minecraft:torch":4,"minecraft:dirt":1012,"minecraft:mutton":2,"minecraft:golden_shovel":32,"minecraft:iron_hoe":162,"minecraft:wooden_axe":1,"minecraft:iron_axe":777,"minecraft:birch_sapling":8,"minecraft:light_gray_wool":1,"minecraft:bow":10,"minecraft:hay_block":3,"minecraft:oak_sapling":70,"minecraft:furnace":2,"minecraft:potato":24,"minecraft:wheat_seeds":7,"minecraft:cooked_mutton":21,"minecraft:water_bucket":31,"minecraft:diorite":1,"minecraft:cobblestone_stairs":1,"minecraft:stone_pickaxe":119,"minecraft:oak_planks":3,"minecraft:wooden_pickaxe":17,"minecraft:sugar_cane":4,"minecraft:fletching_table":6,"minecraft:mossy_cobblestone":1,"minecraft:crafting_table":5,"minecraft:white_bed":5,"minecraft:black_bed":12,"minecraft:birch_fence":73,"minecraft:oak_log":15,"minecraft:apple":9,"minecraft:iron_pickaxe":11,"minecraft:stone_axe":188,"minecraft:grindstone":1,"minecraft:cooked_porkchop":1,"minecraft:smithing_table":5,"minecraft:bucket":32,"minecraft:yellow_bed":5,"minecraft:bone_meal":12,"minecraft:golden_pickaxe":12},"minecraft:picked_up":{"minecraft:crafting_table":3,"minecraft:golden_pickaxe":1,"minecraft:smithing_table":3,"minecraft:oak_stairs":4,"minecraft:cornflower":1,"minecraft:flint_and_steel":1,"minecraft:experience_bottle":1,"minecraft:birch_fence":9,"minecraft:iron_nugget":6,"minecraft:poppy":13,"minecraft:light_gray_wool":1,"minecraft:sugar_cane":6,"minecraft:chest":1,"minecraft:birch_sapling":14,"minecraft:furnace":2,"minecraft:raw_iron":3,"minecraft:stick":86,"minecraft:oak_door":1,"minecraft:diorite":1,"minecraft:dark_oak_planks":2,"minecraft:stone_shovel":1,"minecraft:arrow":8,"minecraft:rotten_flesh":6,"minecraft:hay_block":81,"minecraft:glistering_melon_slice":10,"minecraft:mutton":50,"minecraft:obsidian":4,"minecraft:white_wool":40,"minecraft:cobblestone":115,"minecraft:oxeye_daisy":1,"minecraft:birch_log":136,"minecraft:water_bucket":1,"minecraft:black_bed":13,"minecraft:potato":24,"minecraft:flint":14,"minecraft:oak_log":708,"minecraft:yellow_bed":5,"minecraft:cobblestone_stairs":4,"minecraft:dirt":1394,"minecraft:cooked_mutton":21,"minecraft:bone":5,"minecraft:apple":36,"minecraft:wheat_seeds":56,"minecraft:stone_pickaxe":2,"minecraft:iron_ingot":66,"minecraft:fletching_table":3,"minecraft:oak_planks":54,"minecraft:cooked_porkchop":1,"minecraft:dandelion":2,"minecraft:gravel":192,"minecraft:sand":1,"minecraft:white_bed":5,"minecraft:mossy_cobblestone":1,"minecraft:emerald":70,"minecraft:bread":46,"minecraft:oak_sapling":73,"minecraft:black_wool":3,"minecraft:dark_oak_fence":7,"minecraft:coal":30},"minecraft:killed":{"minecraft:skeleton":4,"minecraft:iron_golem":15,"minecraft:sheep":24,"minecraft:zombie":7},"minecraft:broken":{"minecraft:iron_shovel":2,"minecraft:golden_shovel":1,"minecraft:iron_axe":2,"minecraft:stone_axe":1,"minecraft:stone_shovel":4},"minecraft:custom":{"minecraft:interact_with_smithing_table":3,"minecraft:mob_kills":50,"minecraft:interact_with_crafting_table":34,"minecraft:bell_ring":2,"minecraft:leave_game":3,"minecraft:time_since_death":124179,"minecraft:climb_one_cm":1160,"minecraft:sprint_one_cm":527160,"minecraft:walk_one_cm":395709,"minecraft:damage_blocked_by_shield":205,"minecraft:drop":97,"minecraft:talked_to_villager":39,"minecraft:play_time":178609,"minecraft:deaths":1,"minecraft:sneak_time":1006,"minecraft:walk_under_water_one_cm":5401,"minecraft:jump":2396,"minecraft:walk_on_water_one_cm":12547,"minecraft:total_world_time":178609,"minecraft:interact_with_furnace":23,"minecraft:traded_with_villager":191,"minecraft:sleep_in_bed":12,"minecraft:time_since_rest":3434,"minecraft:damage_taken":1137,"minecraft:damage_dealt":15447,"minecraft:swim_one_cm":55546,"minecraft:fly_one_cm":431764,"minecraft:open_chest":37,"minecraft:crouch_one_cm":4295,"minecraft:interact_with_smoker":3,"minecraft:fall_one_cm":59541},"minecraft:dropped":{"minecraft:water_bucket":1,"minecraft:stone_hoe":1,"minecraft:iron_ingot":3,"minecraft:bread":46,"minecraft:wheat_seeds":9,"minecraft:cobblestone_stairs":3,"minecraft:oxeye_daisy":1,"minecraft:dirt":369,"minecraft:dark_oak_fence":7,"minecraft:cornflower":1,"minecraft:wooden_axe":1,"minecraft:oak_stairs":4,"minecraft:sand":1,"minecraft:iron_axe":18,"minecraft:dark_oak_planks":2,"minecraft:dandelion":2,"minecraft:oak_door":1,"minecraft:stone_axe":13,"minecraft:smooth_stone_slab":6,"minecraft:birch_sapling":1,"minecraft:stone_shovel":2,"minecraft:rotten_flesh":2,"minecraft:stone_slab":4,"minecraft:poppy":12,"minecraft:arrow":2,"minecraft:stone_pickaxe":11,"minecraft:wooden_pickaxe":1}},"DataVersion":3955}