{"stats":{"minecraft:crafted":{"minecraft:oak_planks":72,"minecraft:emerald":15,"minecraft:tripwire_hook":2,"minecraft:iron_axe":1,"minecraft:stick":496,"minecraft:wooden_pickaxe":1,"minecraft:stone_pickaxe":1,"minecraft:stone_axe":1,"minecraft:jungle_planks":236},"minecraft:dropped":{"minecraft:poppy":3,"minecraft:stone_axe":1,"minecraft:wooden_pickaxe":1},"minecraft:picked_up":{"minecraft:stick":16,"minecraft:jungle_log":59,"minecraft:oak_log":18,"minecraft:dirt":5,"minecraft:wheat_seeds":7,"minecraft:iron_ingot":9,"minecraft:jungle_sapling":4,"minecraft:bread":31,"minecraft:poppy":6,"minecraft:bamboo":6,"minecraft:oak_sapling":5,"minecraft:sugar_cane":36,"minecraft:mutton":1,"minecraft:oak_planks":1,"minecraft:white_wool":1,"minecraft:cobblestone":6},"minecraft:used":{"minecraft:jungle_sapling":4,"minecraft:iron_axe":87,"minecraft:bread":5,"minecraft:oak_planks":1,"minecraft:poppy":2,"minecraft:wooden_pickaxe":6,"minecraft:iron_boots":1,"minecraft:bamboo":6,"minecraft:stone_axe":20,"minecraft:dirt":8,"minecraft:oak_sapling":5,"minecraft:chainmail_leggings":1},"minecraft:mined":{"minecraft:jungle_leaves":7,"minecraft:short_grass":58,"minecraft:poppy":4,"minecraft:grass_block":2,"minecraft:oak_log":19,"minecraft:vine":9,"minecraft:jungle_log":59,"minecraft:dirt":3,"minecraft:tall_grass":15,"minecraft:oak_planks":1,"minecraft:bamboo":1,"minecraft:stone":6,"minecraft:sugar_cane":18,"minecraft:oak_leaves":4},"minecraft:custom":{"minecraft:time_since_rest":21220,"minecraft:sprint_one_cm":72165,"minecraft:damage_taken":143,"minecraft:walk_one_cm":28137,"minecraft:mob_kills":3,"minecraft:drop":5,"minecraft:damage_dealt":1793,"minecraft:traded_with_villager":15,"minecraft:talked_to_villager":1,"minecraft:interact_with_crafting_table":6,"minecraft:swim_one_cm":20241,"minecraft:fly_one_cm":45890,"minecraft:open_chest":7,"minecraft:play_time":21220,"minecraft:sneak_time":28,"minecraft:walk_under_water_one_cm":1275,"minecraft:jump":290,"minecraft:leave_game":1,"minecraft:time_since_death":21220,"minecraft:walk_on_water_one_cm":2705,"minecraft:total_world_time":21220,"minecraft:climb_one_cm":1434,"minecraft:fall_one_cm":5956},"minecraft:killed":{"minecraft:sheep":1,"minecraft:iron_golem":2}},"DataVersion":3953}