{"stats":{"minecraft:mined":{"minecraft:white_bed":5,"minecraft:dandelion":2,"minecraft:crafting_table":3,"minecraft:cornflower":1,"minecraft:short_grass":79,"minecraft:grass_block":405,"minecraft:tall_grass":14,"minecraft:oak_planks":2,"minecraft:diorite":1,"minecraft:hay_block":25,"minecraft:furnace":1,"minecraft:iron_ore":1,"minecraft:fire":2,"minecraft:black_bed":4,"minecraft:fletching_table":3,"minecraft:yellow_bed":5,"minecraft:coal_ore":15,"minecraft:oak_log":71,"minecraft:dirt_path":18,"minecraft:gravel":103,"minecraft:dirt":326,"minecraft:stone":60,"minecraft:oak_leaves":10},"minecraft:crafted":{"minecraft:oak_planks":544,"minecraft:stone_shovel":5,"minecraft:crafting_table":1,"minecraft:wooden_pickaxe":1,"minecraft:furnace":1,"minecraft:fletching_table":3,"minecraft:stone_axe":2,"minecraft:cooked_mutton":2,"minecraft:stick":536,"minecraft:stone_pickaxe":1,"minecraft:wooden_axe":1,"minecraft:chest":2,"minecraft:iron_shovel":1,"minecraft:black_bed":1,"minecraft:stone_hoe":1},"minecraft:picked_up":{"minecraft:crafting_table":3,"minecraft:golden_pickaxe":1,"minecraft:black_bed":5,"minecraft:flint":14,"minecraft:oak_log":236,"minecraft:yellow_bed":5,"minecraft:cornflower":1,"minecraft:dirt":760,"minecraft:flint_and_steel":1,"minecraft:cooked_mutton":21,"minecraft:experience_bottle":1,"minecraft:apple":14,"minecraft:wheat_seeds":40,"minecraft:fletching_table":3,"minecraft:iron_ingot":16,"minecraft:stone_pickaxe":1,"minecraft:iron_nugget":6,"minecraft:poppy":1,"minecraft:light_gray_wool":1,"minecraft:sugar_cane":4,"minecraft:oak_planks":54,"minecraft:furnace":2,"minecraft:stick":6,"minecraft:raw_iron":1,"minecraft:dandelion":2,"minecraft:gravel":192,"minecraft:diorite":1,"minecraft:white_bed":5,"minecraft:rotten_flesh":6,"minecraft:hay_block":50,"minecraft:bread":2,"minecraft:glistering_melon_slice":10,"minecraft:emerald":5,"minecraft:obsidian":4,"minecraft:oak_sapling":3,"minecraft:black_wool":3,"minecraft:mutton":50,"minecraft:coal":18,"minecraft:white_wool":40,"minecraft:cobblestone":99},"minecraft:used":{"minecraft:cooked_mutton":10,"minecraft:diorite":1,"minecraft:iron_shovel":250,"minecraft:flint_and_steel":2,"minecraft:stone_shovel":453,"minecraft:stone_pickaxe":52,"minecraft:oak_planks":3,"minecraft:chest":2,"minecraft:wooden_pickaxe":17,"minecraft:fletching_table":6,"minecraft:stone_hoe":27,"minecraft:rotten_flesh":4,"minecraft:dirt":688,"minecraft:mutton":2,"minecraft:crafting_table":4,"minecraft:white_bed":5,"minecraft:golden_shovel":32,"minecraft:black_bed":4,"minecraft:oak_log":4,"minecraft:wooden_axe":1,"minecraft:stone_axe":100,"minecraft:light_gray_wool":1,"minecraft:furnace":1,"minecraft:oak_sapling":3,"minecraft:yellow_bed":5,"minecraft:golden_pickaxe":12},"minecraft:killed":{"minecraft:iron_golem":1,"minecraft:sheep":24,"minecraft:zombie":4},"minecraft:broken":{"minecraft:iron_shovel":1,"minecraft:stone_axe":1,"minecraft:golden_shovel":1,"minecraft:stone_shovel":3},"minecraft:custom":{"minecraft:interact_with_furnace":10,"minecraft:mob_kills":29,"minecraft:interact_with_crafting_table":15,"minecraft:bell_ring":2,"minecraft:leave_game":2,"minecraft:time_since_death":28689,"minecraft:sleep_in_bed":5,"minecraft:climb_one_cm":1160,"minecraft:time_since_rest":4689,"minecraft:sprint_one_cm":212057,"minecraft:damage_taken":520,"minecraft:walk_one_cm":180444,"minecraft:drop":10,"minecraft:damage_dealt":3598,"minecraft:talked_to_villager":6,"minecraft:swim_one_cm":55546,"minecraft:fly_one_cm":229753,"minecraft:open_chest":9,"minecraft:crouch_one_cm":3996,"minecraft:play_time":83119,"minecraft:deaths":1,"minecraft:sneak_time":889,"minecraft:walk_under_water_one_cm":1995,"minecraft:jump":1211,"minecraft:walk_on_water_one_cm":10233,"minecraft:total_world_time":83119,"minecraft:fall_one_cm":30567},"minecraft:dropped":{"minecraft:stone_hoe":1,"minecraft:stone_axe":1,"minecraft:rotten_flesh":2,"minecraft:poppy":1,"minecraft:cornflower":1,"minecraft:wooden_axe":1,"minecraft:wooden_pickaxe":1,"minecraft:dandelion":2}},"DataVersion":3955}