{"stats":{"minecraft:mined":{"minecraft:dark_oak_planks":1,"minecraft:white_bed":5,"minecraft:dandelion":2,"minecraft:crafting_table":3,"minecraft:cornflower":1,"minecraft:dark_oak_fence":9,"minecraft:short_grass":83,"minecraft:grass_block":570,"minecraft:tall_grass":16,"minecraft:oak_planks":2,"minecraft:diorite":1,"minecraft:hay_block":25,"minecraft:furnace":1,"minecraft:birch_log":42,"minecraft:iron_ore":3,"minecraft:fire":2,"minecraft:black_bed":6,"minecraft:fletching_table":3,"minecraft:yellow_bed":5,"minecraft:coal_ore":27,"minecraft:oak_log":147,"minecraft:dirt_path":20,"minecraft:gravel":103,"minecraft:dirt":378,"minecraft:stone":61,"minecraft:oak_leaves":24},"minecraft:crafted":{"minecraft:oak_planks":544,"minecraft:stone_shovel":5,"minecraft:emerald":30,"minecraft:crafting_table":2,"minecraft:wooden_pickaxe":1,"minecraft:furnace":1,"minecraft:fletching_table":3,"minecraft:bucket":1,"minecraft:birch_planks":168,"minecraft:stone_axe":2,"minecraft:cooked_mutton":2,"minecraft:shield":1,"minecraft:iron_axe":1,"minecraft:birch_fence":81,"minecraft:stick":1004,"minecraft:iron_pickaxe":1,"minecraft:stone_pickaxe":1,"minecraft:wooden_axe":1,"minecraft:chest":2,"minecraft:iron_shovel":2,"minecraft:black_bed":1,"minecraft:torch":4,"minecraft:stone_hoe":1},"minecraft:used":{"minecraft:cooked_mutton":13,"minecraft:water_bucket":1,"minecraft:diorite":1,"minecraft:iron_shovel":462,"minecraft:flint_and_steel":2,"minecraft:stone_shovel":453,"minecraft:stone_pickaxe":59,"minecraft:oak_planks":3,"minecraft:shield":4,"minecraft:chest":2,"minecraft:wooden_pickaxe":17,"minecraft:fletching_table":6,"minecraft:stone_hoe":27,"minecraft:rotten_flesh":4,"minecraft:torch":4,"minecraft:dirt":704,"minecraft:mutton":2,"minecraft:crafting_table":5,"minecraft:white_bed":5,"minecraft:golden_shovel":32,"minecraft:black_bed":6,"minecraft:birch_fence":65,"minecraft:oak_log":4,"minecraft:wooden_axe":1,"minecraft:apple":4,"minecraft:iron_axe":163,"minecraft:iron_pickaxe":8,"minecraft:stone_axe":100,"minecraft:light_gray_wool":1,"minecraft:furnace":1,"minecraft:oak_sapling":3,"minecraft:bucket":2,"minecraft:yellow_bed":5,"minecraft:golden_pickaxe":12},"minecraft:picked_up":{"minecraft:birch_log":42,"minecraft:crafting_table":3,"minecraft:golden_pickaxe":1,"minecraft:black_bed":7,"minecraft:flint":14,"minecraft:oak_log":311,"minecraft:yellow_bed":5,"minecraft:cornflower":1,"minecraft:dirt":974,"minecraft:flint_and_steel":1,"minecraft:cooked_mutton":21,"minecraft:bone":2,"minecraft:experience_bottle":1,"minecraft:apple":24,"minecraft:wheat_seeds":45,"minecraft:fletching_table":3,"minecraft:iron_ingot":23,"minecraft:stone_pickaxe":2,"minecraft:iron_nugget":6,"minecraft:poppy":4,"minecraft:light_gray_wool":1,"minecraft:sugar_cane":4,"minecraft:birch_sapling":8,"minecraft:oak_planks":54,"minecraft:furnace":2,"minecraft:stick":44,"minecraft:raw_iron":3,"minecraft:cooked_porkchop":1,"minecraft:dandelion":2,"minecraft:gravel":192,"minecraft:diorite":1,"minecraft:white_bed":5,"minecraft:arrow":3,"minecraft:rotten_flesh":6,"minecraft:hay_block":50,"minecraft:bread":46,"minecraft:glistering_melon_slice":10,"minecraft:emerald":5,"minecraft:dark_oak_fence":6,"minecraft:obsidian":4,"minecraft:oak_sapling":28,"minecraft:black_wool":3,"minecraft:mutton":50,"minecraft:coal":30,"minecraft:white_wool":40,"minecraft:cobblestone":100},"minecraft:killed":{"minecraft:iron_golem":4,"minecraft:skeleton":2,"minecraft:sheep":24,"minecraft:zombie":5},"minecraft:broken":{"minecraft:iron_shovel":1,"minecraft:stone_axe":1,"minecraft:golden_shovel":1,"minecraft:stone_shovel":3},"minecraft:custom":{"minecraft:interact_with_furnace":10,"minecraft:mob_kills":35,"minecraft:traded_with_villager":30,"minecraft:interact_with_crafting_table":25,"minecraft:bell_ring":2,"minecraft:leave_game":2,"minecraft:time_since_death":52689,"minecraft:sleep_in_bed":7,"minecraft:climb_one_cm":1160,"minecraft:time_since_rest":448,"minecraft:sprint_one_cm":315689,"minecraft:damage_taken":791,"minecraft:walk_one_cm":241881,"minecraft:damage_blocked_by_shield":120,"minecraft:drop":19,"minecraft:damage_dealt":5690,"minecraft:talked_to_villager":9,"minecraft:swim_one_cm":55546,"minecraft:fly_one_cm":302480,"minecraft:open_chest":21,"minecraft:crouch_one_cm":4096,"minecraft:play_time":107119,"minecraft:deaths":1,"minecraft:sneak_time":943,"minecraft:walk_under_water_one_cm":2254,"minecraft:jump":1615,"minecraft:walk_on_water_one_cm":10331,"minecraft:total_world_time":107119,"minecraft:fall_one_cm":40838},"minecraft:dropped":{"minecraft:stone_hoe":1,"minecraft:iron_ingot":3,"minecraft:stone_axe":1,"minecraft:rotten_flesh":2,"minecraft:poppy":4,"minecraft:dark_oak_fence":5,"minecraft:cornflower":1,"minecraft:wooden_axe":1,"minecraft:wooden_pickaxe":1,"minecraft:dandelion":2}},"DataVersion":3955}