{"stats":{"minecraft:crafted":{"minecraft:grindstone":2,"minecraft:oak_planks":544,"minecraft:fishing_rod":1,"minecraft:tripwire_hook":2,"minecraft:furnace":5,"minecraft:stone":540,"minecraft:lever":1,"minecraft:diamond_shovel":8,"minecraft:oak_trapdoor":6,"minecraft:hopper":4,"minecraft:stone_brick_slab":1058,"minecraft:diamond_helmet":1,"minecraft:bow":4,"minecraft:iron_axe":20,"minecraft:stone_pickaxe":61,"minecraft:chest":14,"minecraft:stone_bricks":532,"minecraft:arrow":192,"minecraft:emerald":793,"minecraft:crafting_table":1,"minecraft:wooden_pickaxe":1,"minecraft:bell":2,"minecraft:smithing_table":1,"minecraft:stone_axe":47,"minecraft:bread":60,"minecraft:air":0,"minecraft:jungle_planks":10220,"minecraft:paper":246,"minecraft:diamond_pickaxe":1,"minecraft:emerald_block":9,"minecraft:stick":21625,"minecraft:stone_slab":6,"minecraft:iron_pickaxe":3,"minecraft:iron_block":3,"minecraft:iron_shovel":7,"minecraft:anvil":1,"minecraft:torch":256,"minecraft:shears":1,"minecraft:diamond_chestplate":1},"minecraft:dropped":{"minecraft:stone_hoe":2,"minecraft:iron_ingot":90,"minecraft:bread":26,"minecraft:wheat_seeds":76,"minecraft:cooked_beef":12,"minecraft:mossy_cobblestone":1,"minecraft:crafting_table":3,"minecraft:cooked_porkchop":56,"minecraft:poisonous_potato":2,"minecraft:oak_fence":5,"minecraft:iron_helmet":2,"minecraft:cobblestone":377,"minecraft:granite":3,"minecraft:fletching_table":2,"minecraft:stripped_jungle_log":1,"minecraft:tropical_fish":11,"minecraft:grass_block":1,"minecraft:coal":11,"minecraft:cod":14,"minecraft:stick":28,"minecraft:oxeye_daisy":1,"minecraft:dirt":330,"minecraft:torch":6,"minecraft:melon_slice":2,"minecraft:cherry_button":3,"minecraft:iron_axe":17,"minecraft:glistering_melon_slice":6,"minecraft:iron_shovel":3,"minecraft:chainmail_leggings":2,"minecraft:white_wool":8,"minecraft:acacia_planks":184,"minecraft:stone_brick_slab":384,"minecraft:dandelion":5,"minecraft:bone":2,"minecraft:oak_door":1,"minecraft:gravel":1,"minecraft:furnace":1,"minecraft:stone_axe":39,"minecraft:oak_trapdoor":12,"minecraft:rotten_flesh":27,"minecraft:iron_boots":1,"minecraft:diamond_shovel":1,"minecraft:stone_slab":4,"minecraft:azure_bluet":69,"minecraft:shears":1,"minecraft:poppy":105,"minecraft:potato":208,"minecraft:stone":1,"minecraft:shield":2,"minecraft:gunpowder":3,"minecraft:oak_button":16,"minecraft:oak_sapling":38,"minecraft:spider_eye":1,"minecraft:bamboo":3,"minecraft:arrow":1,"minecraft:wooden_pickaxe":2,"minecraft:stone_pickaxe":72,"minecraft:raw_gold":18,"minecraft:bell":2},"minecraft:broken":{"minecraft:iron_shovel":1,"minecraft:diamond_axe":1,"minecraft:iron_axe":4,"minecraft:stone_axe":8,"minecraft:stone_shovel":1},"minecraft:picked_up":{"minecraft:crafting_table":3,"minecraft:wheat":18,"minecraft:azure_bluet":65,"minecraft:smithing_table":1,"minecraft:shield":2,"minecraft:string":9,"minecraft:oak_trapdoor":22,"minecraft:iron_axe":2,"minecraft:diamond_leggings":1,"minecraft:jungle_sapling":185,"minecraft:poppy":106,"minecraft:sugar_cane":318,"minecraft:melon_slice":2,"minecraft:chest":8,"minecraft:cherry_button":3,"minecraft:furnace":2,"minecraft:stick":323,"minecraft:oak_door":1,"minecraft:composter":8,"minecraft:oak_fence":5,"minecraft:torch":31,"minecraft:cherry_log":110,"minecraft:rotten_flesh":21,"minecraft:arrow":2,"minecraft:tropical_fish":22,"minecraft:shears":1,"minecraft:diamond_boots":2,"minecraft:glistering_melon_slice":6,"minecraft:mutton":1,"minecraft:cod":2,"minecraft:white_wool":9,"minecraft:cobblestone":452,"minecraft:oxeye_daisy":1,"minecraft:cooked_beef":12,"minecraft:tripwire_hook":4,"minecraft:water_bucket":1,"minecraft:jungle_log":3673,"minecraft:potato":394,"minecraft:oak_log":292,"minecraft:yellow_bed":1,"minecraft:gunpowder":4,"minecraft:dirt":1452,"minecraft:bone":5,"minecraft:acacia_planks":184,"minecraft:apple":9,"minecraft:wheat_seeds":109,"minecraft:raw_gold":27,"minecraft:iron_ingot":215,"minecraft:grindstone":4,"minecraft:stone_pickaxe":10,"minecraft:fletching_table":4,"minecraft:bamboo":836,"minecraft:iron_sword":1,"minecraft:stone_hoe":1,"minecraft:oak_planks":1,"minecraft:cooked_porkchop":56,"minecraft:stone_brick_slab":215,"minecraft:dandelion":5,"minecraft:poisonous_potato":2,"minecraft:jungle_planks":154,"minecraft:white_bed":6,"minecraft:grass_block":153,"minecraft:spider_eye":1,"minecraft:stripped_jungle_log":1,"minecraft:diamond":1,"minecraft:lever":1,"minecraft:chainmail_leggings":1,"minecraft:iron_helmet":2,"minecraft:diamond_axe":1,"minecraft:granite":6,"minecraft:bone_meal":1,"minecraft:cherry_sapling":19,"minecraft:emerald":91,"minecraft:bread":32,"minecraft:oak_sapling":96,"minecraft:coal":22,"minecraft:hopper":4,"minecraft:ender_pearl":1},"minecraft:used":{"minecraft:oak_trapdoor":14,"minecraft:cherry_sapling":20,"minecraft:iron_shovel":256,"minecraft:stone_shovel":131,"minecraft:poppy":9,"minecraft:chest":10,"minecraft:iron_sword":31,"minecraft:stone":1,"minecraft:torch":95,"minecraft:dirt":1158,"minecraft:anvil":1,"minecraft:hopper":4,"minecraft:jungle_planks":89,"minecraft:granite":3,"minecraft:azure_bluet":1,"minecraft:jungle_sapling":181,"minecraft:stone_brick_slab":824,"minecraft:grass_block":152,"minecraft:iron_axe":2524,"minecraft:jungle_log":40,"minecraft:iron_boots":1,"minecraft:bamboo":64,"minecraft:tripwire_hook":4,"minecraft:bow":59,"minecraft:furnace":6,"minecraft:oak_sapling":42,"minecraft:potato":37,"minecraft:wheat_seeds":45,"minecraft:water_bucket":24,"minecraft:diamond_boots":1,"minecraft:stone_pickaxe":129,"minecraft:oak_planks":1,"minecraft:wooden_pickaxe":6,"minecraft:composter":7,"minecraft:fletching_table":2,"minecraft:diamond_axe":1183,"minecraft:sugar_cane":3,"minecraft:crafting_table":1,"minecraft:white_bed":6,"minecraft:shears":3,"minecraft:oak_log":26,"minecraft:lever":1,"minecraft:apple":8,"minecraft:diamond_shovel":1214,"minecraft:bread":68,"minecraft:string":10,"minecraft:stone_axe":1049,"minecraft:fishing_rod":1,"minecraft:cobblestone":5,"minecraft:grindstone":6,"minecraft:smithing_table":2,"minecraft:bucket":25,"minecraft:yellow_bed":1,"minecraft:bone_meal":1,"minecraft:diamond_leggings":2,"minecraft:chainmail_leggings":1},"minecraft:mined":{"minecraft:white_bed":2,"minecraft:farmland":49,"minecraft:oak_door":1,"minecraft:cherry_log":110,"minecraft:jungle_leaves":439,"minecraft:granite":6,"minecraft:grass_block":766,"minecraft:jungle_planks":89,"minecraft:jungle_log":3191,"minecraft:hopper":4,"minecraft:composter":7,"minecraft:oxeye_daisy":1,"minecraft:oak_trapdoor":22,"minecraft:furnace":1,"minecraft:jungle_sapling":22,"minecraft:fletching_table":3,"minecraft:azure_bluet":49,"minecraft:potatoes":33,"minecraft:vine":236,"minecraft:dirt_path":106,"minecraft:bamboo":70,"minecraft:stone":7,"minecraft:tripwire":5,"minecraft:smithing_table":1,"minecraft:stone_brick_slab":108,"minecraft:dandelion":3,"minecraft:oak_fence":6,"minecraft:torch":21,"minecraft:short_grass":277,"minecraft:poppy":67,"minecraft:chest":8,"minecraft:cobblestone":1,"minecraft:tall_grass":41,"minecraft:sugar_cane":166,"minecraft:grindstone":4,"minecraft:oak_planks":1,"minecraft:wheat":13,"minecraft:stripped_oak_wood":2,"minecraft:oak_log":293,"minecraft:cherry_leaves":28,"minecraft:dirt":753,"minecraft:tripwire_hook":2,"minecraft:oak_leaves":160},"minecraft:custom":{"minecraft:interact_with_smithing_table":1,"minecraft:mob_kills":47,"minecraft:interact_with_anvil":2,"minecraft:animals_bred":2,"minecraft:interact_with_crafting_table":50,"minecraft:leave_game":3,"minecraft:time_since_death":238375,"minecraft:climb_one_cm":24951,"minecraft:sprint_one_cm":1111300,"minecraft:walk_one_cm":1051406,"minecraft:drop":352,"minecraft:talked_to_villager":228,"minecraft:play_time":462559,"minecraft:deaths":1,"minecraft:sneak_time":8896,"minecraft:walk_under_water_one_cm":3301,"minecraft:jump":4180,"minecraft:walk_on_water_one_cm":23529,"minecraft:total_world_time":462559,"minecraft:interact_with_furnace":57,"minecraft:traded_with_villager":964,"minecraft:interact_with_grindstone":1,"minecraft:sleep_in_bed":33,"minecraft:time_since_rest":23394,"minecraft:damage_taken":2083,"minecraft:damage_dealt":17382,"minecraft:swim_one_cm":20241,"minecraft:player_kills":3,"minecraft:fly_one_cm":703501,"minecraft:open_chest":248,"minecraft:crouch_one_cm":18644,"minecraft:fall_one_cm":61872},"minecraft:killed":{"minecraft:spider":2,"minecraft:skeleton":2,"minecraft:iron_golem":18,"minecraft:creeper":5,"minecraft:sheep":1,"minecraft:zombie":17,"minecraft:enderman":1}},"DataVersion":3953}