{"stats":{"minecraft:crafted":{"minecraft:grindstone":2,"minecraft:oak_planks":648,"minecraft:stone":540,"minecraft:diamond_shovel":9,"minecraft:lever":1,"minecraft:bookshelf":2,"minecraft:hopper":4,"minecraft:stone_brick_slab":1058,"minecraft:diamond_helmet":2,"minecraft:diamond_leggings":1,"minecraft:bow":6,"minecraft:chest":14,"minecraft:stone_bricks":532,"minecraft:oak_slab":6,"minecraft:arrow":320,"minecraft:emerald":4295,"minecraft:diamond_axe":5,"minecraft:crafting_table":1,"minecraft:spruce_planks":2040,"minecraft:wooden_pickaxe":1,"minecraft:smithing_table":1,"minecraft:lectern":3,"minecraft:book":6,"minecraft:paper":723,"minecraft:diamond_pickaxe":1,"minecraft:emerald_block":307,"minecraft:stick":58885,"minecraft:stone_slab":6,"minecraft:iron_ingot":61,"minecraft:iron_pickaxe":3,"minecraft:iron_block":11,"minecraft:shears":1,"minecraft:cookie":216,"minecraft:redstone":72,"minecraft:fishing_rod":1,"minecraft:tripwire_hook":2,"minecraft:experience_bottle":36,"minecraft:furnace":5,"minecraft:oak_trapdoor":6,"minecraft:lantern":12,"minecraft:iron_axe":20,"minecraft:ender_pearl":12,"minecraft:stone_pickaxe":61,"minecraft:diamond_boots":1,"minecraft:redstone_block":21,"minecraft:bell":2,"minecraft:stone_axe":47,"minecraft:glowstone":44,"minecraft:enchanted_book":8,"minecraft:jungle_slab":12,"minecraft:bread":60,"minecraft:air":0,"minecraft:jungle_planks":22096,"minecraft:iron_shovel":7,"minecraft:anvil":3,"minecraft:pumpkin_pie":48,"minecraft:acacia_planks":8,"minecraft:torch":256,"minecraft:lapis_lazuli":36,"minecraft:lapis_block":21,"minecraft:diamond_chestplate":2},"minecraft:dropped":{"minecraft:diamond_axe":1,"minecraft:cooked_beef":12,"minecraft:crafting_table":3,"minecraft:cooked_porkchop":56,"minecraft:lantern":48,"minecraft:jungle_planks":1,"minecraft:fletching_table":3,"minecraft:cod":14,"minecraft:emerald":18,"minecraft:dirt":1179,"minecraft:jungle_button":192,"minecraft:cornflower":1,"minecraft:cherry_button":3,"minecraft:phantom_membrane":1,"minecraft:glistering_melon_slice":6,"minecraft:white_wool":23,"minecraft:bone":2,"minecraft:oak_door":1,"minecraft:gravel":1,"minecraft:stone_axe":39,"minecraft:sugar_cane":2,"minecraft:rotten_flesh":45,"minecraft:diamond_shovel":3,"minecraft:glowstone_dust":5,"minecraft:azure_bluet":129,"minecraft:poppy":163,"minecraft:gunpowder":3,"minecraft:glowstone":6,"minecraft:jungle_log":1,"minecraft:arrow":4,"minecraft:beef":7,"minecraft:lectern":3,"minecraft:stone_hoe":2,"minecraft:iron_ingot":90,"minecraft:bread":26,"minecraft:wheat_seeds":81,"minecraft:tnt":1,"minecraft:mossy_cobblestone":1,"minecraft:poisonous_potato":2,"minecraft:oak_fence":5,"minecraft:iron_helmet":2,"minecraft:feather":2,"minecraft:cobblestone":461,"minecraft:book":1,"minecraft:granite":11,"minecraft:stripped_jungle_log":1,"minecraft:tropical_fish":13,"minecraft:grass_block":44,"minecraft:coal":11,"minecraft:stick":46,"minecraft:oxeye_daisy":2,"minecraft:jungle_slab":4,"minecraft:gray_wool":1,"minecraft:torch":6,"minecraft:melon_slice":2,"minecraft:iron_axe":17,"minecraft:chainmail_leggings":2,"minecraft:iron_shovel":3,"minecraft:paper":64,"minecraft:string":6,"minecraft:acacia_planks":184,"minecraft:dandelion":16,"minecraft:stone_brick_slab":384,"minecraft:redstone":118,"minecraft:furnace":1,"minecraft:oak_trapdoor":12,"minecraft:diamond_hoe":1,"minecraft:iron_boots":1,"minecraft:stone_slab":4,"minecraft:shears":1,"minecraft:potato":216,"minecraft:stone":15,"minecraft:shield":2,"minecraft:oak_button":16,"minecraft:diamond_chestplate":1,"minecraft:andesite":6,"minecraft:yellow_bed":2,"minecraft:oak_sapling":38,"minecraft:stone_bricks":2,"minecraft:spider_eye":1,"minecraft:bamboo":17,"minecraft:stone_pickaxe":72,"minecraft:wooden_pickaxe":2,"minecraft:raw_gold":24,"minecraft:bell":2},"minecraft:broken":{"minecraft:iron_shovel":1,"minecraft:diamond_shovel":1,"minecraft:stone_axe":8,"minecraft:stone_shovel":1,"minecraft:diamond_axe":1,"minecraft:iron_axe":4},"minecraft:picked_up":{"minecraft:wheat":21,"minecraft:smithing_table":1,"minecraft:brewing_stand":4,"minecraft:string":14,"minecraft:raw_copper":76,"minecraft:diamond_leggings":1,"minecraft:cobbled_deepslate":147,"minecraft:melon_slice":2,"minecraft:furnace":2,"minecraft:stick":1581,"minecraft:composter":8,"minecraft:oak_fence":5,"minecraft:torch":31,"minecraft:cherry_log":277,"minecraft:diorite":22,"minecraft:rotten_flesh":39,"minecraft:tropical_fish":23,"minecraft:bookshelf":1,"minecraft:cod":2,"minecraft:cobblestone":735,"minecraft:cooked_beef":12,"minecraft:jungle_log":5808,"minecraft:water_bucket":1,"minecraft:andesite":21,"minecraft:potato":416,"minecraft:tuff":15,"minecraft:lapis_lazuli":159,"minecraft:dirt":2321,"minecraft:lantern":36,"minecraft:bone":7,"minecraft:acacia_planks":184,"minecraft:wheat_seeds":127,"minecraft:raw_gold":62,"minecraft:grindstone":4,"minecraft:glowstone_dust":5,"minecraft:fletching_table":5,"minecraft:bamboo":894,"minecraft:oak_planks":1,"minecraft:stone_hoe":1,"minecraft:cooked_porkchop":56,"minecraft:poisonous_potato":2,"minecraft:jungle_planks":230,"minecraft:grass_block":196,"minecraft:diamond":18,"minecraft:lever":1,"minecraft:granite":18,"minecraft:bone_meal":1,"minecraft:bread":32,"minecraft:emerald":155,"minecraft:oak_sapling":96,"minecraft:diamond_pickaxe":1,"minecraft:crafting_table":3,"minecraft:azure_bluet":102,"minecraft:shield":2,"minecraft:cornflower":1,"minecraft:oak_trapdoor":22,"minecraft:iron_axe":3,"minecraft:beef":7,"minecraft:jungle_sapling":332,"minecraft:poppy":152,"minecraft:lectern":108,"minecraft:sugar_cane":1056,"minecraft:chest":8,"minecraft:cherry_button":3,"minecraft:diamond_hoe":1,"minecraft:phantom_membrane":1,"minecraft:raw_iron":52,"minecraft:stone":15,"minecraft:oak_door":1,"minecraft:redstone":118,"minecraft:tnt":1,"minecraft:arrow":7,"minecraft:diamond_chestplate":1,"minecraft:shears":1,"minecraft:diamond_boots":2,"minecraft:glistering_melon_slice":6,"minecraft:mutton":1,"minecraft:white_wool":24,"minecraft:oxeye_daisy":1,"minecraft:tripwire_hook":4,"minecraft:glow_ink_sac":3,"minecraft:leather":6,"minecraft:oak_log":292,"minecraft:jungle_button":192,"minecraft:yellow_bed":7,"minecraft:gunpowder":4,"minecraft:paper":64,"minecraft:apple":9,"minecraft:stone_bricks":3,"minecraft:iron_ingot":281,"minecraft:stone_pickaxe":10,"minecraft:iron_sword":1,"minecraft:book":12,"minecraft:emerald_block":15,"minecraft:stone_brick_slab":215,"minecraft:dandelion":7,"minecraft:spruce_sapling":260,"minecraft:blast_furnace":1,"minecraft:white_bed":7,"minecraft:spruce_log":2488,"minecraft:spider_eye":1,"minecraft:stripped_jungle_log":1,"minecraft:diamond_shovel":4,"minecraft:chainmail_leggings":1,"minecraft:iron_helmet":2,"minecraft:diamond_axe":3,"minecraft:cherry_sapling":70,"minecraft:gray_wool":1,"minecraft:baked_potato":29,"minecraft:coal":101,"minecraft:hopper":4,"minecraft:ender_pearl":1},"minecraft:used":{"minecraft:cherry_sapling":20,"minecraft:iron_shovel":256,"minecraft:diamond_hoe":32,"minecraft:poppy":11,"minecraft:chest":10,"minecraft:stone":1,"minecraft:iron_sword":31,"minecraft:jungle_planks":89,"minecraft:azure_bluet":1,"minecraft:jungle_sapling":325,"minecraft:grass_block":152,"minecraft:stone_bricks":1,"minecraft:bow":87,"minecraft:oak_sapling":42,"minecraft:furnace":6,"minecraft:potato":51,"minecraft:diamond_boots":1,"minecraft:stone_pickaxe":129,"minecraft:oak_planks":1,"minecraft:ender_pearl":3,"minecraft:wooden_pickaxe":6,"minecraft:composter":7,"minecraft:diamond_axe":6643,"minecraft:sugar_cane":6,"minecraft:blast_furnace":1,"minecraft:shears":3,"minecraft:lever":1,"minecraft:bread":72,"minecraft:string":10,"minecraft:lectern":107,"minecraft:grindstone":6,"minecraft:smithing_table":2,"minecraft:bone_meal":1,"minecraft:experience_bottle":38,"minecraft:oak_trapdoor":14,"minecraft:stone_shovel":131,"minecraft:sculk":8,"minecraft:torch":95,"minecraft:brewing_stand":7,"minecraft:dirt":1178,"minecraft:anvil":3,"minecraft:hopper":4,"minecraft:granite":3,"minecraft:stone_brick_slab":824,"minecraft:iron_axe":2524,"minecraft:jungle_log":40,"minecraft:iron_boots":1,"minecraft:bamboo":67,"minecraft:glowstone":38,"minecraft:tripwire_hook":4,"minecraft:emerald_block":15,"minecraft:cherry_log":11,"minecraft:wheat_seeds":55,"minecraft:water_bucket":25,"minecraft:fletching_table":2,"minecraft:crafting_table":1,"minecraft:white_bed":6,"minecraft:spruce_log":8,"minecraft:oak_log":26,"minecraft:diamond_pickaxe":597,"minecraft:apple":9,"minecraft:diamond_shovel":5593,"minecraft:spruce_sapling":180,"minecraft:stone_axe":1049,"minecraft:fishing_rod":1,"minecraft:cobblestone":37,"minecraft:bucket":26,"minecraft:pumpkin_pie":48,"minecraft:yellow_bed":3,"minecraft:diamond_leggings":2,"minecraft:chainmail_leggings":1},"minecraft:mined":{"minecraft:white_bed":2,"minecraft:farmland":49,"minecraft:cherry_log":277,"minecraft:sculk_vein":5,"minecraft:jungle_leaves":718,"minecraft:brewing_stand":4,"minecraft:granite":14,"minecraft:grass_block":1924,"minecraft:jungle_log":5340,"minecraft:composter":7,"minecraft:hopper":4,"minecraft:oxeye_daisy":1,"minecraft:glowstone":2,"minecraft:iron_ore":22,"minecraft:fletching_table":4,"minecraft:deepslate_lapis_ore":8,"minecraft:azure_bluet":50,"minecraft:sculk_shrieker":1,"minecraft:dirt_path":169,"minecraft:tripwire":5,"minecraft:deepslate_redstone_ore":14,"minecraft:torch":21,"minecraft:blast_furnace":1,"minecraft:poppy":69,"minecraft:chest":8,"minecraft:cobblestone":2,"minecraft:sugar_cane":539,"minecraft:grindstone":4,"minecraft:oak_planks":1,"minecraft:wheat":22,"minecraft:stripped_oak_wood":2,"minecraft:oak_log":293,"minecraft:dirt":3906,"minecraft:tripwire_hook":2,"minecraft:deepslate":149,"minecraft:oak_leaves":160,"minecraft:emerald_block":15,"minecraft:tuff":15,"minecraft:deepslate_diamond_ore":6,"minecraft:oak_door":1,"minecraft:cherry_sapling":1,"minecraft:jungle_planks":89,"minecraft:spruce_leaves":17,"minecraft:redstone_ore":6,"minecraft:oak_trapdoor":22,"minecraft:furnace":1,"minecraft:jungle_sapling":22,"minecraft:andesite":16,"minecraft:potatoes":43,"minecraft:deepslate_iron_ore":3,"minecraft:vine":343,"minecraft:bamboo":70,"minecraft:stone":231,"minecraft:smithing_table":1,"minecraft:stone_brick_slab":108,"minecraft:dandelion":3,"minecraft:oak_fence":6,"minecraft:short_grass":312,"minecraft:sculk_sensor":5,"minecraft:lectern":107,"minecraft:copper_ore":10,"minecraft:tall_grass":56,"minecraft:deepslate_gold_ore":15,"minecraft:sculk":13,"minecraft:diorite":22,"minecraft:spruce_log":2497,"minecraft:yellow_bed":2,"minecraft:coal_ore":37,"minecraft:cherry_leaves":62,"minecraft:gravel":3},"minecraft:custom":{"minecraft:animals_bred":15,"minecraft:interact_with_crafting_table":119,"minecraft:leave_game":4,"minecraft:time_since_death":651542,"minecraft:sprint_one_cm":1981857,"minecraft:drop":520,"minecraft:talked_to_villager":736,"minecraft:play_time":875726,"minecraft:deaths":1,"minecraft:jump":7925,"minecraft:walk_on_water_one_cm":25309,"minecraft:interact_with_furnace":67,"minecraft:traded_with_villager":2517,"minecraft:sleep_in_bed":45,"minecraft:damage_dealt":29721,"minecraft:player_kills":3,"minecraft:crouch_one_cm":93304,"minecraft:interact_with_smithing_table":1,"minecraft:interact_with_anvil":18,"minecraft:mob_kills":85,"minecraft:climb_one_cm":78207,"minecraft:walk_one_cm":2022268,"minecraft:sneak_time":28049,"minecraft:walk_under_water_one_cm":3502,"minecraft:interact_with_blast_furnace":10,"minecraft:total_world_time":875726,"minecraft:interact_with_grindstone":2,"minecraft:time_since_rest":9049,"minecraft:damage_taken":3187,"minecraft:swim_one_cm":20241,"minecraft:fly_one_cm":1329832,"minecraft:open_chest":621,"minecraft:fall_one_cm":101415},"minecraft:killed":{"minecraft:spider":2,"minecraft:skeleton":5,"minecraft:iron_golem":29,"minecraft:creeper":7,"minecraft:sheep":1,"minecraft:zombie":31,"minecraft:cow":2,"minecraft:phantom":2,"minecraft:horse":3,"minecraft:villager":1,"minecraft:enderman":1}},"DataVersion":3953}