{"stats":{"minecraft:custom":{"minecraft:interact_with_crafting_table":75,"minecraft:open_barrel":4,"minecraft:bell_ring":2,"minecraft:leave_game":10,"minecraft:time_since_death":41552,"minecraft:sprint_one_cm":2473536,"minecraft:damage_blocked_by_shield":3762,"minecraft:drop":377,"minecraft:talked_to_villager":302,"minecraft:play_time":911702,"minecraft:deaths":4,"minecraft:jump":10626,"minecraft:interact_with_brewingstand":1,"minecraft:walk_on_water_one_cm":146211,"minecraft:interact_with_furnace":31,"minecraft:traded_with_villager":1793,"minecraft:sleep_in_bed":46,"minecraft:open_enderchest":9,"minecraft:damage_dealt":125833,"minecraft:player_kills":1,"minecraft:crouch_one_cm":84118,"minecraft:interact_with_smoker":8,"minecraft:inspect_dispenser":1,"minecraft:interact_with_smithing_table":3,"minecraft:mob_kills":425,"minecraft:interact_with_anvil":27,"minecraft:climb_one_cm":15944,"minecraft:walk_one_cm":1833719,"minecraft:sneak_time":34794,"minecraft:walk_under_water_one_cm":41707,"minecraft:total_world_time":911702,"minecraft:interact_with_grindstone":1,"minecraft:time_since_rest":7712,"minecraft:damage_taken":12802,"minecraft:damage_absorbed":82,"minecraft:swim_one_cm":158619,"minecraft:fly_one_cm":2338635,"minecraft:open_chest":291,"minecraft:fall_one_cm":282597},"minecraft:dropped":{"minecraft:candle":4,"minecraft:birch_planks":1,"minecraft:diamond_axe":2,"minecraft:oak_pressure_plate":1,"minecraft:glass_bottle":3,"minecraft:crossbow":1,"minecraft:purpur_stairs":4,"minecraft:emerald":69,"minecraft:cobblestone_stairs":8,"minecraft:dirt":407,"minecraft:birch_fence":1,"minecraft:dark_oak_fence":7,"minecraft:cornflower":4,"minecraft:mutton":12,"minecraft:sand":105,"minecraft:iron_pickaxe":1,"minecraft:dark_oak_planks":2,"minecraft:bone":2,"minecraft:oak_door":4,"minecraft:stone_axe":13,"minecraft:cooked_chicken":1,"minecraft:chiseled_tuff_bricks":2,"minecraft:cobbled_deepslate":64,"minecraft:birch_sapling":2,"minecraft:rotten_flesh":86,"minecraft:oak_planks":6,"minecraft:azure_bluet":2,"minecraft:honey_bottle":1,"minecraft:white_bed":1,"minecraft:chainmail_chestplate":8,"minecraft:poppy":63,"minecraft:tipped_arrow":48,"minecraft:spruce_slab":9,"minecraft:arrow":81,"minecraft:end_stone_bricks":14,"minecraft:stone_hoe":1,"minecraft:water_bucket":1,"minecraft:iron_ingot":31,"minecraft:bread":110,"minecraft:birch_leaves":12,"minecraft:wheat_seeds":97,"minecraft:mossy_cobblestone":2,"minecraft:poisonous_potato":5,"minecraft:oak_fence":15,"minecraft:cobblestone":154,"minecraft:iron_helmet":11,"minecraft:polished_tuff":1,"minecraft:granite":8,"minecraft:grass_block":14,"minecraft:coal":6,"minecraft:stick":13,"minecraft:oxeye_daisy":2,"minecraft:diorite":17,"minecraft:wooden_axe":1,"minecraft:diamond_helmet":1,"minecraft:dead_bush":1,"minecraft:iron_leggings":1,"minecraft:oak_stairs":107,"minecraft:iron_axe":35,"minecraft:chainmail_leggings":12,"minecraft:string":38,"minecraft:bucket":1,"minecraft:dandelion":10,"minecraft:redstone":24,"minecraft:tuff_bricks":4,"minecraft:kelp":1,"minecraft:cobblestone_wall":5,"minecraft:raw_copper":2,"minecraft:smooth_stone_slab":28,"minecraft:diamond_hoe":10,"minecraft:stone_shovel":2,"minecraft:iron_boots":1,"minecraft:iron_hoe":1,"minecraft:stone_slab":4,"minecraft:suspicious_stew":12,"minecraft:potato":188,"minecraft:flower_pot":2,"minecraft:diamond_chestplate":1,"minecraft:spruce_planks":4,"minecraft:iron_chestplate":1,"minecraft:oak_sapling":61,"minecraft:spider_eye":6,"minecraft:spruce_log":1,"minecraft:bow":4,"minecraft:stone_pickaxe":13,"minecraft:wooden_pickaxe":1,"minecraft:black_wool":2,"minecraft:brick":176,"minecraft:guster_pottery_sherd":4},"minecraft:killed_by":{"minecraft:spider":1,"minecraft:ender_dragon":1},"minecraft:picked_up":{"minecraft:wheat":28,"minecraft:flower_pot":2,"minecraft:smithing_table":3,"minecraft:diamond_sword":2,"minecraft:oak_stairs":107,"minecraft:enchanted_book":1,"minecraft:potion":2,"minecraft:string":51,"minecraft:raw_copper":2,"minecraft:smooth_stone_slab":26,"minecraft:experience_bottle":2,"minecraft:diamond_leggings":5,"minecraft:cobbled_deepslate":72,"minecraft:spruce_planks":66,"minecraft:trial_key":8,"minecraft:ender_eye":22,"minecraft:iron_pickaxe":1,"minecraft:enchanted_golden_apple":1,"minecraft:furnace":3,"minecraft:tipped_arrow":48,"minecraft:stick":474,"minecraft:oak_fence":15,"minecraft:torch":9,"minecraft:purpur_pillar":18,"minecraft:diorite":18,"minecraft:rotten_flesh":92,"minecraft:honey_bottle":3,"minecraft:end_rod":4,"minecraft:blaze_rod":17,"minecraft:obsidian":180,"minecraft:blaze_powder":32,"minecraft:cobblestone":324,"minecraft:birch_log":157,"minecraft:cooked_beef":4,"minecraft:water_bucket":4,"minecraft:andesite":17,"minecraft:black_bed":28,"minecraft:potato":880,"minecraft:flint":24,"minecraft:dirt":2168,"minecraft:bone":58,"minecraft:bow":6,"minecraft:wheat_seeds":181,"minecraft:grindstone":1,"minecraft:bolt_armor_trim_smithing_template":3,"minecraft:diamond_helmet":3,"minecraft:fletching_table":6,"minecraft:scrape_pottery_sherd":2,"minecraft:oak_planks":163,"minecraft:cooked_porkchop":3,"minecraft:oak_pressure_plate":1,"minecraft:poisonous_potato":5,"minecraft:sand":106,"minecraft:dead_bush":1,"minecraft:grass_block":797,"minecraft:mossy_cobblestone":3,"minecraft:iron_hoe":1,"minecraft:diamond":16,"minecraft:granite":8,"minecraft:crossbow":2,"minecraft:breeze_rod":23,"minecraft:golden_apple":1,"minecraft:bread":100,"minecraft:emerald":140,"minecraft:oak_sapling":234,"minecraft:chorus_fruit":10,"minecraft:netherrack":7,"minecraft:dark_oak_fence":7,"minecraft:ominous_trial_key":8,"minecraft:diamond_pickaxe":3,"minecraft:end_stone_bricks":43,"minecraft:crafting_table":4,"minecraft:bee_nest":1,"minecraft:azure_bluet":2,"minecraft:golden_pickaxe":2,"minecraft:gold_block":1,"minecraft:dragon_head":1,"minecraft:brick":224,"minecraft:shield":4,"minecraft:wind_charge":39,"minecraft:cornflower":4,"minecraft:elytra":1,"minecraft:flow_banner_pattern":1,"minecraft:iron_axe":7,"minecraft:flint_and_steel":2,"minecraft:birch_fence":30,"minecraft:candle":4,"minecraft:iron_nugget":12,"minecraft:poppy":74,"minecraft:spruce_slab":5,"minecraft:light_gray_wool":1,"minecraft:guster_pottery_sherd":4,"minecraft:sugar_cane":13,"minecraft:chest":16,"minecraft:birch_sapling":20,"minecraft:raw_iron":3,"minecraft:end_stone":649,"minecraft:oak_door":4,"minecraft:dark_oak_planks":2,"minecraft:arrow":139,"minecraft:diamond_chestplate":6,"minecraft:stone_shovel":1,"minecraft:nether_bricks":1,"minecraft:diamond_boots":3,"minecraft:hay_block":109,"minecraft:glistering_melon_slice":20,"minecraft:gold_ingot":3,"minecraft:tuff_bricks":14,"minecraft:mutton":62,"minecraft:white_wool":46,"minecraft:oxeye_daisy":2,"minecraft:stripped_oak_log":1,"minecraft:birch_leaves":12,"minecraft:golden_carrot":142,"minecraft:leather":5,"minecraft:birch_planks":1,"minecraft:purpur_stairs":10,"minecraft:oak_log":1444,"minecraft:cobblestone_wall":5,"minecraft:yellow_bed":5,"minecraft:gunpowder":1,"minecraft:cobblestone_stairs":9,"minecraft:cooked_mutton":21,"minecraft:apple":90,"minecraft:kelp":1,"minecraft:iron_ingot":297,"minecraft:stone_pickaxe":5,"minecraft:cooked_chicken":1,"minecraft:iron_sword":1,"minecraft:book":63,"minecraft:emerald_block":42,"minecraft:quartz":5,"minecraft:dandelion":10,"minecraft:gravel":404,"minecraft:spruce_sapling":436,"minecraft:white_bed":6,"minecraft:spruce_log":4419,"minecraft:polished_tuff":4,"minecraft:spider_eye":6,"minecraft:dragon_egg":1,"minecraft:diamond_axe":6,"minecraft:baked_potato":57,"minecraft:black_wool":5,"minecraft:chiseled_tuff_bricks":2,"minecraft:coal":63,"minecraft:ender_pearl":27,"minecraft:shulker_shell":23},"minecraft:used":{"minecraft:tuff_bricks":10,"minecraft:iron_shovel":756,"minecraft:spruce_slab":1,"minecraft:poppy":8,"minecraft:diamond_hoe":4,"minecraft:chest":50,"minecraft:shield":133,"minecraft:iron_sword":85,"minecraft:rotten_flesh":4,"minecraft:mutton":2,"minecraft:nether_bricks":1,"minecraft:obsidian":10,"minecraft:honey_bottle":4,"minecraft:bricks":12,"minecraft:grass_block":784,"minecraft:birch_sapling":8,"minecraft:bow":142,"minecraft:hay_block":3,"minecraft:furnace":3,"minecraft:oak_sapling":169,"minecraft:potato":308,"minecraft:dragon_head":1,"minecraft:diorite":1,"minecraft:end_stone_bricks":25,"minecraft:diamond_boots":2,"minecraft:stone_pickaxe":119,"minecraft:oak_planks":27,"minecraft:ender_pearl":27,"minecraft:wooden_pickaxe":17,"minecraft:composter":1,"minecraft:sugar_cane":8,"minecraft:diamond_axe":6026,"minecraft:cookie":80,"minecraft:golden_apple":2,"minecraft:purpur_stairs":4,"minecraft:blast_furnace":1,"minecraft:black_bed":28,"minecraft:end_stone":649,"minecraft:birch_fence":77,"minecraft:polished_tuff":3,"minecraft:bread":52,"minecraft:gravel":136,"minecraft:diamond_sword":711,"minecraft:grindstone":1,"minecraft:smithing_table":5,"minecraft:andesite":17,"minecraft:birch_log":15,"minecraft:smooth_stone_slab":4,"minecraft:bone_meal":39,"minecraft:golden_pickaxe":12,"minecraft:experience_bottle":13,"minecraft:flint_and_steel":50,"minecraft:stone_shovel":527,"minecraft:spruce_planks":3,"minecraft:ender_chest":1,"minecraft:stone_hoe":27,"minecraft:netherrack":7,"minecraft:trial_key":8,"minecraft:torch":6,"minecraft:dirt":1669,"minecraft:anvil":2,"minecraft:diamond_helmet":2,"minecraft:golden_shovel":32,"minecraft:bee_nest":1,"minecraft:iron_hoe":163,"minecraft:wooden_axe":1,"minecraft:iron_axe":1162,"minecraft:light_gray_wool":1,"minecraft:diamond_chestplate":1,"minecraft:glowstone":8,"minecraft:golden_carrot":52,"minecraft:cobbled_deepslate":8,"minecraft:cooked_mutton":31,"minecraft:wheat_seeds":24,"minecraft:water_bucket":192,"minecraft:cobblestone_stairs":1,"minecraft:birch_planks":17,"minecraft:baked_potato":69,"minecraft:fletching_table":12,"minecraft:mossy_cobblestone":1,"minecraft:crafting_table":7,"minecraft:white_bed":13,"minecraft:spruce_log":21,"minecraft:oak_log":24,"minecraft:ender_eye":39,"minecraft:diamond_pickaxe":1220,"minecraft:apple":23,"minecraft:diamond_shovel":1630,"minecraft:ominous_trial_key":3,"minecraft:wind_charge":5,"minecraft:iron_pickaxe":50,"minecraft:spruce_sapling":236,"minecraft:stone_axe":188,"minecraft:cobblestone":54,"minecraft:potion":1,"minecraft:cooked_porkchop":3,"minecraft:bucket":191,"minecraft:pumpkin_pie":1,"minecraft:yellow_bed":5,"minecraft:diamond_leggings":3},"minecraft:crafted":{"minecraft:ender_chest":1,"minecraft:grindstone":2,"minecraft:smooth_stone":16,"minecraft:oak_planks":5300,"minecraft:blaze_powder":34,"minecraft:stone":19,"minecraft:diamond_shovel":2,"minecraft:shulker_box":3,"minecraft:cooked_mutton":19,"minecraft:suspicious_stew":12,"minecraft:diamond_helmet":2,"minecraft:diamond_leggings":2,"minecraft:bow":2,"minecraft:iron_boots":1,"minecraft:chest":37,"minecraft:bricks":12,"minecraft:stone_hoe":1,"minecraft:ender_eye":18,"minecraft:arrow":192,"minecraft:emerald":2194,"minecraft:diamond_axe":23,"minecraft:crafting_table":4,"minecraft:spruce_planks":17524,"minecraft:wooden_pickaxe":1,"minecraft:baked_potato":64,"minecraft:iron_helmet":11,"minecraft:chainmail_chestplate":8,"minecraft:smithing_table":2,"minecraft:fletching_table":8,"minecraft:birch_planks":568,"minecraft:iron_chestplate":1,"minecraft:book":1,"minecraft:paper":3,"minecraft:diamond_pickaxe":1,"minecraft:emerald_block":112,"minecraft:shield":1,"minecraft:birch_fence":81,"minecraft:stick":45716,"minecraft:stone_slab":6,"minecraft:iron_ingot":3,"minecraft:iron_pickaxe":1,"minecraft:iron_block":6,"minecraft:black_bed":1,"minecraft:composter":1,"minecraft:golden_carrot":72,"minecraft:cookie":144,"minecraft:redstone":48,"minecraft:stone_shovel":5,"minecraft:smooth_stone_slab":6,"minecraft:experience_bottle":12,"minecraft:diamond_hoe":10,"minecraft:furnace":2,"minecraft:blast_furnace":1,"minecraft:bone_meal":39,"minecraft:blue_shulker_box":1,"minecraft:iron_axe":34,"minecraft:iron_hoe":1,"minecraft:spruce_slab":12,"minecraft:red_shulker_box":1,"minecraft:ender_pearl":20,"minecraft:stone_pickaxe":11,"minecraft:diamond_boots":7,"minecraft:chainmail_leggings":12,"minecraft:red_dye":1,"minecraft:diamond_sword":2,"minecraft:bucket":1,"minecraft:stone_axe":14,"minecraft:glowstone":8,"minecraft:bread":96,"minecraft:air":0,"minecraft:blue_dye":1,"minecraft:wooden_axe":1,"minecraft:iron_shovel":3,"minecraft:iron_leggings":1,"minecraft:anvil":2,"minecraft:white_bed":8,"minecraft:pumpkin_pie":48,"minecraft:torch":4,"minecraft:lapis_lazuli":24,"minecraft:diamond_chestplate":2},"minecraft:broken":{"minecraft:iron_shovel":3,"minecraft:golden_shovel":1,"minecraft:stone_axe":1,"minecraft:stone_shovel":4,"minecraft:diamond_leggings":1,"minecraft:shield":1,"minecraft:iron_axe":2},"minecraft:killed":{"minecraft:cave_spider":8,"minecraft:spider":12,"minecraft:shulker":32,"minecraft:skeleton":57,"minecraft:silverfish":5,"minecraft:pig":1,"minecraft:iron_golem":62,"minecraft:creeper":2,"minecraft:sheep":30,"minecraft:zombie":110,"minecraft:blaze":36,"minecraft:horse":7,"minecraft:drowned":1,"minecraft:breeze":14,"minecraft:enderman":39},"minecraft:mined":{"minecraft:dark_oak_planks":3,"minecraft:dragon_wall_head":1,"minecraft:white_bed":6,"minecraft:spruce_planks":2,"minecraft:oak_sapling":3,"minecraft:cobblestone_stairs":9,"minecraft:obsidian":99,"minecraft:granite":8,"minecraft:grass_block":1589,"minecraft:chiseled_tuff_bricks":2,"minecraft:tuff_bricks":15,"minecraft:spawner":2,"minecraft:iron_ore":3,"minecraft:fire":25,"minecraft:polished_tuff":4,"minecraft:fletching_table":6,"minecraft:dirt_path":76,"minecraft:oak_stairs":107,"minecraft:end_stone_bricks":40,"minecraft:kelp_plant":1,"minecraft:purpur_stairs":9,"minecraft:chest":15,"minecraft:white_stained_glass_pane":1,"minecraft:nether_quartz_ore":6,"minecraft:cobblestone":121,"minecraft:sugar_cane":7,"minecraft:oak_planks":98,"minecraft:iron_door":4,"minecraft:wall_torch":5,"minecraft:birch_log":158,"minecraft:wheat":24,"minecraft:waxed_copper_block":3,"minecraft:black_bed":27,"minecraft:smooth_stone_slab":13,"minecraft:yellow_stained_glass_pane":1,"minecraft:oak_log":1286,"minecraft:sand":114,"minecraft:dirt":1099,"minecraft:netherrack":9,"minecraft:oak_leaves":365,"minecraft:deepslate":73,"minecraft:mossy_cobblestone":5,"minecraft:candle":1,"minecraft:oak_door":4,"minecraft:end_stone":654,"minecraft:waxed_oxidized_chiseled_copper":1,"minecraft:nether_bricks":1,"minecraft:dark_oak_fence":10,"minecraft:decorated_pot":33,"minecraft:spruce_leaves":33,"minecraft:hay_block":56,"minecraft:waxed_oxidized_cut_copper":1,"minecraft:furnace":2,"minecraft:andesite":17,"minecraft:gold_block":1,"minecraft:chiseled_tuff":1,"minecraft:bookshelf":24,"minecraft:potatoes":189,"minecraft:stripped_oak_log":1,"minecraft:stone":180,"minecraft:podzol":1,"minecraft:smithing_table":3,"minecraft:acacia_leaves":6,"minecraft:glass_pane":10,"minecraft:dandelion":2,"minecraft:oak_fence":15,"minecraft:crafting_table":3,"minecraft:cornflower":1,"minecraft:short_grass":124,"minecraft:stone_slab":1,"minecraft:tall_grass":56,"minecraft:purpur_pillar":20,"minecraft:copper_ore":1,"minecraft:diorite":19,"minecraft:birch_planks":1,"minecraft:cobblestone_wall":5,"minecraft:spruce_log":4424,"minecraft:birch_leaves":13,"minecraft:bee_nest":1,"minecraft:yellow_bed":5,"minecraft:coal_ore":37,"minecraft:end_rod":2,"minecraft:gravel":238,"minecraft:cobweb":30,"minecraft:birch_fence":13}},"DataVersion":3955}