{"stats":{"minecraft:crafted":{"minecraft:oak_planks":72,"minecraft:emerald":15,"minecraft:tripwire_hook":2,"minecraft:wooden_pickaxe":1,"minecraft:lever":1,"minecraft:stone_axe":1,"minecraft:jungle_planks":332,"minecraft:oak_trapdoor":6,"minecraft:hopper":4,"minecraft:iron_axe":1,"minecraft:stick":496,"minecraft:stone_pickaxe":1,"minecraft:chest":12,"minecraft:iron_shovel":1,"minecraft:shears":1},"minecraft:dropped":{"minecraft:stone_axe":1,"minecraft:shears":1,"minecraft:poppy":4,"minecraft:wooden_pickaxe":1},"minecraft:picked_up":{"minecraft:azure_bluet":11,"minecraft:tripwire_hook":2,"minecraft:jungle_log":147,"minecraft:oak_log":23,"minecraft:string":2,"minecraft:dirt":69,"minecraft:oak_trapdoor":8,"minecraft:apple":1,"minecraft:wheat_seeds":11,"minecraft:iron_ingot":25,"minecraft:jungle_sapling":9,"minecraft:poppy":6,"minecraft:bamboo":6,"minecraft:sugar_cane":36,"minecraft:oak_planks":1,"minecraft:cherry_button":3,"minecraft:stick":24,"minecraft:bread":31,"minecraft:oak_sapling":7,"minecraft:mutton":1,"minecraft:white_wool":1,"minecraft:cobblestone":6},"minecraft:used":{"minecraft:oak_trapdoor":14,"minecraft:water_bucket":8,"minecraft:iron_shovel":33,"minecraft:poppy":2,"minecraft:oak_planks":1,"minecraft:chest":8,"minecraft:wooden_pickaxe":6,"minecraft:dirt":79,"minecraft:hopper":4,"minecraft:shears":2,"minecraft:jungle_sapling":9,"minecraft:lever":1,"minecraft:iron_axe":213,"minecraft:bread":6,"minecraft:string":7,"minecraft:iron_boots":1,"minecraft:stone_axe":20,"minecraft:bamboo":6,"minecraft:tripwire_hook":4,"minecraft:oak_sapling":7,"minecraft:bucket":7,"minecraft:chainmail_leggings":1},"minecraft:mined":{"minecraft:jungle_leaves":18,"minecraft:short_grass":84,"minecraft:grass_block":29,"minecraft:poppy":4,"minecraft:jungle_log":149,"minecraft:tall_grass":17,"minecraft:sugar_cane":18,"minecraft:oak_planks":1,"minecraft:oak_trapdoor":8,"minecraft:azure_bluet":13,"minecraft:oak_log":24,"minecraft:vine":18,"minecraft:dirt_path":2,"minecraft:dirt":43,"minecraft:bamboo":1,"minecraft:tripwire_hook":1,"minecraft:stone":6,"minecraft:oak_leaves":5,"minecraft:tripwire":2},"minecraft:custom":{"minecraft:mob_kills":3,"minecraft:traded_with_villager":15,"minecraft:interact_with_crafting_table":15,"minecraft:leave_game":1,"minecraft:time_since_death":45220,"minecraft:climb_one_cm":1434,"minecraft:time_since_rest":45220,"minecraft:sprint_one_cm":115107,"minecraft:damage_taken":143,"minecraft:walk_one_cm":72107,"minecraft:drop":7,"minecraft:damage_dealt":1793,"minecraft:swim_one_cm":20241,"minecraft:talked_to_villager":1,"minecraft:fly_one_cm":85468,"minecraft:open_chest":37,"minecraft:crouch_one_cm":527,"minecraft:play_time":45220,"minecraft:sneak_time":705,"minecraft:walk_under_water_one_cm":1275,"minecraft:jump":503,"minecraft:walk_on_water_one_cm":6306,"minecraft:total_world_time":45220,"minecraft:fall_one_cm":8969},"minecraft:killed":{"minecraft:iron_golem":2,"minecraft:sheep":1}},"DataVersion":3953}