{"stats":{"minecraft:mined":{"minecraft:short_grass":48,"minecraft:grass_block":1,"minecraft:oak_log":8,"minecraft:dirt":4,"minecraft:tall_grass":13,"minecraft:crafting_table":1,"minecraft:oak_leaves":3},"minecraft:crafted":{"minecraft:oak_planks":16,"minecraft:crafting_table":1,"minecraft:wooden_pickaxe":1,"minecraft:stick":4,"minecraft:wooden_axe":1},"minecraft:used":{"minecraft:oak_log":4,"minecraft:wooden_axe":1,"minecraft:dirt":4,"minecraft:mutton":2,"minecraft:crafting_table":1,"minecraft:golden_pickaxe":1},"minecraft:picked_up":{"minecraft:crafting_table":1,"minecraft:rotten_flesh":4,"minecraft:wheat_seeds":12,"minecraft:oak_log":8,"minecraft:sugar_cane":2,"minecraft:mutton":2,"minecraft:white_wool":1,"minecraft:dirt":5},"minecraft:killed":{"minecraft:sheep":1,"minecraft:zombie":3},"minecraft:custom":{"minecraft:open_chest":1,"minecraft:time_since_rest":12336,"minecraft:crouch_one_cm":319,"minecraft:sprint_one_cm":30803,"minecraft:play_time":12336,"minecraft:damage_taken":205,"minecraft:walk_one_cm":14211,"minecraft:sneak_time":64,"minecraft:walk_under_water_one_cm":121,"minecraft:mob_kills":4,"minecraft:jump":206,"minecraft:damage_dealt":698,"minecraft:leave_game":1,"minecraft:time_since_death":12336,"minecraft:walk_on_water_one_cm":120,"minecraft:total_world_time":12336,"minecraft:interact_with_crafting_table":1,"minecraft:swim_one_cm":3506,"minecraft:fall_one_cm":4545,"minecraft:fly_one_cm":30834}},"DataVersion":3955}