{"stats":{"minecraft:crafted":{"minecraft:oak_planks":16,"minecraft:stick":4,"minecraft:wooden_pickaxe":1},"minecraft:picked_up":{"minecraft:oak_log":4,"minecraft:bread":31,"minecraft:bamboo":6,"minecraft:cobblestone":2,"minecraft:dirt":2},"minecraft:used":{"minecraft:dirt":2,"minecraft:bread":3,"minecraft:wooden_pickaxe":2,"minecraft:iron_boots":1,"minecraft:chainmail_leggings":1},"minecraft:mined":{"minecraft:grass_block":2,"minecraft:oak_log":4,"minecraft:stone":2,"minecraft:bamboo":1,"minecraft:oak_leaves":2},"minecraft:custom":{"minecraft:open_chest":2,"minecraft:time_since_rest":9275,"minecraft:play_time":9275,"minecraft:sprint_one_cm":26870,"minecraft:damage_taken":98,"minecraft:walk_one_cm":7278,"minecraft:sneak_time":28,"minecraft:walk_under_water_one_cm":1275,"minecraft:jump":146,"minecraft:leave_game":1,"minecraft:time_since_death":9275,"minecraft:walk_on_water_one_cm":2524,"minecraft:total_world_time":9275,"minecraft:climb_one_cm":1040,"minecraft:swim_one_cm":20241,"minecraft:interact_with_crafting_table":1,"minecraft:fall_one_cm":3777,"minecraft:fly_one_cm":23521}},"DataVersion":3953}