{"stats":{"minecraft:crafted":{"minecraft:oak_planks":72,"minecraft:emerald":15,"minecraft:tripwire_hook":2,"minecraft:wooden_pickaxe":1,"minecraft:lever":1,"minecraft:stone_axe":1,"minecraft:jungle_planks":332,"minecraft:oak_trapdoor":6,"minecraft:hopper":4,"minecraft:iron_axe":1,"minecraft:stick":496,"minecraft:stone_pickaxe":1,"minecraft:chest":12,"minecraft:iron_shovel":1,"minecraft:shears":1},"minecraft:dropped":{"minecraft:stone_axe":1,"minecraft:rotten_flesh":6,"minecraft:shears":1,"minecraft:poppy":4,"minecraft:cherry_button":3,"minecraft:wooden_pickaxe":1},"minecraft:picked_up":{"minecraft:azure_bluet":16,"minecraft:tripwire_hook":4,"minecraft:jungle_log":147,"minecraft:oak_log":23,"minecraft:gunpowder":1,"minecraft:string":4,"minecraft:dirt":128,"minecraft:oak_trapdoor":10,"minecraft:apple":1,"minecraft:wheat_seeds":12,"minecraft:iron_ingot":25,"minecraft:jungle_sapling":9,"minecraft:poppy":10,"minecraft:bamboo":6,"minecraft:sugar_cane":36,"minecraft:oak_planks":1,"minecraft:cherry_button":3,"minecraft:stick":24,"minecraft:torch":2,"minecraft:rotten_flesh":8,"minecraft:lever":1,"minecraft:bread":31,"minecraft:oak_sapling":7,"minecraft:mutton":1,"minecraft:white_wool":1,"minecraft:cobblestone":6},"minecraft:used":{"minecraft:oak_trapdoor":14,"minecraft:water_bucket":8,"minecraft:iron_shovel":101,"minecraft:poppy":2,"minecraft:oak_planks":1,"minecraft:chest":8,"minecraft:wooden_pickaxe":6,"minecraft:dirt":144,"minecraft:hopper":4,"minecraft:shears":3,"minecraft:jungle_sapling":9,"minecraft:lever":1,"minecraft:apple":1,"minecraft:iron_axe":222,"minecraft:bread":8,"minecraft:string":10,"minecraft:iron_boots":1,"minecraft:stone_axe":20,"minecraft:bamboo":6,"minecraft:tripwire_hook":4,"minecraft:oak_sapling":7,"minecraft:bucket":9,"minecraft:chainmail_leggings":1},"minecraft:mined":{"minecraft:jungle_leaves":18,"minecraft:torch":2,"minecraft:short_grass":86,"minecraft:grass_block":68,"minecraft:poppy":4,"minecraft:jungle_log":149,"minecraft:tall_grass":17,"minecraft:sugar_cane":18,"minecraft:oak_planks":1,"minecraft:oak_trapdoor":10,"minecraft:azure_bluet":13,"minecraft:oak_log":24,"minecraft:vine":18,"minecraft:dirt_path":4,"minecraft:dirt":68,"minecraft:bamboo":1,"minecraft:tripwire_hook":2,"minecraft:stone":6,"minecraft:oak_leaves":5,"minecraft:tripwire":5},"minecraft:custom":{"minecraft:mob_kills":6,"minecraft:traded_with_villager":15,"minecraft:interact_with_crafting_table":16,"minecraft:leave_game":1,"minecraft:sleep_in_bed":2,"minecraft:time_since_death":57220,"minecraft:climb_one_cm":1434,"minecraft:time_since_rest":3568,"minecraft:sprint_one_cm":134027,"minecraft:damage_taken":243,"minecraft:walk_one_cm":106520,"minecraft:drop":16,"minecraft:damage_dealt":2393,"minecraft:swim_one_cm":20241,"minecraft:talked_to_villager":2,"minecraft:fly_one_cm":100191,"minecraft:open_chest":40,"minecraft:crouch_one_cm":838,"minecraft:play_time":57220,"minecraft:sneak_time":1028,"minecraft:walk_under_water_one_cm":1275,"minecraft:jump":598,"minecraft:walk_on_water_one_cm":6446,"minecraft:total_world_time":57220,"minecraft:fall_one_cm":10339},"minecraft:killed":{"minecraft:iron_golem":2,"minecraft:creeper":1,"minecraft:sheep":1,"minecraft:zombie":2}},"DataVersion":3953}