{"stats":{"minecraft:crafted":{"minecraft:oak_planks":544,"minecraft:fishing_rod":1,"minecraft:tripwire_hook":2,"minecraft:diamond_shovel":2,"minecraft:lever":1,"minecraft:oak_trapdoor":6,"minecraft:hopper":4,"minecraft:iron_axe":7,"minecraft:stone_pickaxe":61,"minecraft:chest":14,"minecraft:emerald":415,"minecraft:crafting_table":1,"minecraft:wooden_pickaxe":1,"minecraft:bell":2,"minecraft:smithing_table":1,"minecraft:stone_axe":47,"minecraft:jungle_planks":7292,"minecraft:emerald_block":9,"minecraft:stick":15604,"minecraft:iron_pickaxe":3,"minecraft:iron_shovel":4,"minecraft:shears":1},"minecraft:dropped":{"minecraft:stone_hoe":2,"minecraft:iron_ingot":90,"minecraft:wheat_seeds":73,"minecraft:cooked_beef":12,"minecraft:mossy_cobblestone":1,"minecraft:crafting_table":3,"minecraft:cooked_porkchop":56,"minecraft:poisonous_potato":1,"minecraft:oak_fence":5,"minecraft:iron_helmet":2,"minecraft:cobblestone":377,"minecraft:granite":3,"minecraft:coal":11,"minecraft:stick":28,"minecraft:oxeye_daisy":1,"minecraft:dirt":323,"minecraft:torch":6,"minecraft:melon_slice":2,"minecraft:cherry_button":3,"minecraft:iron_axe":1,"minecraft:glistering_melon_slice":6,"minecraft:chainmail_leggings":2,"minecraft:white_wool":8,"minecraft:acacia_planks":184,"minecraft:dandelion":5,"minecraft:bone":1,"minecraft:gravel":1,"minecraft:furnace":1,"minecraft:stone_axe":39,"minecraft:oak_trapdoor":12,"minecraft:rotten_flesh":24,"minecraft:iron_boots":1,"minecraft:azure_bluet":62,"minecraft:shears":1,"minecraft:poppy":78,"minecraft:shield":2,"minecraft:gunpowder":3,"minecraft:oak_button":16,"minecraft:oak_sapling":18,"minecraft:spider_eye":1,"minecraft:bamboo":3,"minecraft:raw_gold":18,"minecraft:stone_pickaxe":71,"minecraft:wooden_pickaxe":2,"minecraft:bell":2},"minecraft:broken":{"minecraft:iron_shovel":1,"minecraft:diamond_axe":1,"minecraft:iron_axe":3,"minecraft:stone_axe":8,"minecraft:stone_shovel":1},"minecraft:picked_up":{"minecraft:crafting_table":3,"minecraft:wheat":18,"minecraft:azure_bluet":57,"minecraft:smithing_table":1,"minecraft:shield":2,"minecraft:string":9,"minecraft:oak_trapdoor":22,"minecraft:iron_axe":1,"minecraft:diamond_leggings":1,"minecraft:jungle_sapling":133,"minecraft:poppy":75,"minecraft:melon_slice":2,"minecraft:sugar_cane":71,"minecraft:chest":8,"minecraft:cherry_button":3,"minecraft:furnace":1,"minecraft:stick":264,"minecraft:composter":1,"minecraft:oak_fence":5,"minecraft:torch":11,"minecraft:cherry_log":110,"minecraft:rotten_flesh":18,"minecraft:tropical_fish":22,"minecraft:shears":1,"minecraft:diamond_boots":2,"minecraft:glistering_melon_slice":6,"minecraft:mutton":1,"minecraft:cod":2,"minecraft:white_wool":9,"minecraft:cobblestone":449,"minecraft:oxeye_daisy":1,"minecraft:cooked_beef":12,"minecraft:tripwire_hook":4,"minecraft:water_bucket":1,"minecraft:jungle_log":2724,"minecraft:potato":156,"minecraft:oak_log":256,"minecraft:yellow_bed":1,"minecraft:gunpowder":4,"minecraft:dirt":1295,"minecraft:bone":1,"minecraft:acacia_planks":184,"minecraft:apple":8,"minecraft:wheat_seeds":106,"minecraft:raw_gold":27,"minecraft:iron_ingot":155,"minecraft:stone_pickaxe":10,"minecraft:fletching_table":2,"minecraft:bamboo":831,"minecraft:iron_sword":1,"minecraft:oak_planks":1,"minecraft:stone_hoe":1,"minecraft:cooked_porkchop":56,"minecraft:dandelion":5,"minecraft:poisonous_potato":1,"minecraft:jungle_planks":93,"minecraft:white_bed":6,"minecraft:spider_eye":1,"minecraft:diamond":1,"minecraft:lever":1,"minecraft:chainmail_leggings":1,"minecraft:iron_helmet":2,"minecraft:granite":6,"minecraft:diamond_axe":1,"minecraft:bone_meal":1,"minecraft:cherry_sapling":19,"minecraft:bread":32,"minecraft:emerald":91,"minecraft:oak_sapling":76,"minecraft:coal":22,"minecraft:hopper":4},"minecraft:used":{"minecraft:oak_trapdoor":14,"minecraft:cherry_sapling":20,"minecraft:iron_shovel":256,"minecraft:stone_shovel":131,"minecraft:poppy":5,"minecraft:chest":10,"minecraft:iron_sword":10,"minecraft:torch":3,"minecraft:dirt":944,"minecraft:hopper":4,"minecraft:jungle_planks":29,"minecraft:granite":3,"minecraft:jungle_sapling":128,"minecraft:iron_axe":1528,"minecraft:jungle_log":23,"minecraft:iron_boots":1,"minecraft:bamboo":64,"minecraft:tripwire_hook":4,"minecraft:oak_sapling":42,"minecraft:potato":5,"minecraft:wheat_seeds":45,"minecraft:water_bucket":21,"minecraft:diamond_boots":1,"minecraft:stone_pickaxe":11,"minecraft:oak_planks":1,"minecraft:wooden_pickaxe":6,"minecraft:fletching_table":2,"minecraft:diamond_axe":1183,"minecraft:sugar_cane":2,"minecraft:crafting_table":1,"minecraft:white_bed":6,"minecraft:shears":3,"minecraft:oak_log":16,"minecraft:lever":1,"minecraft:apple":8,"minecraft:diamond_shovel":1032,"minecraft:bread":44,"minecraft:string":10,"minecraft:stone_axe":1049,"minecraft:fishing_rod":1,"minecraft:cobblestone":2,"minecraft:smithing_table":2,"minecraft:bucket":22,"minecraft:yellow_bed":1,"minecraft:bone_meal":1,"minecraft:diamond_leggings":2,"minecraft:chainmail_leggings":1},"minecraft:mined":{"minecraft:white_bed":2,"minecraft:farmland":49,"minecraft:cherry_log":110,"minecraft:jungle_leaves":279,"minecraft:granite":6,"minecraft:grass_block":606,"minecraft:jungle_planks":29,"minecraft:jungle_log":2559,"minecraft:hopper":4,"minecraft:oxeye_daisy":1,"minecraft:oak_trapdoor":22,"minecraft:jungle_sapling":11,"minecraft:fletching_table":2,"minecraft:azure_bluet":41,"minecraft:potatoes":2,"minecraft:dirt_path":102,"minecraft:vine":185,"minecraft:bamboo":70,"minecraft:stone":6,"minecraft:tripwire":5,"minecraft:smithing_table":1,"minecraft:dandelion":3,"minecraft:oak_fence":6,"minecraft:torch":3,"minecraft:short_grass":242,"minecraft:poppy":55,"minecraft:chest":8,"minecraft:tall_grass":41,"minecraft:oak_planks":1,"minecraft:sugar_cane":38,"minecraft:wheat":13,"minecraft:stripped_oak_wood":2,"minecraft:oak_log":257,"minecraft:cherry_leaves":28,"minecraft:dirt":724,"minecraft:tripwire_hook":2,"minecraft:oak_leaves":113},"minecraft:custom":{"minecraft:mob_kills":25,"minecraft:animals_bred":2,"minecraft:interact_with_crafting_table":37,"minecraft:leave_game":2,"minecraft:time_since_death":97365,"minecraft:climb_one_cm":17060,"minecraft:sprint_one_cm":724421,"minecraft:walk_one_cm":661119,"minecraft:drop":266,"minecraft:talked_to_villager":141,"minecraft:play_time":321549,"minecraft:deaths":1,"minecraft:sneak_time":7588,"minecraft:walk_under_water_one_cm":2891,"minecraft:jump":3084,"minecraft:walk_on_water_one_cm":22461,"minecraft:total_world_time":321549,"minecraft:interact_with_furnace":2,"minecraft:traded_with_villager":535,"minecraft:sleep_in_bed":25,"minecraft:time_since_rest":35904,"minecraft:damage_taken":1468,"minecraft:damage_dealt":7760,"minecraft:swim_one_cm":20241,"minecraft:fly_one_cm":501189,"minecraft:player_kills":2,"minecraft:open_chest":164,"minecraft:crouch_one_cm":16729,"minecraft:fall_one_cm":49461},"minecraft:killed":{"minecraft:spider":2,"minecraft:iron_golem":4,"minecraft:creeper":5,"minecraft:sheep":1,"minecraft:zombie":12,"minecraft:enderman":1}},"DataVersion":3953}