{"stats":{"minecraft:mined":{"minecraft:dandelion":2,"minecraft:crafting_table":3,"minecraft:cornflower":1,"minecraft:short_grass":79,"minecraft:grass_block":261,"minecraft:tall_grass":14,"minecraft:diorite":1,"minecraft:hay_block":25,"minecraft:furnace":1,"minecraft:fire":2,"minecraft:oak_log":29,"minecraft:coal_ore":5,"minecraft:dirt_path":18,"minecraft:dirt":134,"minecraft:stone":34,"minecraft:oak_leaves":6},"minecraft:crafted":{"minecraft:oak_planks":76,"minecraft:stone_shovel":1,"minecraft:crafting_table":1,"minecraft:wooden_pickaxe":1,"minecraft:furnace":1,"minecraft:stone_axe":1,"minecraft:cooked_mutton":2,"minecraft:stick":16,"minecraft:stone_pickaxe":1,"minecraft:wooden_axe":1,"minecraft:iron_shovel":1,"minecraft:black_bed":1,"minecraft:stone_hoe":1},"minecraft:picked_up":{"minecraft:crafting_table":3,"minecraft:oak_log":29,"minecraft:cornflower":1,"minecraft:dirt":406,"minecraft:cooked_mutton":12,"minecraft:wheat_seeds":20,"minecraft:iron_ingot":4,"minecraft:poppy":1,"minecraft:light_gray_wool":1,"minecraft:sugar_cane":2,"minecraft:furnace":1,"minecraft:dandelion":2,"minecraft:diorite":1,"minecraft:rotten_flesh":6,"minecraft:hay_block":25,"minecraft:black_wool":3,"minecraft:mutton":33,"minecraft:coal":5,"minecraft:white_wool":20,"minecraft:cobblestone":34},"minecraft:used":{"minecraft:cooked_mutton":5,"minecraft:diorite":1,"minecraft:iron_shovel":241,"minecraft:flint_and_steel":2,"minecraft:stone_shovel":130,"minecraft:stone_pickaxe":15,"minecraft:oak_planks":3,"minecraft:wooden_pickaxe":17,"minecraft:stone_hoe":27,"minecraft:rotten_flesh":4,"minecraft:dirt":114,"minecraft:mutton":2,"minecraft:crafting_table":4,"minecraft:golden_shovel":32,"minecraft:oak_log":4,"minecraft:wooden_axe":1,"minecraft:stone_axe":62,"minecraft:light_gray_wool":1,"minecraft:furnace":1,"minecraft:golden_pickaxe":12},"minecraft:broken":{"minecraft:golden_shovel":1,"minecraft:stone_shovel":1},"minecraft:killed":{"minecraft:iron_golem":1,"minecraft:sheep":24,"minecraft:zombie":4},"minecraft:custom":{"minecraft:interact_with_furnace":10,"minecraft:mob_kills":29,"minecraft:interact_with_crafting_table":8,"minecraft:bell_ring":2,"minecraft:leave_game":1,"minecraft:time_since_death":36336,"minecraft:sleep_in_bed":1,"minecraft:time_since_rest":12921,"minecraft:sprint_one_cm":113347,"minecraft:damage_taken":205,"minecraft:walk_one_cm":84046,"minecraft:drop":8,"minecraft:damage_dealt":3598,"minecraft:swim_one_cm":7964,"minecraft:fly_one_cm":104752,"minecraft:open_chest":4,"minecraft:crouch_one_cm":568,"minecraft:play_time":36336,"minecraft:sneak_time":203,"minecraft:walk_under_water_one_cm":150,"minecraft:jump":595,"minecraft:walk_on_water_one_cm":4822,"minecraft:total_world_time":36336,"minecraft:fall_one_cm":12953},"minecraft:dropped":{"minecraft:rotten_flesh":2,"minecraft:poppy":1,"minecraft:cornflower":1,"minecraft:wooden_axe":1,"minecraft:wooden_pickaxe":1,"minecraft:dandelion":2}},"DataVersion":3955}