{"stats":{"minecraft:crafted":{"minecraft:grindstone":2,"minecraft:oak_planks":648,"minecraft:fishing_rod":1,"minecraft:tripwire_hook":2,"minecraft:furnace":5,"minecraft:stone":540,"minecraft:lever":1,"minecraft:diamond_shovel":8,"minecraft:bookshelf":2,"minecraft:oak_trapdoor":6,"minecraft:hopper":4,"minecraft:stone_brick_slab":1058,"minecraft:diamond_helmet":1,"minecraft:bow":4,"minecraft:iron_axe":20,"minecraft:stone_pickaxe":61,"minecraft:chest":14,"minecraft:stone_bricks":532,"minecraft:arrow":192,"minecraft:emerald":1192,"minecraft:diamond_axe":1,"minecraft:crafting_table":1,"minecraft:wooden_pickaxe":1,"minecraft:bell":2,"minecraft:smithing_table":1,"minecraft:enchanted_book":1,"minecraft:stone_axe":47,"minecraft:jungle_slab":12,"minecraft:bread":60,"minecraft:air":0,"minecraft:jungle_planks":17308,"minecraft:lectern":2,"minecraft:book":5,"minecraft:paper":684,"minecraft:diamond_pickaxe":1,"minecraft:emerald_block":71,"minecraft:stick":35997,"minecraft:stone_slab":6,"minecraft:iron_ingot":18,"minecraft:iron_pickaxe":3,"minecraft:iron_block":11,"minecraft:iron_shovel":7,"minecraft:anvil":1,"minecraft:pumpkin_pie":48,"minecraft:acacia_planks":8,"minecraft:torch":256,"minecraft:shears":1,"minecraft:diamond_chestplate":1},"minecraft:dropped":{"minecraft:stone_hoe":2,"minecraft:iron_ingot":90,"minecraft:bread":26,"minecraft:wheat_seeds":79,"minecraft:cooked_beef":12,"minecraft:mossy_cobblestone":1,"minecraft:crafting_table":3,"minecraft:cooked_porkchop":56,"minecraft:poisonous_potato":2,"minecraft:feather":2,"minecraft:oak_fence":5,"minecraft:iron_helmet":2,"minecraft:cobblestone":377,"minecraft:jungle_planks":1,"minecraft:granite":11,"minecraft:fletching_table":2,"minecraft:stripped_jungle_log":1,"minecraft:tropical_fish":13,"minecraft:grass_block":44,"minecraft:coal":11,"minecraft:cod":14,"minecraft:stick":28,"minecraft:oxeye_daisy":2,"minecraft:jungle_slab":4,"minecraft:dirt":381,"minecraft:torch":6,"minecraft:cornflower":1,"minecraft:melon_slice":2,"minecraft:cherry_button":3,"minecraft:iron_axe":17,"minecraft:glistering_melon_slice":6,"minecraft:paper":64,"minecraft:iron_shovel":3,"minecraft:chainmail_leggings":2,"minecraft:string":2,"minecraft:white_wool":8,"minecraft:acacia_planks":184,"minecraft:stone_brick_slab":384,"minecraft:dandelion":16,"minecraft:bone":2,"minecraft:oak_door":1,"minecraft:gravel":1,"minecraft:furnace":1,"minecraft:stone_axe":39,"minecraft:oak_trapdoor":12,"minecraft:rotten_flesh":33,"minecraft:iron_boots":1,"minecraft:diamond_shovel":2,"minecraft:stone_slab":4,"minecraft:azure_bluet":110,"minecraft:shears":1,"minecraft:poppy":135,"minecraft:potato":208,"minecraft:stone":1,"minecraft:shield":2,"minecraft:gunpowder":3,"minecraft:oak_button":16,"minecraft:diamond_chestplate":1,"minecraft:oak_sapling":38,"minecraft:spider_eye":1,"minecraft:bamboo":3,"minecraft:beef":4,"minecraft:arrow":3,"minecraft:wooden_pickaxe":2,"minecraft:stone_pickaxe":72,"minecraft:raw_gold":18,"minecraft:bell":2,"minecraft:lectern":1},"minecraft:broken":{"minecraft:iron_shovel":1,"minecraft:diamond_axe":1,"minecraft:iron_axe":4,"minecraft:stone_axe":8,"minecraft:stone_shovel":1},"minecraft:picked_up":{"minecraft:crafting_table":3,"minecraft:wheat":20,"minecraft:azure_bluet":83,"minecraft:smithing_table":1,"minecraft:shield":2,"minecraft:cornflower":1,"minecraft:string":10,"minecraft:oak_trapdoor":22,"minecraft:iron_axe":3,"minecraft:diamond_leggings":1,"minecraft:beef":4,"minecraft:lectern":107,"minecraft:jungle_sapling":236,"minecraft:poppy":124,"minecraft:sugar_cane":564,"minecraft:melon_slice":2,"minecraft:chest":8,"minecraft:cherry_button":3,"minecraft:furnace":2,"minecraft:raw_iron":18,"minecraft:stick":390,"minecraft:oak_door":1,"minecraft:composter":8,"minecraft:oak_fence":5,"minecraft:torch":31,"minecraft:cherry_log":110,"minecraft:diamond_chestplate":1,"minecraft:rotten_flesh":25,"minecraft:arrow":4,"minecraft:tropical_fish":23,"minecraft:shears":1,"minecraft:diamond_boots":2,"minecraft:glistering_melon_slice":6,"minecraft:mutton":1,"minecraft:cod":2,"minecraft:white_wool":9,"minecraft:cobblestone":459,"minecraft:oxeye_daisy":1,"minecraft:cooked_beef":12,"minecraft:tripwire_hook":4,"minecraft:water_bucket":1,"minecraft:jungle_log":4375,"minecraft:leather":5,"minecraft:potato":394,"minecraft:oak_log":292,"minecraft:yellow_bed":1,"minecraft:gunpowder":4,"minecraft:paper":64,"minecraft:dirt":1519,"minecraft:bone":5,"minecraft:acacia_planks":184,"minecraft:apple":9,"minecraft:wheat_seeds":114,"minecraft:raw_gold":27,"minecraft:iron_ingot":267,"minecraft:grindstone":4,"minecraft:stone_pickaxe":10,"minecraft:fletching_table":4,"minecraft:bamboo":880,"minecraft:iron_sword":1,"minecraft:stone_hoe":1,"minecraft:oak_planks":1,"minecraft:book":12,"minecraft:cooked_porkchop":56,"minecraft:stone_brick_slab":215,"minecraft:dandelion":7,"minecraft:poisonous_potato":2,"minecraft:jungle_planks":154,"minecraft:white_bed":6,"minecraft:grass_block":196,"minecraft:spider_eye":1,"minecraft:stripped_jungle_log":1,"minecraft:diamond_shovel":2,"minecraft:diamond":1,"minecraft:lever":1,"minecraft:chainmail_leggings":1,"minecraft:iron_helmet":2,"minecraft:diamond_axe":2,"minecraft:granite":10,"minecraft:bone_meal":1,"minecraft:cherry_sapling":19,"minecraft:emerald":155,"minecraft:bread":32,"minecraft:baked_potato":29,"minecraft:oak_sapling":96,"minecraft:diamond_pickaxe":1,"minecraft:coal":22,"minecraft:hopper":4,"minecraft:ender_pearl":1},"minecraft:used":{"minecraft:oak_trapdoor":14,"minecraft:cherry_sapling":20,"minecraft:iron_shovel":256,"minecraft:stone_shovel":131,"minecraft:poppy":11,"minecraft:chest":10,"minecraft:iron_sword":31,"minecraft:stone":1,"minecraft:torch":95,"minecraft:dirt":1174,"minecraft:anvil":1,"minecraft:hopper":4,"minecraft:jungle_planks":89,"minecraft:granite":3,"minecraft:azure_bluet":1,"minecraft:jungle_sapling":229,"minecraft:stone_brick_slab":824,"minecraft:grass_block":152,"minecraft:iron_axe":2524,"minecraft:jungle_log":40,"minecraft:iron_boots":1,"minecraft:bamboo":67,"minecraft:tripwire_hook":4,"minecraft:bow":79,"minecraft:furnace":6,"minecraft:oak_sapling":42,"minecraft:potato":37,"minecraft:wheat_seeds":47,"minecraft:water_bucket":25,"minecraft:diamond_boots":1,"minecraft:stone_pickaxe":129,"minecraft:oak_planks":1,"minecraft:wooden_pickaxe":6,"minecraft:composter":7,"minecraft:fletching_table":2,"minecraft:diamond_axe":2234,"minecraft:sugar_cane":3,"minecraft:crafting_table":1,"minecraft:white_bed":6,"minecraft:shears":3,"minecraft:oak_log":26,"minecraft:lever":1,"minecraft:diamond_pickaxe":24,"minecraft:apple":9,"minecraft:diamond_shovel":1316,"minecraft:bread":72,"minecraft:string":10,"minecraft:lectern":107,"minecraft:stone_axe":1049,"minecraft:fishing_rod":1,"minecraft:cobblestone":10,"minecraft:grindstone":6,"minecraft:smithing_table":2,"minecraft:bucket":26,"minecraft:pumpkin_pie":13,"minecraft:yellow_bed":1,"minecraft:bone_meal":1,"minecraft:diamond_leggings":2,"minecraft:chainmail_leggings":1},"minecraft:mined":{"minecraft:white_bed":2,"minecraft:farmland":49,"minecraft:oak_door":1,"minecraft:cherry_log":110,"minecraft:jungle_leaves":553,"minecraft:granite":6,"minecraft:grass_block":816,"minecraft:jungle_planks":89,"minecraft:jungle_log":3900,"minecraft:hopper":4,"minecraft:composter":7,"minecraft:oxeye_daisy":1,"minecraft:oak_trapdoor":22,"minecraft:furnace":1,"minecraft:jungle_sapling":22,"minecraft:iron_ore":9,"minecraft:fletching_table":3,"minecraft:azure_bluet":49,"minecraft:potatoes":33,"minecraft:vine":288,"minecraft:dirt_path":113,"minecraft:bamboo":70,"minecraft:stone":17,"minecraft:tripwire":5,"minecraft:smithing_table":1,"minecraft:stone_brick_slab":108,"minecraft:dandelion":3,"minecraft:oak_fence":6,"minecraft:torch":21,"minecraft:short_grass":278,"minecraft:poppy":67,"minecraft:chest":8,"minecraft:lectern":107,"minecraft:cobblestone":1,"minecraft:tall_grass":42,"minecraft:sugar_cane":289,"minecraft:grindstone":4,"minecraft:oak_planks":1,"minecraft:wheat":15,"minecraft:stripped_oak_wood":2,"minecraft:oak_log":293,"minecraft:cherry_leaves":28,"minecraft:dirt":809,"minecraft:tripwire_hook":2,"minecraft:oak_leaves":160},"minecraft:custom":{"minecraft:interact_with_smithing_table":1,"minecraft:mob_kills":68,"minecraft:interact_with_anvil":7,"minecraft:animals_bred":15,"minecraft:interact_with_crafting_table":79,"minecraft:leave_game":3,"minecraft:time_since_death":388375,"minecraft:climb_one_cm":38394,"minecraft:sprint_one_cm":1389404,"minecraft:walk_one_cm":1507992,"minecraft:drop":408,"minecraft:talked_to_villager":457,"minecraft:play_time":612559,"minecraft:deaths":1,"minecraft:sneak_time":10838,"minecraft:walk_under_water_one_cm":3502,"minecraft:jump":5432,"minecraft:interact_with_blast_furnace":4,"minecraft:walk_on_water_one_cm":23675,"minecraft:total_world_time":612559,"minecraft:interact_with_furnace":64,"minecraft:traded_with_villager":1369,"minecraft:interact_with_grindstone":1,"minecraft:sleep_in_bed":38,"minecraft:time_since_rest":76319,"minecraft:damage_taken":2483,"minecraft:damage_dealt":26685,"minecraft:swim_one_cm":20241,"minecraft:player_kills":3,"minecraft:fly_one_cm":946123,"minecraft:open_chest":395,"minecraft:crouch_one_cm":20578,"minecraft:fall_one_cm":74213},"minecraft:killed":{"minecraft:spider":2,"minecraft:horse":3,"minecraft:skeleton":3,"minecraft:iron_golem":28,"minecraft:creeper":5,"minecraft:sheep":1,"minecraft:zombie":23,"minecraft:cow":1,"minecraft:enderman":1}},"DataVersion":3953}