{"stats":{"minecraft:mined":{"minecraft:dark_oak_planks":3,"minecraft:dragon_wall_head":1,"minecraft:white_bed":6,"minecraft:red_shulker_box":14,"minecraft:spruce_planks":6,"minecraft:oak_sapling":3,"minecraft:cobblestone_stairs":10,"minecraft:obsidian":99,"minecraft:granite":20,"minecraft:grass_block":1801,"minecraft:chiseled_tuff_bricks":2,"minecraft:tuff_bricks":15,"minecraft:spawner":2,"minecraft:iron_ore":54,"minecraft:fire":35,"minecraft:polished_tuff":4,"minecraft:fletching_table":6,"minecraft:dirt_path":88,"minecraft:oak_stairs":107,"minecraft:white_shulker_box":11,"minecraft:end_stone_bricks":40,"minecraft:kelp_plant":1,"minecraft:purpur_stairs":9,"minecraft:poppy":1,"minecraft:chest":15,"minecraft:white_stained_glass_pane":1,"minecraft:nether_quartz_ore":153,"minecraft:cobblestone":133,"minecraft:sugar_cane":7,"minecraft:oak_planks":98,"minecraft:iron_door":4,"minecraft:wall_torch":6,"minecraft:birch_log":163,"minecraft:wheat":24,"minecraft:waxed_copper_block":3,"minecraft:black_bed":27,"minecraft:smooth_stone_slab":13,"minecraft:yellow_stained_glass_pane":1,"minecraft:oak_log":1287,"minecraft:sand":1164,"minecraft:dirt":1222,"minecraft:blue_shulker_box":1,"minecraft:netherrack":82,"minecraft:oak_leaves":383,"minecraft:deepslate":73,"minecraft:nether_gold_ore":57,"minecraft:mossy_cobblestone":6,"minecraft:candle":1,"minecraft:oak_door":4,"minecraft:end_stone":654,"minecraft:waxed_oxidized_chiseled_copper":1,"minecraft:nether_bricks":1,"minecraft:dark_oak_fence":10,"minecraft:decorated_pot":33,"minecraft:spruce_leaves":93,"minecraft:sandstone":15,"minecraft:hay_block":56,"minecraft:waxed_oxidized_cut_copper":1,"minecraft:spruce_sapling":1,"minecraft:furnace":2,"minecraft:andesite":20,"minecraft:gold_block":1,"minecraft:chiseled_tuff":1,"minecraft:bookshelf":24,"minecraft:potatoes":303,"minecraft:stripped_oak_log":1,"minecraft:stone":427,"minecraft:podzol":1,"minecraft:smithing_table":3,"minecraft:acacia_leaves":6,"minecraft:glass_pane":10,"minecraft:dandelion":2,"minecraft:oak_fence":15,"minecraft:crafting_table":3,"minecraft:cornflower":1,"minecraft:short_grass":139,"minecraft:stone_slab":1,"minecraft:tall_grass":56,"minecraft:purpur_pillar":20,"minecraft:copper_ore":2,"minecraft:diorite":19,"minecraft:birch_planks":1,"minecraft:cobblestone_wall":5,"minecraft:spruce_log":7285,"minecraft:birch_leaves":13,"minecraft:bee_nest":1,"minecraft:yellow_bed":5,"minecraft:coal_ore":116,"minecraft:end_rod":2,"minecraft:gravel":238,"minecraft:cobweb":30,"minecraft:birch_fence":13},"minecraft:killed_by":{"minecraft:spider":1,"minecraft:ender_dragon":1},"minecraft:crafted":{"minecraft:ender_chest":2,"minecraft:grindstone":2,"minecraft:smooth_stone":16,"minecraft:oak_planks":5304,"minecraft:blaze_powder":34,"minecraft:stone":19,"minecraft:diamond_shovel":2,"minecraft:shulker_box":3,"minecraft:cooked_mutton":19,"minecraft:suspicious_stew":12,"minecraft:diamond_helmet":2,"minecraft:diamond_leggings":2,"minecraft:bow":2,"minecraft:iron_boots":1,"minecraft:chest":37,"minecraft:bricks":12,"minecraft:stone_hoe":1,"minecraft:ender_eye":19,"minecraft:white_shulker_box":1,"minecraft:arrow":192,"minecraft:emerald":2857,"minecraft:diamond_axe":37,"minecraft:crafting_table":4,"minecraft:spruce_planks":26124,"minecraft:wooden_pickaxe":1,"minecraft:baked_potato":64,"minecraft:iron_helmet":11,"minecraft:chainmail_chestplate":8,"minecraft:smithing_table":2,"minecraft:fletching_table":8,"minecraft:birch_planks":588,"minecraft:iron_chestplate":1,"minecraft:book":1,"minecraft:paper":3,"minecraft:diamond_pickaxe":1,"minecraft:emerald_block":155,"minecraft:shield":1,"minecraft:birch_fence":81,"minecraft:stick":62888,"minecraft:stone_slab":6,"minecraft:iron_ingot":53,"minecraft:iron_pickaxe":1,"minecraft:iron_block":17,"minecraft:gold_ingot":26,"minecraft:black_bed":1,"minecraft:composter":1,"minecraft:shears":1,"minecraft:golden_carrot":72,"minecraft:cookie":144,"minecraft:redstone":48,"minecraft:stone_shovel":5,"minecraft:smooth_stone_slab":6,"minecraft:experience_bottle":48,"minecraft:diamond_hoe":13,"minecraft:furnace":3,"minecraft:blast_furnace":1,"minecraft:bone_meal":42,"minecraft:blue_shulker_box":1,"minecraft:iron_axe":34,"minecraft:iron_hoe":1,"minecraft:spruce_slab":12,"minecraft:red_shulker_box":1,"minecraft:ender_pearl":21,"minecraft:stone_pickaxe":11,"minecraft:diamond_boots":7,"minecraft:chainmail_leggings":12,"minecraft:red_dye":1,"minecraft:diamond_sword":2,"minecraft:bucket":2,"minecraft:stone_axe":14,"minecraft:glowstone":8,"minecraft:bread":96,"minecraft:air":0,"minecraft:blue_dye":1,"minecraft:white_dye":1,"minecraft:wooden_axe":1,"minecraft:iron_shovel":3,"minecraft:iron_leggings":1,"minecraft:anvil":2,"minecraft:white_bed":14,"minecraft:pumpkin_pie":48,"minecraft:torch":104,"minecraft:lapis_lazuli":24,"minecraft:diamond_chestplate":2},"minecraft:picked_up":{"minecraft:wheat":28,"minecraft:flower_pot":2,"minecraft:smithing_table":3,"minecraft:diamond_sword":3,"minecraft:oak_stairs":107,"minecraft:potion":2,"minecraft:enchanted_book":1,"minecraft:string":57,"minecraft:raw_copper":5,"minecraft:smooth_stone_slab":26,"minecraft:experience_bottle":2,"minecraft:diamond_leggings":5,"minecraft:gold_nugget":239,"minecraft:cobbled_deepslate":72,"minecraft:spruce_planks":121,"minecraft:trial_key":8,"minecraft:ender_eye":22,"minecraft:iron_pickaxe":1,"minecraft:enchanted_golden_apple":1,"minecraft:furnace":3,"minecraft:tipped_arrow":48,"minecraft:stick":587,"minecraft:oak_fence":15,"minecraft:torch":12,"minecraft:purpur_pillar":18,"minecraft:diorite":18,"minecraft:honey_bottle":3,"minecraft:rotten_flesh":105,"minecraft:end_rod":4,"minecraft:blaze_rod":17,"minecraft:obsidian":180,"minecraft:blaze_powder":32,"minecraft:cobblestone":578,"minecraft:birch_log":162,"minecraft:cooked_beef":4,"minecraft:water_bucket":4,"minecraft:andesite":20,"minecraft:brown_wool":2,"minecraft:black_bed":28,"minecraft:potato":1287,"minecraft:flint":24,"minecraft:dirt":2358,"minecraft:bone":65,"minecraft:bow":6,"minecraft:wheat_seeds":186,"minecraft:grindstone":1,"minecraft:bolt_armor_trim_smithing_template":3,"minecraft:diamond_helmet":3,"minecraft:fletching_table":6,"minecraft:scrape_pottery_sherd":2,"minecraft:oak_planks":163,"minecraft:cooked_porkchop":3,"minecraft:oak_pressure_plate":1,"minecraft:poisonous_potato":8,"minecraft:sand":1150,"minecraft:grass_block":994,"minecraft:dead_bush":1,"minecraft:mossy_cobblestone":4,"minecraft:iron_hoe":1,"minecraft:diamond":16,"minecraft:breeze_rod":23,"minecraft:crossbow":2,"minecraft:granite":19,"minecraft:bone_meal":2,"minecraft:golden_apple":1,"minecraft:emerald":140,"minecraft:bread":100,"minecraft:oak_sapling":235,"minecraft:netherrack":73,"minecraft:chorus_fruit":10,"minecraft:dark_oak_fence":7,"minecraft:ominous_trial_key":8,"minecraft:diamond_pickaxe":3,"minecraft:end_stone_bricks":43,"minecraft:crafting_table":4,"minecraft:bee_nest":1,"minecraft:azure_bluet":2,"minecraft:golden_pickaxe":2,"minecraft:gold_block":1,"minecraft:dragon_head":1,"minecraft:shield":4,"minecraft:brick":224,"minecraft:wind_charge":39,"minecraft:cornflower":4,"minecraft:flow_banner_pattern":1,"minecraft:elytra":1,"minecraft:iron_axe":7,"minecraft:flint_and_steel":2,"minecraft:birch_fence":30,"minecraft:candle":4,"minecraft:iron_nugget":12,"minecraft:poppy":82,"minecraft:light_gray_wool":2,"minecraft:spruce_slab":5,"minecraft:chest":16,"minecraft:guster_pottery_sherd":4,"minecraft:sugar_cane":13,"minecraft:blue_shulker_box":1,"minecraft:birch_sapling":21,"minecraft:raw_iron":53,"minecraft:sandstone":13,"minecraft:end_stone":649,"minecraft:oak_door":4,"minecraft:dark_oak_planks":2,"minecraft:stone_shovel":1,"minecraft:arrow":145,"minecraft:red_shulker_box":14,"minecraft:diamond_chestplate":6,"minecraft:nether_bricks":1,"minecraft:diamond_boots":3,"minecraft:hay_block":109,"minecraft:gold_ingot":3,"minecraft:glistering_melon_slice":20,"minecraft:tuff_bricks":14,"minecraft:white_shulker_box":11,"minecraft:mutton":62,"minecraft:white_wool":66,"minecraft:oxeye_daisy":2,"minecraft:stripped_oak_log":1,"minecraft:birch_leaves":12,"minecraft:golden_carrot":163,"minecraft:leather":5,"minecraft:red_mushroom":1,"minecraft:birch_planks":1,"minecraft:purpur_stairs":10,"minecraft:oak_log":1445,"minecraft:cobblestone_wall":5,"minecraft:yellow_bed":5,"minecraft:gunpowder":3,"minecraft:cobblestone_stairs":9,"minecraft:cooked_mutton":21,"minecraft:apple":90,"minecraft:kelp":1,"minecraft:iron_ingot":322,"minecraft:stone_pickaxe":5,"minecraft:cooked_chicken":1,"minecraft:iron_sword":1,"minecraft:book":63,"minecraft:emerald_block":42,"minecraft:quartz":150,"minecraft:dandelion":10,"minecraft:gravel":404,"minecraft:spruce_sapling":655,"minecraft:white_bed":7,"minecraft:spruce_log":7265,"minecraft:dragon_egg":1,"minecraft:spider_eye":7,"minecraft:polished_tuff":4,"minecraft:diamond_axe":6,"minecraft:gray_wool":6,"minecraft:baked_potato":57,"minecraft:black_wool":6,"minecraft:chiseled_tuff_bricks":2,"minecraft:coal":141,"minecraft:shulker_shell":23,"minecraft:ender_pearl":27},"minecraft:used":{"minecraft:tuff_bricks":10,"minecraft:iron_shovel":756,"minecraft:spruce_slab":1,"minecraft:poppy":12,"minecraft:diamond_hoe":4,"minecraft:chest":50,"minecraft:shield":133,"minecraft:iron_sword":85,"minecraft:white_shulker_box":11,"minecraft:rotten_flesh":4,"minecraft:mutton":2,"minecraft:nether_bricks":1,"minecraft:obsidian":10,"minecraft:honey_bottle":4,"minecraft:bricks":12,"minecraft:grass_block":981,"minecraft:birch_sapling":8,"minecraft:bow":142,"minecraft:hay_block":3,"minecraft:blue_shulker_box":1,"minecraft:oak_sapling":169,"minecraft:furnace":4,"minecraft:potato":426,"minecraft:dragon_head":1,"minecraft:diorite":1,"minecraft:end_stone_bricks":25,"minecraft:diamond_boots":2,"minecraft:stone_pickaxe":119,"minecraft:oak_planks":27,"minecraft:ender_pearl":27,"minecraft:wooden_pickaxe":17,"minecraft:composter":1,"minecraft:sugar_cane":8,"minecraft:diamond_axe":8999,"minecraft:cookie":144,"minecraft:golden_apple":2,"minecraft:sand":76,"minecraft:purpur_stairs":4,"minecraft:blast_furnace":1,"minecraft:black_bed":28,"minecraft:end_stone":649,"minecraft:birch_fence":77,"minecraft:polished_tuff":3,"minecraft:bread":84,"minecraft:gravel":136,"minecraft:diamond_sword":823,"minecraft:grindstone":1,"minecraft:smithing_table":5,"minecraft:andesite":17,"minecraft:birch_log":15,"minecraft:smooth_stone_slab":4,"minecraft:bone_meal":39,"minecraft:golden_pickaxe":12,"minecraft:experience_bottle":49,"minecraft:flint_and_steel":50,"minecraft:stone_shovel":527,"minecraft:spruce_planks":7,"minecraft:ender_chest":2,"minecraft:stone_hoe":27,"minecraft:netherrack":48,"minecraft:trial_key":8,"minecraft:torch":76,"minecraft:dirt":1842,"minecraft:anvil":2,"minecraft:diamond_helmet":2,"minecraft:golden_shovel":32,"minecraft:bee_nest":1,"minecraft:iron_hoe":163,"minecraft:red_shulker_box":14,"minecraft:wooden_axe":1,"minecraft:iron_axe":1162,"minecraft:light_gray_wool":1,"minecraft:diamond_chestplate":1,"minecraft:glowstone":8,"minecraft:golden_carrot":52,"minecraft:cobbled_deepslate":8,"minecraft:cooked_mutton":31,"minecraft:wheat_seeds":24,"minecraft:water_bucket":215,"minecraft:cobblestone_stairs":1,"minecraft:birch_planks":17,"minecraft:baked_potato":69,"minecraft:fletching_table":12,"minecraft:mossy_cobblestone":1,"minecraft:crafting_table":7,"minecraft:white_bed":20,"minecraft:spruce_log":217,"minecraft:oak_log":24,"minecraft:ender_eye":39,"minecraft:diamond_pickaxe":1959,"minecraft:apple":23,"minecraft:diamond_shovel":3026,"minecraft:ominous_trial_key":3,"minecraft:wind_charge":5,"minecraft:iron_pickaxe":50,"minecraft:spruce_sapling":401,"minecraft:stone_axe":188,"minecraft:cobblestone":226,"minecraft:potion":1,"minecraft:cooked_porkchop":3,"minecraft:bucket":215,"minecraft:yellow_bed":5,"minecraft:pumpkin_pie":7,"minecraft:diamond_leggings":3},"minecraft:custom":{"minecraft:interact_with_crafting_table":90,"minecraft:open_barrel":4,"minecraft:open_shulker_box":56,"minecraft:bell_ring":2,"minecraft:leave_game":12,"minecraft:time_since_death":237607,"minecraft:sprint_one_cm":2922499,"minecraft:damage_blocked_by_shield":3762,"minecraft:drop":443,"minecraft:talked_to_villager":373,"minecraft:play_time":1107757,"minecraft:deaths":4,"minecraft:jump":13426,"minecraft:interact_with_brewingstand":1,"minecraft:walk_on_water_one_cm":153360,"minecraft:interact_with_furnace":31,"minecraft:traded_with_villager":2393,"minecraft:sleep_in_bed":54,"minecraft:open_enderchest":16,"minecraft:damage_dealt":138397,"minecraft:player_kills":1,"minecraft:crouch_one_cm":88478,"minecraft:interact_with_smoker":8,"minecraft:inspect_dispenser":1,"minecraft:interact_with_smithing_table":3,"minecraft:mob_kills":470,"minecraft:interact_with_anvil":37,"minecraft:climb_one_cm":17331,"minecraft:walk_one_cm":2313284,"minecraft:sneak_time":36408,"minecraft:walk_under_water_one_cm":45903,"minecraft:interact_with_blast_furnace":3,"minecraft:total_world_time":1107757,"minecraft:interact_with_grindstone":1,"minecraft:time_since_rest":4641,"minecraft:damage_taken":14493,"minecraft:damage_absorbed":82,"minecraft:swim_one_cm":158619,"minecraft:fly_one_cm":2675695,"minecraft:open_chest":310,"minecraft:fall_one_cm":343087},"minecraft:broken":{"minecraft:iron_shovel":3,"minecraft:golden_shovel":1,"minecraft:stone_axe":1,"minecraft:stone_shovel":4,"minecraft:diamond_leggings":2,"minecraft:shield":1,"minecraft:iron_axe":2},"minecraft:killed":{"minecraft:cave_spider":8,"minecraft:spider":18,"minecraft:shulker":32,"minecraft:skeleton":66,"minecraft:silverfish":5,"minecraft:piglin":1,"minecraft:pig":1,"minecraft:zombie_villager":1,"minecraft:iron_golem":68,"minecraft:creeper":2,"minecraft:sheep":30,"minecraft:zombie":130,"minecraft:blaze":36,"minecraft:horse":7,"minecraft:drowned":2,"minecraft:breeze":14,"minecraft:enderman":39},"minecraft:dropped":{"minecraft:candle":4,"minecraft:birch_planks":1,"minecraft:diamond_axe":2,"minecraft:oak_pressure_plate":1,"minecraft:glass_bottle":3,"minecraft:crossbow":1,"minecraft:purpur_stairs":4,"minecraft:emerald":69,"minecraft:cobblestone_stairs":8,"minecraft:red_mushroom":1,"minecraft:dirt":407,"minecraft:birch_fence":1,"minecraft:dark_oak_fence":7,"minecraft:cornflower":4,"minecraft:mutton":12,"minecraft:bone_meal":4,"minecraft:sand":106,"minecraft:iron_pickaxe":1,"minecraft:dark_oak_planks":2,"minecraft:white_wool":2,"minecraft:bone":7,"minecraft:oak_door":4,"minecraft:stone_axe":13,"minecraft:cooked_chicken":1,"minecraft:chiseled_tuff_bricks":2,"minecraft:cobbled_deepslate":64,"minecraft:birch_sapling":3,"minecraft:rotten_flesh":99,"minecraft:oak_planks":6,"minecraft:azure_bluet":2,"minecraft:honey_bottle":1,"minecraft:white_bed":1,"minecraft:chainmail_chestplate":8,"minecraft:poppy":67,"minecraft:tipped_arrow":48,"minecraft:gunpowder":2,"minecraft:spruce_slab":9,"minecraft:arrow":85,"minecraft:end_stone_bricks":14,"minecraft:stone_hoe":1,"minecraft:water_bucket":1,"minecraft:iron_ingot":31,"minecraft:bread":110,"minecraft:birch_leaves":12,"minecraft:wheat_seeds":102,"minecraft:mossy_cobblestone":3,"minecraft:poisonous_potato":8,"minecraft:oak_fence":15,"minecraft:cobblestone":154,"minecraft:iron_helmet":11,"minecraft:polished_tuff":1,"minecraft:granite":19,"minecraft:grass_block":14,"minecraft:coal":6,"minecraft:stick":13,"minecraft:oxeye_daisy":2,"minecraft:gray_wool":6,"minecraft:diorite":17,"minecraft:golden_carrot":21,"minecraft:wooden_axe":1,"minecraft:brown_wool":2,"minecraft:diamond_helmet":1,"minecraft:dead_bush":1,"minecraft:iron_leggings":1,"minecraft:oak_stairs":107,"minecraft:iron_axe":35,"minecraft:chainmail_leggings":12,"minecraft:string":44,"minecraft:bucket":1,"minecraft:spruce_sapling":8,"minecraft:dandelion":10,"minecraft:redstone":24,"minecraft:tuff_bricks":4,"minecraft:kelp":1,"minecraft:cobblestone_wall":5,"minecraft:raw_copper":5,"minecraft:smooth_stone_slab":28,"minecraft:diamond_hoe":13,"minecraft:stone_shovel":2,"minecraft:light_gray_wool":1,"minecraft:iron_boots":1,"minecraft:iron_hoe":1,"minecraft:stone_slab":4,"minecraft:suspicious_stew":12,"minecraft:diamond_sword":1,"minecraft:potato":477,"minecraft:flower_pot":2,"minecraft:diamond_chestplate":1,"minecraft:spruce_planks":4,"minecraft:iron_chestplate":1,"minecraft:andesite":3,"minecraft:oak_sapling":62,"minecraft:spider_eye":7,"minecraft:spruce_log":1,"minecraft:sandstone":7,"minecraft:bow":4,"minecraft:stone_pickaxe":13,"minecraft:wooden_pickaxe":1,"minecraft:black_wool":2,"minecraft:brick":176,"minecraft:guster_pottery_sherd":4}},"DataVersion":3955}