{"stats":{"minecraft:crafted":{"minecraft:oak_planks":512,"minecraft:emerald":62,"minecraft:tripwire_hook":2,"minecraft:crafting_table":1,"minecraft:wooden_pickaxe":1,"minecraft:smithing_table":1,"minecraft:lever":1,"minecraft:stone_axe":13,"minecraft:jungle_planks":1252,"minecraft:oak_trapdoor":6,"minecraft:hopper":4,"minecraft:iron_axe":2,"minecraft:stick":3276,"minecraft:stone_pickaxe":13,"minecraft:chest":12,"minecraft:iron_shovel":1,"minecraft:shears":1},"minecraft:dropped":{"minecraft:stone_axe":10,"minecraft:wheat_seeds":24,"minecraft:crafting_table":1,"minecraft:rotten_flesh":11,"minecraft:granite":3,"minecraft:azure_bluet":5,"minecraft:shears":1,"minecraft:poppy":14,"minecraft:gunpowder":2,"minecraft:cherry_button":3,"minecraft:spider_eye":1,"minecraft:stone_pickaxe":11,"minecraft:wooden_pickaxe":1},"minecraft:broken":{"minecraft:iron_shovel":1,"minecraft:iron_axe":2,"minecraft:stone_axe":1},"minecraft:picked_up":{"minecraft:crafting_table":1,"minecraft:azure_bluet":21,"minecraft:tripwire_hook":4,"minecraft:jungle_log":388,"minecraft:smithing_table":1,"minecraft:potato":5,"minecraft:oak_log":131,"minecraft:gunpowder":3,"minecraft:string":4,"minecraft:dirt":286,"minecraft:oak_trapdoor":10,"minecraft:apple":4,"minecraft:wheat_seeds":36,"minecraft:iron_ingot":25,"minecraft:fletching_table":2,"minecraft:jungle_sapling":17,"minecraft:poppy":20,"minecraft:bamboo":63,"minecraft:sugar_cane":36,"minecraft:oak_planks":1,"minecraft:cherry_button":3,"minecraft:stick":61,"minecraft:torch":3,"minecraft:spider_eye":1,"minecraft:rotten_flesh":12,"minecraft:lever":1,"minecraft:granite":6,"minecraft:bread":31,"minecraft:oak_sapling":36,"minecraft:mutton":1,"minecraft:white_wool":1,"minecraft:cobblestone":6},"minecraft:used":{"minecraft:wheat_seeds":24,"minecraft:oak_trapdoor":14,"minecraft:water_bucket":13,"minecraft:iron_shovel":256,"minecraft:stone_pickaxe":4,"minecraft:poppy":2,"minecraft:oak_planks":1,"minecraft:chest":8,"minecraft:wooden_pickaxe":6,"minecraft:fletching_table":2,"minecraft:dirt":302,"minecraft:crafting_table":1,"minecraft:hopper":4,"minecraft:granite":3,"minecraft:shears":3,"minecraft:oak_log":3,"minecraft:jungle_sapling":17,"minecraft:lever":1,"minecraft:apple":4,"minecraft:iron_axe":490,"minecraft:bread":13,"minecraft:string":10,"minecraft:jungle_log":11,"minecraft:iron_boots":1,"minecraft:stone_axe":237,"minecraft:bamboo":63,"minecraft:tripwire_hook":4,"minecraft:oak_sapling":36,"minecraft:smithing_table":2,"minecraft:bucket":14,"minecraft:potato":5,"minecraft:chainmail_leggings":1},"minecraft:mined":{"minecraft:smithing_table":1,"minecraft:jungle_leaves":51,"minecraft:torch":2,"minecraft:granite":3,"minecraft:short_grass":170,"minecraft:grass_block":161,"minecraft:poppy":9,"minecraft:jungle_log":394,"minecraft:tall_grass":28,"minecraft:sugar_cane":18,"minecraft:oak_planks":1,"minecraft:oak_trapdoor":10,"minecraft:fletching_table":2,"minecraft:azure_bluet":15,"minecraft:potatoes":2,"minecraft:oak_log":132,"minecraft:vine":37,"minecraft:dirt_path":4,"minecraft:dirt":134,"minecraft:bamboo":7,"minecraft:tripwire_hook":2,"minecraft:stone":6,"minecraft:oak_leaves":72,"minecraft:tripwire":5},"minecraft:custom":{"minecraft:mob_kills":8,"minecraft:animals_bred":1,"minecraft:traded_with_villager":86,"minecraft:interact_with_crafting_table":21,"minecraft:leave_game":1,"minecraft:sleep_in_bed":5,"minecraft:time_since_death":105220,"minecraft:climb_one_cm":2573,"minecraft:time_since_rest":10278,"minecraft:sprint_one_cm":248039,"minecraft:damage_taken":361,"minecraft:walk_one_cm":209482,"minecraft:drop":58,"minecraft:damage_dealt":2753,"minecraft:swim_one_cm":20241,"minecraft:talked_to_villager":17,"minecraft:fly_one_cm":156239,"minecraft:open_chest":48,"minecraft:crouch_one_cm":1469,"minecraft:play_time":105220,"minecraft:sneak_time":1940,"minecraft:walk_under_water_one_cm":1995,"minecraft:jump":947,"minecraft:walk_on_water_one_cm":6636,"minecraft:total_world_time":105220,"minecraft:fall_one_cm":16090},"minecraft:killed":{"minecraft:spider":1,"minecraft:iron_golem":2,"minecraft:creeper":2,"minecraft:sheep":1,"minecraft:zombie":2}},"DataVersion":3953}