{"stats":{"minecraft:crafted":{"minecraft:oak_planks":528,"minecraft:fishing_rod":1,"minecraft:tripwire_hook":2,"minecraft:lever":1,"minecraft:oak_trapdoor":6,"minecraft:hopper":4,"minecraft:iron_axe":6,"minecraft:stone_pickaxe":37,"minecraft:chest":14,"minecraft:emerald":191,"minecraft:crafting_table":1,"minecraft:wooden_pickaxe":1,"minecraft:smithing_table":1,"minecraft:stone_axe":47,"minecraft:jungle_planks":4948,"minecraft:emerald_block":9,"minecraft:stick":10889,"minecraft:iron_shovel":1,"minecraft:shears":1},"minecraft:dropped":{"minecraft:stone_hoe":2,"minecraft:wheat_seeds":43,"minecraft:mossy_cobblestone":1,"minecraft:crafting_table":1,"minecraft:granite":3,"minecraft:dirt":3,"minecraft:cherry_button":3,"minecraft:chainmail_leggings":2,"minecraft:white_wool":8,"minecraft:gravel":1,"minecraft:stone_axe":39,"minecraft:rotten_flesh":20,"minecraft:iron_boots":1,"minecraft:azure_bluet":39,"minecraft:shears":1,"minecraft:poppy":45,"minecraft:gunpowder":3,"minecraft:oak_button":16,"minecraft:spider_eye":1,"minecraft:bamboo":2,"minecraft:stone_pickaxe":40,"minecraft:wooden_pickaxe":2},"minecraft:broken":{"minecraft:iron_shovel":1,"minecraft:diamond_axe":1,"minecraft:iron_axe":3,"minecraft:stone_axe":8,"minecraft:stone_shovel":1},"minecraft:picked_up":{"minecraft:crafting_table":1,"minecraft:wheat":13,"minecraft:azure_bluet":34,"minecraft:smithing_table":1,"minecraft:string":7,"minecraft:oak_trapdoor":10,"minecraft:diamond_leggings":1,"minecraft:jungle_sapling":109,"minecraft:poppy":39,"minecraft:sugar_cane":71,"minecraft:cherry_button":3,"minecraft:stick":237,"minecraft:torch":4,"minecraft:cherry_log":110,"minecraft:rotten_flesh":14,"minecraft:tropical_fish":22,"minecraft:shears":1,"minecraft:diamond_boots":2,"minecraft:mutton":1,"minecraft:cod":2,"minecraft:white_wool":9,"minecraft:cobblestone":35,"minecraft:tripwire_hook":4,"minecraft:water_bucket":1,"minecraft:jungle_log":2136,"minecraft:potato":5,"minecraft:oak_log":252,"minecraft:gunpowder":4,"minecraft:dirt":430,"minecraft:apple":8,"minecraft:wheat_seeds":76,"minecraft:iron_ingot":47,"minecraft:stone_pickaxe":2,"minecraft:fletching_table":2,"minecraft:bamboo":763,"minecraft:oak_planks":1,"minecraft:stone_hoe":1,"minecraft:jungle_planks":76,"minecraft:white_bed":2,"minecraft:spider_eye":1,"minecraft:lever":1,"minecraft:chainmail_leggings":1,"minecraft:granite":6,"minecraft:diamond_axe":1,"minecraft:cherry_sapling":19,"minecraft:bread":32,"minecraft:emerald":37,"minecraft:oak_sapling":74},"minecraft:used":{"minecraft:oak_trapdoor":14,"minecraft:cherry_sapling":20,"minecraft:iron_shovel":256,"minecraft:stone_shovel":131,"minecraft:poppy":2,"minecraft:chest":10,"minecraft:torch":2,"minecraft:dirt":572,"minecraft:hopper":4,"minecraft:jungle_planks":12,"minecraft:granite":3,"minecraft:jungle_sapling":98,"minecraft:iron_axe":740,"minecraft:jungle_log":15,"minecraft:iron_boots":1,"minecraft:bamboo":63,"minecraft:tripwire_hook":4,"minecraft:oak_sapling":42,"minecraft:potato":5,"minecraft:wheat_seeds":45,"minecraft:water_bucket":21,"minecraft:diamond_boots":1,"minecraft:stone_pickaxe":4,"minecraft:oak_planks":1,"minecraft:wooden_pickaxe":6,"minecraft:fletching_table":2,"minecraft:diamond_axe":1183,"minecraft:sugar_cane":2,"minecraft:crafting_table":1,"minecraft:white_bed":2,"minecraft:shears":3,"minecraft:oak_log":16,"minecraft:lever":1,"minecraft:apple":8,"minecraft:bread":31,"minecraft:string":10,"minecraft:stone_axe":1049,"minecraft:fishing_rod":1,"minecraft:smithing_table":2,"minecraft:bucket":22,"minecraft:diamond_leggings":2,"minecraft:chainmail_leggings":1},"minecraft:mined":{"minecraft:white_bed":2,"minecraft:cherry_log":110,"minecraft:jungle_leaves":200,"minecraft:granite":3,"minecraft:grass_block":194,"minecraft:jungle_planks":12,"minecraft:jungle_log":1967,"minecraft:oak_trapdoor":10,"minecraft:jungle_sapling":6,"minecraft:fletching_table":2,"minecraft:azure_bluet":27,"minecraft:potatoes":2,"minecraft:dirt_path":44,"minecraft:vine":141,"minecraft:bamboo":69,"minecraft:stone":6,"minecraft:tripwire":5,"minecraft:smithing_table":1,"minecraft:torch":3,"minecraft:short_grass":215,"minecraft:poppy":18,"minecraft:tall_grass":35,"minecraft:oak_planks":1,"minecraft:sugar_cane":38,"minecraft:wheat":13,"minecraft:oak_log":253,"minecraft:cherry_leaves":28,"minecraft:dirt":204,"minecraft:tripwire_hook":2,"minecraft:oak_leaves":111},"minecraft:custom":{"minecraft:mob_kills":15,"minecraft:animals_bred":2,"minecraft:interact_with_crafting_table":36,"minecraft:leave_game":2,"minecraft:time_since_death":13365,"minecraft:climb_one_cm":16151,"minecraft:sprint_one_cm":575956,"minecraft:walk_one_cm":438269,"minecraft:drop":156,"minecraft:talked_to_villager":78,"minecraft:play_time":237549,"minecraft:deaths":1,"minecraft:sneak_time":5964,"minecraft:walk_under_water_one_cm":2891,"minecraft:jump":2256,"minecraft:walk_on_water_one_cm":21718,"minecraft:total_world_time":237549,"minecraft:traded_with_villager":276,"minecraft:sleep_in_bed":16,"minecraft:time_since_rest":6698,"minecraft:damage_taken":1135,"minecraft:damage_dealt":5630,"minecraft:swim_one_cm":20241,"minecraft:fly_one_cm":381070,"minecraft:open_chest":125,"minecraft:crouch_one_cm":14224,"minecraft:fall_one_cm":37354},"minecraft:killed":{"minecraft:spider":1,"minecraft:iron_golem":4,"minecraft:creeper":3,"minecraft:sheep":1,"minecraft:zombie":5,"minecraft:enderman":1}},"DataVersion":3953}