{"stats":{"minecraft:crafted":{"minecraft:oak_planks":528,"minecraft:emerald":94,"minecraft:fishing_rod":1,"minecraft:tripwire_hook":2,"minecraft:crafting_table":1,"minecraft:wooden_pickaxe":1,"minecraft:smithing_table":1,"minecraft:lever":1,"minecraft:stone_axe":23,"minecraft:jungle_planks":1284,"minecraft:oak_trapdoor":6,"minecraft:hopper":4,"minecraft:emerald_block":9,"minecraft:iron_axe":2,"minecraft:stick":3625,"minecraft:stone_pickaxe":25,"minecraft:chest":14,"minecraft:iron_shovel":1,"minecraft:shears":1},"minecraft:dropped":{"minecraft:stone_hoe":2,"minecraft:gravel":1,"minecraft:stone_axe":15,"minecraft:wheat_seeds":27,"minecraft:mossy_cobblestone":1,"minecraft:crafting_table":1,"minecraft:rotten_flesh":20,"minecraft:iron_boots":1,"minecraft:granite":3,"minecraft:azure_bluet":37,"minecraft:shears":1,"minecraft:poppy":45,"minecraft:dirt":1,"minecraft:oak_button":16,"minecraft:gunpowder":3,"minecraft:cherry_button":3,"minecraft:spider_eye":1,"minecraft:stone_pickaxe":26,"minecraft:wooden_pickaxe":2},"minecraft:broken":{"minecraft:iron_shovel":1,"minecraft:iron_axe":2,"minecraft:stone_axe":8,"minecraft:stone_shovel":1},"minecraft:picked_up":{"minecraft:crafting_table":1,"minecraft:azure_bluet":32,"minecraft:tripwire_hook":4,"minecraft:jungle_log":1075,"minecraft:smithing_table":1,"minecraft:potato":5,"minecraft:oak_log":252,"minecraft:gunpowder":4,"minecraft:string":4,"minecraft:dirt":426,"minecraft:oak_trapdoor":10,"minecraft:apple":8,"minecraft:wheat_seeds":39,"minecraft:iron_ingot":33,"minecraft:fletching_table":2,"minecraft:jungle_sapling":44,"minecraft:poppy":39,"minecraft:bamboo":762,"minecraft:sugar_cane":71,"minecraft:stone_hoe":1,"minecraft:oak_planks":1,"minecraft:cherry_button":3,"minecraft:stick":140,"minecraft:torch":3,"minecraft:jungle_planks":12,"minecraft:cherry_log":110,"minecraft:white_bed":2,"minecraft:spider_eye":1,"minecraft:rotten_flesh":14,"minecraft:lever":1,"minecraft:diamond_boots":1,"minecraft:diamond_axe":1,"minecraft:granite":6,"minecraft:cherry_sapling":19,"minecraft:emerald":33,"minecraft:bread":31,"minecraft:oak_sapling":58,"minecraft:mutton":1,"minecraft:white_wool":1,"minecraft:cobblestone":6},"minecraft:used":{"minecraft:wheat_seeds":24,"minecraft:oak_trapdoor":14,"minecraft:cherry_sapling":20,"minecraft:water_bucket":17,"minecraft:diamond_boots":1,"minecraft:iron_shovel":256,"minecraft:stone_shovel":131,"minecraft:stone_pickaxe":4,"minecraft:poppy":2,"minecraft:oak_planks":1,"minecraft:chest":10,"minecraft:wooden_pickaxe":6,"minecraft:diamond_axe":393,"minecraft:sugar_cane":2,"minecraft:fletching_table":2,"minecraft:torch":1,"minecraft:dirt":506,"minecraft:crafting_table":1,"minecraft:hopper":4,"minecraft:jungle_planks":12,"minecraft:white_bed":2,"minecraft:granite":3,"minecraft:shears":3,"minecraft:oak_log":16,"minecraft:jungle_sapling":44,"minecraft:lever":1,"minecraft:apple":8,"minecraft:iron_axe":490,"minecraft:bread":21,"minecraft:string":10,"minecraft:jungle_log":15,"minecraft:iron_boots":1,"minecraft:stone_axe":1049,"minecraft:bamboo":63,"minecraft:tripwire_hook":4,"minecraft:fishing_rod":1,"minecraft:oak_sapling":42,"minecraft:smithing_table":2,"minecraft:bucket":18,"minecraft:potato":5,"minecraft:chainmail_leggings":1},"minecraft:mined":{"minecraft:smithing_table":1,"minecraft:white_bed":2,"minecraft:cherry_log":110,"minecraft:jungle_leaves":107,"minecraft:torch":2,"minecraft:granite":3,"minecraft:short_grass":213,"minecraft:grass_block":193,"minecraft:poppy":18,"minecraft:jungle_planks":12,"minecraft:jungle_log":1090,"minecraft:tall_grass":35,"minecraft:sugar_cane":38,"minecraft:oak_planks":1,"minecraft:oak_trapdoor":10,"minecraft:jungle_sapling":1,"minecraft:fletching_table":2,"minecraft:azure_bluet":26,"minecraft:potatoes":2,"minecraft:oak_log":253,"minecraft:vine":77,"minecraft:dirt_path":44,"minecraft:cherry_leaves":28,"minecraft:dirt":203,"minecraft:bamboo":69,"minecraft:tripwire_hook":2,"minecraft:stone":6,"minecraft:oak_leaves":111,"minecraft:tripwire":5},"minecraft:custom":{"minecraft:mob_kills":13,"minecraft:animals_bred":1,"minecraft:traded_with_villager":140,"minecraft:interact_with_crafting_table":26,"minecraft:leave_game":1,"minecraft:sleep_in_bed":11,"minecraft:time_since_death":171220,"minecraft:climb_one_cm":3643,"minecraft:time_since_rest":1691,"minecraft:sprint_one_cm":422508,"minecraft:damage_taken":537,"minecraft:walk_one_cm":324475,"minecraft:drop":106,"minecraft:damage_dealt":5076,"minecraft:swim_one_cm":20241,"minecraft:talked_to_villager":34,"minecraft:fly_one_cm":271336,"minecraft:open_chest":78,"minecraft:crouch_one_cm":2205,"minecraft:play_time":171220,"minecraft:sneak_time":3211,"minecraft:walk_under_water_one_cm":2633,"minecraft:jump":1626,"minecraft:walk_on_water_one_cm":7196,"minecraft:total_world_time":171220,"minecraft:fall_one_cm":23813},"minecraft:killed":{"minecraft:spider":1,"minecraft:iron_golem":4,"minecraft:creeper":3,"minecraft:sheep":1,"minecraft:zombie":4}},"DataVersion":3953}