{"stats":{"minecraft:crafted":{"minecraft:oak_planks":72,"minecraft:emerald":17,"minecraft:tripwire_hook":2,"minecraft:crafting_table":1,"minecraft:wooden_pickaxe":1,"minecraft:smithing_table":1,"minecraft:lever":1,"minecraft:stone_axe":1,"minecraft:jungle_planks":332,"minecraft:oak_trapdoor":6,"minecraft:hopper":4,"minecraft:iron_axe":2,"minecraft:stick":556,"minecraft:stone_pickaxe":1,"minecraft:chest":12,"minecraft:iron_shovel":1,"minecraft:shears":1},"minecraft:dropped":{"minecraft:stone_axe":1,"minecraft:crafting_table":1,"minecraft:rotten_flesh":11,"minecraft:shears":1,"minecraft:poppy":4,"minecraft:cherry_button":3,"minecraft:wooden_pickaxe":1},"minecraft:broken":{"minecraft:iron_axe":1},"minecraft:picked_up":{"minecraft:crafting_table":1,"minecraft:azure_bluet":16,"minecraft:tripwire_hook":4,"minecraft:jungle_log":237,"minecraft:smithing_table":1,"minecraft:potato":5,"minecraft:oak_log":41,"minecraft:gunpowder":3,"minecraft:string":4,"minecraft:dirt":193,"minecraft:oak_trapdoor":10,"minecraft:apple":1,"minecraft:wheat_seeds":18,"minecraft:iron_ingot":25,"minecraft:fletching_table":2,"minecraft:jungle_sapling":11,"minecraft:poppy":15,"minecraft:bamboo":63,"minecraft:sugar_cane":36,"minecraft:oak_planks":1,"minecraft:cherry_button":3,"minecraft:stick":29,"minecraft:torch":2,"minecraft:spider_eye":1,"minecraft:rotten_flesh":12,"minecraft:lever":1,"minecraft:bread":31,"minecraft:oak_sapling":14,"minecraft:mutton":1,"minecraft:white_wool":1,"minecraft:cobblestone":6},"minecraft:used":{"minecraft:oak_trapdoor":14,"minecraft:water_bucket":11,"minecraft:iron_shovel":164,"minecraft:stone_pickaxe":1,"minecraft:poppy":2,"minecraft:oak_planks":1,"minecraft:chest":8,"minecraft:wooden_pickaxe":6,"minecraft:fletching_table":2,"minecraft:dirt":209,"minecraft:crafting_table":1,"minecraft:hopper":4,"minecraft:shears":3,"minecraft:jungle_sapling":9,"minecraft:lever":1,"minecraft:apple":1,"minecraft:iron_axe":372,"minecraft:bread":9,"minecraft:string":10,"minecraft:jungle_log":1,"minecraft:iron_boots":1,"minecraft:stone_axe":20,"minecraft:bamboo":63,"minecraft:tripwire_hook":4,"minecraft:oak_sapling":14,"minecraft:smithing_table":2,"minecraft:bucket":12,"minecraft:potato":5,"minecraft:chainmail_leggings":1},"minecraft:mined":{"minecraft:smithing_table":1,"minecraft:jungle_leaves":31,"minecraft:torch":2,"minecraft:short_grass":114,"minecraft:grass_block":69,"minecraft:poppy":9,"minecraft:jungle_log":239,"minecraft:tall_grass":23,"minecraft:sugar_cane":18,"minecraft:oak_planks":1,"minecraft:oak_trapdoor":10,"minecraft:fletching_table":2,"minecraft:azure_bluet":13,"minecraft:potatoes":2,"minecraft:oak_log":42,"minecraft:vine":28,"minecraft:dirt_path":4,"minecraft:dirt":133,"minecraft:bamboo":7,"minecraft:tripwire_hook":2,"minecraft:stone":6,"minecraft:oak_leaves":11,"minecraft:tripwire":5},"minecraft:custom":{"minecraft:mob_kills":8,"minecraft:traded_with_villager":17,"minecraft:interact_with_crafting_table":19,"minecraft:leave_game":1,"minecraft:sleep_in_bed":3,"minecraft:time_since_death":69220,"minecraft:climb_one_cm":2353,"minecraft:time_since_rest":607,"minecraft:sprint_one_cm":166785,"minecraft:damage_taken":301,"minecraft:walk_one_cm":150253,"minecraft:drop":18,"minecraft:damage_dealt":2753,"minecraft:swim_one_cm":20241,"minecraft:talked_to_villager":9,"minecraft:fly_one_cm":115887,"minecraft:open_chest":43,"minecraft:crouch_one_cm":1250,"minecraft:play_time":69220,"minecraft:sneak_time":1617,"minecraft:walk_under_water_one_cm":1745,"minecraft:jump":702,"minecraft:walk_on_water_one_cm":6539,"minecraft:total_world_time":69220,"minecraft:fall_one_cm":13564},"minecraft:killed":{"minecraft:spider":1,"minecraft:iron_golem":2,"minecraft:creeper":2,"minecraft:sheep":1,"minecraft:zombie":2}},"DataVersion":3953}