{"stats":{"minecraft:crafted":{"minecraft:wooden_sword":1,"minecraft:oak_planks":192,"minecraft:emerald":14,"minecraft:cooked_porkchop":2,"minecraft:crafting_table":4,"minecraft:wooden_pickaxe":1,"minecraft:birch_boat":2,"minecraft:furnace":1,"minecraft:birch_planks":116,"minecraft:stone_axe":1,"minecraft:bread":96,"minecraft:dark_oak_fence":9,"minecraft:iron_boots":1,"minecraft:shield":1,"minecraft:iron_axe":1,"minecraft:stick":480,"minecraft:iron_pickaxe":1,"minecraft:stone_pickaxe":2,"minecraft:stone_sword":1,"minecraft:iron_leggings":1,"minecraft:dark_oak_planks":164,"minecraft:wheat":288},"minecraft:mined":{"minecraft:dark_oak_planks":4,"minecraft:white_bed":3,"minecraft:dark_oak_leaves":1,"minecraft:dark_oak_log":41,"minecraft:crafting_table":3,"minecraft:oak_fence":1,"minecraft:short_grass":11,"minecraft:grass_block":5,"minecraft:tall_grass":6,"minecraft:oak_planks":3,"minecraft:hay_block":39,"minecraft:furnace":1,"minecraft:birch_log":30,"minecraft:iron_ore":1,"minecraft:fire":2,"minecraft:birch_leaves":2,"minecraft:yellow_bed":1,"minecraft:coal_ore":4,"minecraft:potted_dandelion":1,"minecraft:oak_log":118,"minecraft:dirt_path":2,"minecraft:oak_stairs":1,"minecraft:dirt":34,"minecraft:stone":82,"minecraft:oak_leaves":23,"minecraft:birch_fence":5},"minecraft:custom":{"minecraft:interact_with_furnace":5,"minecraft:mob_kills":15,"minecraft:traded_with_villager":14,"minecraft:interact_with_crafting_table":27,"minecraft:leave_game":1,"minecraft:time_since_death":37426,"minecraft:sleep_in_bed":9,"minecraft:time_since_rest":10284,"minecraft:sprint_one_cm":242489,"minecraft:damage_taken":891,"minecraft:walk_one_cm":235752,"minecraft:drop":12,"minecraft:damage_dealt":5717,"minecraft:swim_one_cm":4263,"minecraft:talked_to_villager":8,"minecraft:fly_one_cm":38900,"minecraft:open_chest":25,"minecraft:crouch_one_cm":514,"minecraft:play_time":122130,"minecraft:deaths":2,"minecraft:sneak_time":596,"minecraft:walk_under_water_one_cm":1586,"minecraft:boat_one_cm":206230,"minecraft:jump":849,"minecraft:walk_on_water_one_cm":2567,"minecraft:total_world_time":122130,"minecraft:fall_one_cm":10247},"minecraft:used":{"minecraft:stone_sword":66,"minecraft:stone_pickaxe":68,"minecraft:poppy":3,"minecraft:oak_planks":5,"minecraft:chest":1,"minecraft:birch_boat":4,"minecraft:wooden_pickaxe":22,"minecraft:dirt":42,"minecraft:crafting_table":9,"minecraft:white_bed":4,"minecraft:birch_fence":4,"minecraft:dark_oak_planks":8,"minecraft:iron_axe":99,"minecraft:bread":10,"minecraft:stone_axe":233,"minecraft:wooden_sword":30,"minecraft:fire_charge":1,"minecraft:oak_sapling":1,"minecraft:furnace":1,"minecraft:dark_oak_fence":10,"minecraft:cooked_porkchop":2,"minecraft:birch_log":1,"minecraft:egg":1},"minecraft:broken":{"minecraft:stone_axe":2},"minecraft:dropped":{"minecraft:wheat_seeds":1,"minecraft:oak_log":117,"minecraft:feather":4,"minecraft:coal":1,"minecraft:seagrass":3,"minecraft:oak_sapling":2,"minecraft:wooden_sword":1,"minecraft:wooden_pickaxe":1,"minecraft:stone_pickaxe":1},"minecraft:killed_by":{"minecraft:blaze":1,"minecraft:iron_golem":1},"minecraft:picked_up":{"minecraft:birch_log":42,"minecraft:seagrass":3,"minecraft:crafting_table":5,"minecraft:feather":16,"minecraft:chicken":9,"minecraft:flower_pot":3,"minecraft:wooden_pickaxe":1,"minecraft:oak_stairs":1,"minecraft:birch_planks":134,"minecraft:oak_log":117,"minecraft:yellow_bed":4,"minecraft:shield":1,"minecraft:string":6,"minecraft:dirt":92,"minecraft:iron_axe":2,"minecraft:wooden_sword":1,"minecraft:flint_and_steel":3,"minecraft:bone":6,"minecraft:birch_fence":8,"minecraft:apple":1,"minecraft:bow":2,"minecraft:wheat_seeds":1,"minecraft:iron_ingot":43,"minecraft:stone_pickaxe":4,"minecraft:poppy":16,"minecraft:light_gray_wool":1,"minecraft:chest":1,"minecraft:oak_planks":178,"minecraft:egg":1,"minecraft:furnace":8,"minecraft:stick":28,"minecraft:raw_iron":3,"minecraft:cooked_porkchop":1,"minecraft:birch_boat":2,"minecraft:oak_fence":3,"minecraft:porkchop":23,"minecraft:white_bed":5,"minecraft:dark_oak_log":41,"minecraft:spider_eye":3,"minecraft:dark_oak_planks":93,"minecraft:arrow":7,"minecraft:stone_sword":3,"minecraft:stone_axe":1,"minecraft:hay_block":35,"minecraft:bread":127,"minecraft:emerald":34,"minecraft:oak_sapling":3,"minecraft:mutton":22,"minecraft:dark_oak_fence":11,"minecraft:coal":10,"minecraft:cobblestone":271},"minecraft:killed":{"minecraft:pig":6,"minecraft:iron_golem":3,"minecraft:sheep":1,"minecraft:chicken":3,"minecraft:turtle":2}},"DataVersion":3955}