{"stats":{"minecraft:mined":{"minecraft:white_bed":2,"minecraft:dark_oak_leaves":1,"minecraft:dark_oak_log":41,"minecraft:crafting_table":3,"minecraft:short_grass":7,"minecraft:grass_block":2,"minecraft:tall_grass":4,"minecraft:hay_block":7,"minecraft:furnace":1,"minecraft:birch_log":24,"minecraft:iron_ore":1,"minecraft:fire":2,"minecraft:birch_leaves":2,"minecraft:yellow_bed":1,"minecraft:oak_log":118,"minecraft:coal_ore":4,"minecraft:dirt":10,"minecraft:stone":82,"minecraft:oak_leaves":23},"minecraft:crafted":{"minecraft:wooden_sword":1,"minecraft:cooked_porkchop":2,"minecraft:crafting_table":2,"minecraft:wooden_pickaxe":1,"minecraft:birch_boat":2,"minecraft:furnace":1,"minecraft:birch_planks":64,"minecraft:stone_axe":1,"minecraft:stick":12,"minecraft:stone_pickaxe":2,"minecraft:stone_sword":1},"minecraft:used":{"minecraft:stone_sword":6,"minecraft:stone_pickaxe":68,"minecraft:wooden_pickaxe":22,"minecraft:birch_boat":4,"minecraft:dirt":10,"minecraft:crafting_table":7,"minecraft:white_bed":2,"minecraft:bread":3,"minecraft:stone_axe":194,"minecraft:fire_charge":1,"minecraft:wooden_sword":30,"minecraft:furnace":1,"minecraft:cooked_porkchop":2,"minecraft:birch_log":1},"minecraft:picked_up":{"minecraft:birch_log":24,"minecraft:seagrass":3,"minecraft:crafting_table":5,"minecraft:feather":4,"minecraft:chicken":3,"minecraft:wooden_pickaxe":1,"minecraft:oak_log":117,"minecraft:yellow_bed":1,"minecraft:dirt":28,"minecraft:wooden_sword":1,"minecraft:apple":1,"minecraft:wheat_seeds":1,"minecraft:stone_pickaxe":1,"minecraft:oak_planks":41,"minecraft:egg":1,"minecraft:furnace":2,"minecraft:raw_iron":1,"minecraft:cooked_porkchop":1,"minecraft:birch_boat":2,"minecraft:porkchop":8,"minecraft:white_bed":3,"minecraft:dark_oak_log":41,"minecraft:stone_axe":1,"minecraft:hay_block":5,"minecraft:oak_sapling":1,"minecraft:mutton":7,"minecraft:coal":4,"minecraft:cobblestone":82},"minecraft:broken":{"minecraft:stone_axe":1},"minecraft:killed":{"minecraft:pig":4,"minecraft:chicken":3,"minecraft:turtle":2},"minecraft:custom":{"minecraft:interact_with_furnace":5,"minecraft:mob_kills":9,"minecraft:interact_with_crafting_table":11,"minecraft:time_since_death":53957,"minecraft:sleep_in_bed":4,"minecraft:time_since_rest":4557,"minecraft:sprint_one_cm":140308,"minecraft:damage_taken":295,"minecraft:walk_one_cm":110346,"minecraft:drop":5,"minecraft:damage_dealt":1226,"minecraft:swim_one_cm":4263,"minecraft:fly_one_cm":23195,"minecraft:open_chest":5,"minecraft:crouch_one_cm":507,"minecraft:play_time":53957,"minecraft:sneak_time":576,"minecraft:walk_under_water_one_cm":1586,"minecraft:boat_one_cm":206230,"minecraft:jump":498,"minecraft:walk_on_water_one_cm":2567,"minecraft:total_world_time":53957,"minecraft:fall_one_cm":3054},"minecraft:dropped":{"minecraft:oak_log":117,"minecraft:wooden_sword":1,"minecraft:wooden_pickaxe":1,"minecraft:stone_pickaxe":1}},"DataVersion":3955}