{"stats":{"minecraft:crafted":{"minecraft:cherry_planks":172,"minecraft:oak_planks":80,"minecraft:stone_shovel":3,"minecraft:emerald":15,"minecraft:crafting_table":2,"minecraft:wooden_pickaxe":1,"minecraft:furnace":2,"minecraft:fletching_table":1,"minecraft:bucket":1,"minecraft:birch_planks":48,"minecraft:stone_axe":2,"minecraft:bread":267,"minecraft:cooked_mutton":4,"minecraft:air":0,"minecraft:charcoal":4,"minecraft:shield":1,"minecraft:iron_axe":1,"minecraft:stick":452,"minecraft:stone_pickaxe":1,"minecraft:stone_sword":1,"minecraft:oak_button":16,"minecraft:white_bed":2,"minecraft:acacia_planks":12,"minecraft:torch":16,"minecraft:stone_hoe":1,"minecraft:wheat":801},"minecraft:dropped":{"minecraft:gravel":2,"minecraft:bread":11,"minecraft:stick":65,"minecraft:flint":4,"minecraft:potato":2,"minecraft:torch":16,"minecraft:peony":1,"minecraft:yellow_bed":1,"minecraft:white_wool":6},"minecraft:broken":{"minecraft:stone_axe":2,"minecraft:stone_shovel":2},"minecraft:picked_up":{"minecraft:birch_log":12,"minecraft:wheat":1,"minecraft:azure_bluet":4,"minecraft:feather":2,"minecraft:lilac":3,"minecraft:water_bucket":2,"minecraft:smithing_table":1,"minecraft:potato":17,"minecraft:flint":5,"minecraft:oak_log":115,"minecraft:brewing_stand":3,"minecraft:yellow_bed":15,"minecraft:dirt":340,"minecraft:bone":2,"minecraft:apple":1,"minecraft:beetroot":4,"minecraft:stonecutter":1,"minecraft:wheat_seeds":23,"minecraft:iron_ingot":16,"minecraft:beef":1,"minecraft:poppy":7,"minecraft:fletching_table":3,"minecraft:sugar_cane":8,"minecraft:chest":3,"minecraft:book":1,"minecraft:stick":83,"minecraft:pumpkin":10,"minecraft:composter":1,"minecraft:acacia_log":3,"minecraft:gravel":17,"minecraft:porkchop":4,"minecraft:blast_furnace":1,"minecraft:white_bed":9,"minecraft:carrot":10,"minecraft:barrel":6,"minecraft:mossy_cobblestone":1,"minecraft:arrow":1,"minecraft:rotten_flesh":1,"minecraft:beetroot_seeds":11,"minecraft:peony":1,"minecraft:hay_block":84,"minecraft:emerald":1,"minecraft:bread":8,"minecraft:oak_sapling":15,"minecraft:mutton":17,"minecraft:coal":2,"minecraft:white_wool":12,"minecraft:cobblestone":37},"minecraft:used":{"minecraft:cooked_mutton":4,"minecraft:water_bucket":9,"minecraft:stone_sword":39,"minecraft:stone_shovel":264,"minecraft:stone_pickaxe":34,"minecraft:wooden_pickaxe":15,"minecraft:composter":1,"minecraft:fletching_table":4,"minecraft:sugar_cane":8,"minecraft:stone_hoe":128,"minecraft:dirt":111,"minecraft:crafting_table":2,"minecraft:white_bed":12,"minecraft:iron_axe":22,"minecraft:bread":28,"minecraft:gravel":15,"minecraft:stone_axe":233,"minecraft:cobblestone":1,"minecraft:hay_block":4,"minecraft:oak_sapling":14,"minecraft:furnace":2,"minecraft:bucket":10,"minecraft:yellow_bed":14,"minecraft:potato":6},"minecraft:mined":{"minecraft:smithing_table":1,"minecraft:white_bed":10,"minecraft:oak_sapling":1,"minecraft:mossy_cobblestone":1,"minecraft:brewing_stand":3,"minecraft:short_grass":50,"minecraft:blast_furnace":1,"minecraft:acacia_log":5,"minecraft:grass_block":95,"minecraft:poppy":5,"minecraft:chest":3,"minecraft:tall_grass":4,"minecraft:cobblestone":25,"minecraft:sugar_cane":5,"minecraft:composter":1,"minecraft:seagrass":1,"minecraft:hay_block":82,"minecraft:carrots":7,"minecraft:birch_log":12,"minecraft:wheat":12,"minecraft:barrel":2,"minecraft:lilac":4,"minecraft:pumpkin":10,"minecraft:azure_bluet":3,"minecraft:fletching_table":3,"minecraft:yellow_bed":15,"minecraft:peony":4,"minecraft:potatoes":4,"minecraft:oak_log":115,"minecraft:beetroots":5,"minecraft:dirt_path":58,"minecraft:gravel":15,"minecraft:dirt":161,"minecraft:stone":10,"minecraft:stonecutter":1,"minecraft:oak_leaves":33},"minecraft:custom":{"minecraft:interact_with_furnace":9,"minecraft:mob_kills":22,"minecraft:traded_with_villager":15,"minecraft:interact_with_crafting_table":27,"minecraft:leave_game":9,"minecraft:time_since_death":63989,"minecraft:sleep_in_bed":12,"minecraft:climb_one_cm":952,"minecraft:time_since_rest":10513,"minecraft:sprint_one_cm":419062,"minecraft:damage_taken":1382,"minecraft:walk_one_cm":423424,"minecraft:drop":45,"minecraft:damage_dealt":6191,"minecraft:swim_one_cm":4697,"minecraft:talked_to_villager":8,"minecraft:fly_one_cm":469594,"minecraft:open_chest":27,"minecraft:crouch_one_cm":5417,"minecraft:play_time":151372,"minecraft:deaths":4,"minecraft:sneak_time":1798,"minecraft:walk_under_water_one_cm":2002,"minecraft:jump":2019,"minecraft:walk_on_water_one_cm":7177,"minecraft:total_world_time":151372,"minecraft:fall_one_cm":43803},"minecraft:killed":{"minecraft:pig":2,"minecraft:iron_golem":4,"minecraft:sheep":12,"minecraft:skeleton":1,"minecraft:zombie":2,"minecraft:cow":1}},"DataVersion":3953}