{"stats":{"minecraft:crafted":{"minecraft:cherry_planks":172,"minecraft:oak_planks":328,"minecraft:stone_shovel":3,"minecraft:furnace":2,"minecraft:cooked_mutton":4,"minecraft:iron_boots":4,"minecraft:bow":1,"minecraft:iron_axe":1,"minecraft:stone_pickaxe":1,"minecraft:oak_button":16,"minecraft:stone_hoe":1,"minecraft:wheat":801,"minecraft:arrow":32,"minecraft:emerald":34,"minecraft:crafting_table":3,"minecraft:wooden_pickaxe":1,"minecraft:fletching_table":2,"minecraft:bucket":1,"minecraft:birch_planks":48,"minecraft:stone_axe":2,"minecraft:bread":267,"minecraft:air":0,"minecraft:charcoal":4,"minecraft:shield":1,"minecraft:stick":1136,"minecraft:iron_pickaxe":1,"minecraft:stone_sword":1,"minecraft:white_bed":2,"minecraft:acacia_planks":12,"minecraft:torch":16},"minecraft:dropped":{"minecraft:iron_ingot":5,"minecraft:bread":11,"minecraft:birch_planks":76,"minecraft:wheat_seeds":1,"minecraft:crafting_table":1,"minecraft:oak_fence":3,"minecraft:stick":129,"minecraft:flint":4,"minecraft:torch":16,"minecraft:iron_pickaxe":1,"minecraft:white_wool":6,"minecraft:gravel":2,"minecraft:iron_boots":3,"minecraft:oak_planks":52,"minecraft:potato":2,"minecraft:peony":1,"minecraft:yellow_bed":2},"minecraft:broken":{"minecraft:stone_axe":2,"minecraft:stone_shovel":2},"minecraft:picked_up":{"minecraft:wheat":2,"minecraft:azure_bluet":6,"minecraft:smithing_table":1,"minecraft:wooden_pickaxe":1,"minecraft:brewing_stand":3,"minecraft:shield":1,"minecraft:string":8,"minecraft:raw_copper":18,"minecraft:iron_axe":1,"minecraft:beetroot":8,"minecraft:cobbled_deepslate":10,"minecraft:bucket":2,"minecraft:beef":1,"minecraft:poppy":16,"minecraft:iron_pickaxe":1,"minecraft:sugar_cane":14,"minecraft:chest":3,"minecraft:iron_boots":3,"minecraft:raw_iron":12,"minecraft:stick":113,"minecraft:composter":1,"minecraft:oak_fence":3,"minecraft:torch":6,"minecraft:acacia_log":3,"minecraft:porkchop":4,"minecraft:pointed_dripstone":9,"minecraft:carrot":20,"minecraft:redstone":26,"minecraft:stone_sword":1,"minecraft:stone_shovel":1,"minecraft:arrow":25,"minecraft:rotten_flesh":1,"minecraft:beetroot_seeds":22,"minecraft:peony":1,"minecraft:hay_block":84,"minecraft:mutton":17,"minecraft:cobblestone":63,"minecraft:white_wool":12,"minecraft:birch_log":12,"minecraft:feather":2,"minecraft:lilac":3,"minecraft:water_bucket":3,"minecraft:potato":19,"minecraft:birch_planks":77,"minecraft:flint":6,"minecraft:oak_log":115,"minecraft:yellow_bed":17,"minecraft:dirt":453,"minecraft:bone":4,"minecraft:apple":7,"minecraft:bow":1,"minecraft:stonecutter":2,"minecraft:wheat_seeds":38,"minecraft:raw_gold":6,"minecraft:stone_pickaxe":2,"minecraft:iron_ingot":33,"minecraft:stripped_oak_wood":1,"minecraft:fletching_table":3,"minecraft:stone_hoe":1,"minecraft:oak_planks":52,"minecraft:book":1,"minecraft:pumpkin":10,"minecraft:gravel":17,"minecraft:blast_furnace":1,"minecraft:white_bed":9,"minecraft:barrel":7,"minecraft:mossy_cobblestone":3,"minecraft:diamond":8,"minecraft:golden_apple":1,"minecraft:bread":61,"minecraft:emerald":17,"minecraft:oak_button":16,"minecraft:oak_sapling":26,"minecraft:coal":153},"minecraft:used":{"minecraft:stone_sword":47,"minecraft:stone_shovel":264,"minecraft:chest":2,"minecraft:stone_hoe":137,"minecraft:dirt":124,"minecraft:iron_axe":40,"minecraft:iron_boots":1,"minecraft:bow":9,"minecraft:hay_block":4,"minecraft:furnace":2,"minecraft:oak_sapling":26,"minecraft:potato":8,"minecraft:cooked_mutton":4,"minecraft:water_bucket":14,"minecraft:birch_planks":5,"minecraft:stone_pickaxe":34,"minecraft:wooden_pickaxe":15,"minecraft:composter":1,"minecraft:fletching_table":5,"minecraft:sugar_cane":14,"minecraft:mossy_cobblestone":2,"minecraft:crafting_table":2,"minecraft:blast_furnace":1,"minecraft:white_bed":12,"minecraft:bread":33,"minecraft:iron_pickaxe":20,"minecraft:gravel":15,"minecraft:stone_axe":233,"minecraft:cobblestone":1,"minecraft:smithing_table":1,"minecraft:bucket":15,"minecraft:yellow_bed":14},"minecraft:mined":{"minecraft:white_bed":10,"minecraft:oak_sapling":1,"minecraft:mossy_cobblestone":3,"minecraft:deepslate_diamond_ore":1,"minecraft:brewing_stand":3,"minecraft:acacia_log":5,"minecraft:grass_block":100,"minecraft:composter":1,"minecraft:hay_block":82,"minecraft:carrots":7,"minecraft:barrel":2,"minecraft:pumpkin":10,"minecraft:fletching_table":3,"minecraft:peony":4,"minecraft:azure_bluet":3,"minecraft:potatoes":7,"minecraft:pointed_dripstone":1,"minecraft:dirt_path":60,"minecraft:stone":10,"minecraft:smithing_table":1,"minecraft:oak_fence":3,"minecraft:torch":2,"minecraft:short_grass":53,"minecraft:blast_furnace":1,"minecraft:poppy":5,"minecraft:chest":3,"minecraft:cobblestone":36,"minecraft:tall_grass":5,"minecraft:deepslate_gold_ore":3,"minecraft:sugar_cane":11,"minecraft:seagrass":1,"minecraft:birch_planks":1,"minecraft:birch_log":12,"minecraft:wheat":12,"minecraft:lilac":4,"minecraft:stripped_oak_wood":1,"minecraft:yellow_bed":16,"minecraft:oak_log":115,"minecraft:beetroots":5,"minecraft:gravel":15,"minecraft:dirt":175,"minecraft:stonecutter":1,"minecraft:oak_leaves":33},"minecraft:custom":{"minecraft:mob_kills":26,"minecraft:interact_with_crafting_table":34,"minecraft:leave_game":9,"minecraft:time_since_death":17175,"minecraft:climb_one_cm":952,"minecraft:sprint_one_cm":485920,"minecraft:walk_one_cm":555489,"minecraft:drop":60,"minecraft:talked_to_villager":32,"minecraft:play_time":193371,"minecraft:deaths":5,"minecraft:sneak_time":2869,"minecraft:walk_under_water_one_cm":6365,"minecraft:jump":2508,"minecraft:walk_on_water_one_cm":11987,"minecraft:total_world_time":193371,"minecraft:interact_with_furnace":9,"minecraft:traded_with_villager":41,"minecraft:sleep_in_bed":16,"minecraft:time_since_rest":11770,"minecraft:damage_taken":2139,"minecraft:damage_dealt":7669,"minecraft:player_kills":1,"minecraft:fly_one_cm":640680,"minecraft:swim_one_cm":11695,"minecraft:open_chest":34,"minecraft:crouch_one_cm":5797,"minecraft:fall_one_cm":59908},"minecraft:killed":{"minecraft:skeleton":1,"minecraft:pig":2,"minecraft:iron_golem":6,"minecraft:sheep":12,"minecraft:zombie":2,"minecraft:villager":2,"minecraft:cow":1}},"DataVersion":3953}