{"stats":{"minecraft:crafted":{"minecraft:oak_planks":20,"minecraft:stone_shovel":1,"minecraft:emerald":2,"minecraft:crafting_table":2,"minecraft:wooden_pickaxe":1,"minecraft:furnace":1,"minecraft:fletching_table":1,"minecraft:bucket":1,"minecraft:stone_axe":1,"minecraft:cooked_mutton":4,"minecraft:air":0,"minecraft:stick":20,"minecraft:stone_pickaxe":1,"minecraft:stone_sword":1,"minecraft:white_bed":1,"minecraft:acacia_planks":12,"minecraft:stone_hoe":1},"minecraft:dropped":{"minecraft:gravel":2,"minecraft:stick":65,"minecraft:flint":4,"minecraft:potato":2},"minecraft:picked_up":{"minecraft:azure_bluet":2,"minecraft:lilac":3,"minecraft:potato":2,"minecraft:flint":5,"minecraft:oak_log":5,"minecraft:brewing_stand":1,"minecraft:yellow_bed":3,"minecraft:dirt":75,"minecraft:wheat_seeds":1,"minecraft:iron_ingot":3,"minecraft:fletching_table":2,"minecraft:stick":65,"minecraft:acacia_log":3,"minecraft:gravel":16,"minecraft:blast_furnace":1,"minecraft:white_bed":2,"minecraft:mossy_cobblestone":1,"minecraft:peony":1,"minecraft:hay_block":11,"minecraft:mutton":4,"minecraft:white_wool":3,"minecraft:cobblestone":20},"minecraft:used":{"minecraft:cooked_mutton":3,"minecraft:stone_sword":1,"minecraft:stone_shovel":91,"minecraft:stone_pickaxe":12,"minecraft:wooden_pickaxe":15,"minecraft:fletching_table":3,"minecraft:stone_hoe":5,"minecraft:dirt":3,"minecraft:crafting_table":2,"minecraft:white_bed":2,"minecraft:gravel":15,"minecraft:stone_axe":15,"minecraft:cobblestone":1,"minecraft:hay_block":4,"minecraft:furnace":1,"minecraft:yellow_bed":3,"minecraft:potato":2},"minecraft:mined":{"minecraft:white_bed":2,"minecraft:mossy_cobblestone":1,"minecraft:brewing_stand":1,"minecraft:short_grass":7,"minecraft:acacia_log":3,"minecraft:blast_furnace":1,"minecraft:grass_block":24,"minecraft:tall_grass":2,"minecraft:cobblestone":21,"minecraft:hay_block":11,"minecraft:lilac":4,"minecraft:fletching_table":2,"minecraft:yellow_bed":3,"minecraft:peony":4,"minecraft:oak_log":5,"minecraft:dirt_path":19,"minecraft:gravel":15,"minecraft:dirt":33,"minecraft:oak_leaves":1},"minecraft:custom":{"minecraft:interact_with_furnace":2,"minecraft:mob_kills":4,"minecraft:traded_with_villager":2,"minecraft:interact_with_crafting_table":10,"minecraft:leave_game":3,"minecraft:time_since_death":30006,"minecraft:sleep_in_bed":2,"minecraft:time_since_rest":8315,"minecraft:sprint_one_cm":48711,"minecraft:walk_one_cm":88717,"minecraft:damage_taken":546,"minecraft:drop":10,"minecraft:damage_dealt":1323,"minecraft:fly_one_cm":37917,"minecraft:talked_to_villager":5,"minecraft:play_time":32761,"minecraft:deaths":1,"minecraft:sneak_time":4,"minecraft:walk_under_water_one_cm":1204,"minecraft:jump":374,"minecraft:walk_on_water_one_cm":1046,"minecraft:total_world_time":32761,"minecraft:fall_one_cm":10636},"minecraft:killed":{"minecraft:iron_golem":1,"minecraft:sheep":3}},"DataVersion":3953}