{"stats":{"minecraft:mined":{"minecraft:spruce_planks":1,"minecraft:white_bed":1,"minecraft:dark_oak_leaves":18,"minecraft:kelp_plant":1,"minecraft:dark_oak_log":18,"minecraft:brewing_stand":1,"minecraft:crafting_table":6,"minecraft:short_grass":6,"minecraft:chest":1,"minecraft:tall_grass":3,"minecraft:cobblestone":9,"minecraft:sugar_cane":8,"minecraft:sandstone":3,"minecraft:hay_block":19,"minecraft:furnace":2,"minecraft:birch_leaves":1,"minecraft:pumpkin":7,"minecraft:yellow_bed":5,"minecraft:bell":1,"minecraft:oak_log":23,"minecraft:sand":8,"minecraft:dirt":3,"minecraft:azalea_leaves":1,"minecraft:red_mushroom_block":2,"minecraft:stone":50,"minecraft:oak_leaves":3},"minecraft:crafted":{"minecraft:oak_planks":76,"minecraft:stone_shovel":1,"minecraft:dark_oak_boat":1,"minecraft:crafting_table":4,"minecraft:wooden_pickaxe":1,"minecraft:furnace":1,"minecraft:stone_axe":2,"minecraft:cooked_mutton":6,"minecraft:bread":41,"minecraft:air":0,"minecraft:dark_oak_door":3,"minecraft:oak_boat":1,"minecraft:stick":16,"minecraft:stone_pickaxe":1,"minecraft:dark_oak_planks":72,"minecraft:wheat":189},"minecraft:picked_up":{"minecraft:crafting_table":5,"minecraft:clock":1,"minecraft:leather":6,"minecraft:wooden_pickaxe":1,"minecraft:filled_map":1,"minecraft:oak_log":23,"minecraft:brewing_stand":1,"minecraft:yellow_bed":5,"minecraft:golden_sword":1,"minecraft:dirt":3,"minecraft:kelp":2,"minecraft:bell":1,"minecraft:spruce_planks":2,"minecraft:beef":8,"minecraft:iron_ingot":5,"minecraft:oak_boat":3,"minecraft:poppy":1,"minecraft:iron_nugget":11,"minecraft:sugar_cane":19,"minecraft:chest":1,"minecraft:furnace":1,"minecraft:dark_oak_sapling":4,"minecraft:pumpkin":7,"minecraft:fire_charge":2,"minecraft:sand":8,"minecraft:porkchop":3,"minecraft:golden_axe":1,"minecraft:dark_oak_log":18,"minecraft:rotten_flesh":1,"minecraft:hay_block":21,"minecraft:gray_wool":2,"minecraft:glistering_melon_slice":12,"minecraft:black_wool":1,"minecraft:mutton":20,"minecraft:cobblestone":59,"minecraft:white_wool":10},"minecraft:used":{"minecraft:cooked_mutton":6,"minecraft:stone_shovel":8,"minecraft:stone_pickaxe":30,"minecraft:wooden_pickaxe":37,"minecraft:sand":1,"minecraft:crafting_table":9,"minecraft:oak_log":4,"minecraft:bread":12,"minecraft:stone_axe":138,"minecraft:cobblestone":25,"minecraft:dark_oak_boat":1,"minecraft:furnace":2,"minecraft:yellow_bed":3,"minecraft:oak_boat":4},"minecraft:broken":{"minecraft:stone_axe":1},"minecraft:killed":{"minecraft:pig":1,"minecraft:iron_golem":1,"minecraft:sheep":12,"minecraft:zombie":4,"minecraft:cow":4},"minecraft:custom":{"minecraft:interact_with_furnace":6,"minecraft:mob_kills":22,"minecraft:interact_with_crafting_table":12,"minecraft:leave_game":4,"minecraft:time_since_death":50212,"minecraft:sleep_in_bed":4,"minecraft:climb_one_cm":560,"minecraft:time_since_rest":2571,"minecraft:sprint_one_cm":165568,"minecraft:damage_taken":788,"minecraft:walk_one_cm":95935,"minecraft:drop":15,"minecraft:damage_dealt":3330,"minecraft:swim_one_cm":30945,"minecraft:fly_one_cm":136383,"minecraft:open_chest":8,"minecraft:crouch_one_cm":294,"minecraft:play_time":50212,"minecraft:sneak_time":142,"minecraft:walk_under_water_one_cm":9573,"minecraft:boat_one_cm":314429,"minecraft:jump":763,"minecraft:walk_on_water_one_cm":18496,"minecraft:total_world_time":50212,"minecraft:fall_one_cm":22235},"minecraft:dropped":{"minecraft:golden_axe":1,"minecraft:cobblestone":1,"minecraft:filled_map":1,"minecraft:poppy":1,"minecraft:dirt":3,"minecraft:gray_wool":2,"minecraft:spruce_planks":1,"minecraft:chest":1,"minecraft:golden_sword":1,"minecraft:fire_charge":2,"minecraft:wooden_pickaxe":2}},"DataVersion":3955}