{"stats":{"minecraft:mined":{"minecraft:spruce_planks":1,"minecraft:white_bed":1,"minecraft:dark_oak_leaves":18,"minecraft:kelp_plant":1,"minecraft:dark_oak_log":18,"minecraft:brewing_stand":1,"minecraft:crafting_table":6,"minecraft:short_grass":6,"minecraft:chest":1,"minecraft:tall_grass":3,"minecraft:cobblestone":9,"minecraft:sugar_cane":8,"minecraft:sandstone":20,"minecraft:hay_block":19,"minecraft:furnace":2,"minecraft:dark_oak_door":1,"minecraft:birch_leaves":1,"minecraft:pumpkin":7,"minecraft:yellow_bed":6,"minecraft:bell":1,"minecraft:coal_ore":7,"minecraft:oak_log":23,"minecraft:dirt":3,"minecraft:gravel":1,"minecraft:sand":38,"minecraft:azalea_leaves":1,"minecraft:red_mushroom_block":2,"minecraft:stone":74,"minecraft:oak_leaves":3},"minecraft:crafted":{"minecraft:oak_planks":76,"minecraft:stone_shovel":1,"minecraft:dark_oak_boat":1,"minecraft:crafting_table":4,"minecraft:wooden_pickaxe":1,"minecraft:furnace":1,"minecraft:stone_axe":2,"minecraft:bread":41,"minecraft:cooked_mutton":6,"minecraft:air":0,"minecraft:dark_oak_door":3,"minecraft:oak_boat":1,"minecraft:stick":16,"minecraft:stone_pickaxe":1,"minecraft:dark_oak_planks":72,"minecraft:wheat":189},"minecraft:picked_up":{"minecraft:crafting_table":5,"minecraft:clock":1,"minecraft:leather":6,"minecraft:dark_oak_boat":1,"minecraft:wooden_pickaxe":1,"minecraft:filled_map":3,"minecraft:oak_log":23,"minecraft:brewing_stand":1,"minecraft:yellow_bed":6,"minecraft:golden_sword":1,"minecraft:dirt":3,"minecraft:kelp":2,"minecraft:bell":1,"minecraft:spruce_planks":2,"minecraft:beef":8,"minecraft:iron_ingot":5,"minecraft:oak_boat":3,"minecraft:poppy":1,"minecraft:iron_nugget":11,"minecraft:sugar_cane":19,"minecraft:chest":1,"minecraft:furnace":1,"minecraft:dark_oak_door":1,"minecraft:dark_oak_sapling":4,"minecraft:pumpkin":7,"minecraft:fire_charge":2,"minecraft:porkchop":3,"minecraft:sand":28,"minecraft:golden_axe":1,"minecraft:dark_oak_log":18,"minecraft:rotten_flesh":1,"minecraft:hay_block":21,"minecraft:gray_wool":2,"minecraft:glistering_melon_slice":12,"minecraft:black_wool":1,"minecraft:mutton":20,"minecraft:coal":7,"minecraft:white_wool":10,"minecraft:cobblestone":83},"minecraft:used":{"minecraft:cooked_mutton":6,"minecraft:stone_shovel":36,"minecraft:stone_pickaxe":78,"minecraft:wooden_pickaxe":37,"minecraft:sand":11,"minecraft:crafting_table":9,"minecraft:dark_oak_door":1,"minecraft:oak_log":4,"minecraft:bread":15,"minecraft:stone_axe":143,"minecraft:cobblestone":26,"minecraft:dark_oak_boat":1,"minecraft:furnace":2,"minecraft:oak_boat":4,"minecraft:yellow_bed":4},"minecraft:broken":{"minecraft:stone_axe":1},"minecraft:killed":{"minecraft:armadillo":1,"minecraft:pig":1,"minecraft:iron_golem":1,"minecraft:sheep":12,"minecraft:zombie":4,"minecraft:cow":4},"minecraft:custom":{"minecraft:interact_with_furnace":6,"minecraft:mob_kills":23,"minecraft:interact_with_crafting_table":12,"minecraft:leave_game":7,"minecraft:time_since_death":64893,"minecraft:sleep_in_bed":5,"minecraft:climb_one_cm":560,"minecraft:time_since_rest":3368,"minecraft:sprint_one_cm":207314,"minecraft:damage_taken":908,"minecraft:walk_one_cm":113330,"minecraft:drop":19,"minecraft:damage_dealt":3451,"minecraft:swim_one_cm":36686,"minecraft:fly_one_cm":201462,"minecraft:open_chest":9,"minecraft:crouch_one_cm":294,"minecraft:play_time":64893,"minecraft:sneak_time":168,"minecraft:walk_under_water_one_cm":15139,"minecraft:boat_one_cm":355470,"minecraft:jump":1039,"minecraft:walk_on_water_one_cm":23898,"minecraft:total_world_time":64893,"minecraft:fall_one_cm":30551},"minecraft:dropped":{"minecraft:golden_axe":1,"minecraft:cobblestone":1,"minecraft:filled_map":4,"minecraft:poppy":1,"minecraft:dirt":3,"minecraft:gray_wool":2,"minecraft:spruce_planks":2,"minecraft:chest":1,"minecraft:fire_charge":2,"minecraft:golden_sword":1,"minecraft:wooden_pickaxe":2}},"DataVersion":3955}