{"stats":{"minecraft:crafted":{"minecraft:cherry_planks":612,"minecraft:oak_planks":932,"minecraft:stone_shovel":3,"minecraft:fishing_rod":1,"minecraft:furnace":2,"minecraft:diamond_shovel":1,"minecraft:bookshelf":5,"minecraft:cooked_mutton":4,"minecraft:diamond_leggings":2,"minecraft:bow":1,"minecraft:iron_boots":24,"minecraft:iron_axe":6,"minecraft:stone_pickaxe":3,"minecraft:diamond_boots":2,"minecraft:chest":16,"minecraft:oak_button":16,"minecraft:stone_hoe":1,"minecraft:chainmail_leggings":23,"minecraft:wheat":801,"minecraft:arrow":32,"minecraft:emerald":551,"minecraft:diamond_axe":1,"minecraft:crafting_table":4,"minecraft:wooden_pickaxe":1,"minecraft:iron_sword":1,"minecraft:bell":5,"minecraft:fletching_table":11,"minecraft:bucket":1,"minecraft:birch_planks":48,"minecraft:stone_axe":2,"minecraft:enchanted_book":1,"minecraft:jungle_slab":6,"minecraft:bread":267,"minecraft:air":0,"minecraft:jungle_planks":5808,"minecraft:lectern":1,"minecraft:book":15,"minecraft:paper":63,"minecraft:charcoal":33,"minecraft:diamond_pickaxe":1,"minecraft:shield":1,"minecraft:stick":14902,"minecraft:iron_ingot":14,"minecraft:iron_pickaxe":2,"minecraft:stone_sword":1,"minecraft:snow_block":49,"minecraft:iron_shovel":4,"minecraft:white_bed":17,"minecraft:acacia_planks":40,"minecraft:torch":108,"minecraft:shears":1,"minecraft:packed_ice":5},"minecraft:dropped":{"minecraft:stone_hoe":1,"minecraft:water_bucket":2,"minecraft:iron_ingot":5,"minecraft:bread":11,"minecraft:birch_planks":76,"minecraft:diamond_axe":1,"minecraft:wheat_seeds":10,"minecraft:crafting_table":2,"minecraft:diamond":3,"minecraft:poisonous_potato":1,"minecraft:oak_fence":3,"minecraft:jungle_planks":1,"minecraft:tropical_fish":11,"minecraft:cod":3,"minecraft:stick":1090,"minecraft:flint":4,"minecraft:dirt":84,"minecraft:torch":109,"minecraft:cherry_planks":2,"minecraft:snowball":3,"minecraft:jungle_sapling":2,"minecraft:iron_axe":4,"minecraft:iron_pickaxe":1,"minecraft:iron_shovel":1,"minecraft:chainmail_leggings":33,"minecraft:fishing_rod":1,"minecraft:white_wool":7,"minecraft:gravel":2,"minecraft:stone_axe":12,"minecraft:rotten_flesh":9,"minecraft:oak_planks":52,"minecraft:iron_boots":42,"minecraft:azure_bluet":26,"minecraft:potato":2,"minecraft:gunpowder":1,"minecraft:peony":1,"minecraft:diamond_pickaxe":1,"minecraft:yellow_bed":3,"minecraft:diamond_boots":1,"minecraft:arrow":21,"minecraft:stone_pickaxe":3,"minecraft:wooden_pickaxe":1,"minecraft:bell":3,"minecraft:black_wool":1},"minecraft:broken":{"minecraft:iron_shovel":4,"minecraft:iron_axe":1,"minecraft:stone_axe":2,"minecraft:iron_sword":1,"minecraft:stone_shovel":2},"minecraft:picked_up":{"minecraft:charcoal":27,"minecraft:crafting_table":4,"minecraft:wheat":2,"minecraft:azure_bluet":39,"minecraft:lead":1,"minecraft:smithing_table":4,"minecraft:wooden_pickaxe":2,"minecraft:brewing_stand":3,"minecraft:shield":2,"minecraft:string":8,"minecraft:raw_copper":18,"minecraft:iron_axe":5,"minecraft:iron_shovel":1,"minecraft:beetroot":8,"minecraft:diamond_leggings":1,"minecraft:cobbled_deepslate":152,"minecraft:bucket":2,"minecraft:beef":10,"minecraft:jungle_sapling":40,"minecraft:poppy":34,"minecraft:iron_pickaxe":1,"minecraft:lectern":7,"minecraft:melon_slice":92,"minecraft:sugar_cane":105,"minecraft:chest":13,"minecraft:iron_boots":29,"minecraft:stick":1693,"minecraft:raw_iron":12,"minecraft:composter":1,"minecraft:oak_fence":6,"minecraft:torch":7,"minecraft:acacia_log":4,"minecraft:porkchop":4,"minecraft:pointed_dripstone":9,"minecraft:carrot":20,"minecraft:redstone":26,"minecraft:rotten_flesh":12,"minecraft:arrow":67,"minecraft:stone_sword":1,"minecraft:stone_shovel":1,"minecraft:tropical_fish":11,"minecraft:beetroot_seeds":22,"minecraft:peony":1,"minecraft:diamond_boots":1,"minecraft:hay_block":84,"minecraft:mutton":17,"minecraft:snowball":199,"minecraft:cod":3,"minecraft:cobblestone":149,"minecraft:white_wool":68,"minecraft:birch_log":12,"minecraft:feather":2,"minecraft:lilac":3,"minecraft:cherry_planks":2,"minecraft:water_bucket":5,"minecraft:jungle_log":798,"minecraft:leather":26,"minecraft:potato":25,"minecraft:birch_planks":77,"minecraft:flint":57,"minecraft:oak_log":162,"minecraft:yellow_bed":21,"minecraft:cobblestone_stairs":1,"minecraft:gunpowder":2,"minecraft:dirt":1257,"minecraft:bone":8,"minecraft:apple":9,"minecraft:oak_fence_gate":1,"minecraft:rabbit_hide":1,"minecraft:bow":1,"minecraft:stonecutter":2,"minecraft:wheat_seeds":48,"minecraft:raw_gold":6,"minecraft:iron_ingot":33,"minecraft:stone_pickaxe":3,"minecraft:rabbit":1,"minecraft:stripped_oak_wood":1,"minecraft:fletching_table":24,"minecraft:bamboo":950,"minecraft:iron_sword":1,"minecraft:stone_hoe":3,"minecraft:oak_planks":63,"minecraft:book":1,"minecraft:pumpkin":10,"minecraft:dandelion":4,"minecraft:poisonous_potato":1,"minecraft:jungle_planks":378,"minecraft:gravel":403,"minecraft:blast_furnace":3,"minecraft:white_bed":11,"minecraft:barrel":7,"minecraft:mossy_cobblestone":4,"minecraft:stone_axe":12,"minecraft:diamond":14,"minecraft:chainmail_leggings":23,"minecraft:bone_meal":1,"minecraft:cherry_sapling":11,"minecraft:golden_apple":1,"minecraft:emerald":59,"minecraft:bread":115,"minecraft:oak_button":16,"minecraft:oak_sapling":34,"minecraft:coal":281},"minecraft:used":{"minecraft:iron_shovel":1001,"minecraft:stone_sword":48,"minecraft:stone_shovel":264,"minecraft:chest":14,"minecraft:shield":1,"minecraft:iron_sword":177,"minecraft:stone_hoe":137,"minecraft:dirt":454,"minecraft:jungle_sapling":35,"minecraft:iron_axe":346,"minecraft:jungle_log":26,"minecraft:iron_boots":1,"minecraft:bamboo":290,"minecraft:bow":12,"minecraft:hay_block":4,"minecraft:furnace":2,"minecraft:oak_sapling":27,"minecraft:potato":14,"minecraft:cooked_mutton":4,"minecraft:water_bucket":41,"minecraft:birch_planks":5,"minecraft:stone_pickaxe":34,"minecraft:wooden_pickaxe":15,"minecraft:composter":1,"minecraft:fletching_table":31,"minecraft:diamond_axe":382,"minecraft:sugar_cane":21,"minecraft:white_wool":3,"minecraft:mossy_cobblestone":2,"minecraft:crafting_table":4,"minecraft:blast_furnace":3,"minecraft:white_bed":29,"minecraft:diamond_shovel":230,"minecraft:bread":78,"minecraft:iron_pickaxe":83,"minecraft:lectern":8,"minecraft:gravel":35,"minecraft:stone_axe":233,"minecraft:cobblestone":1,"minecraft:smithing_table":4,"minecraft:bucket":42,"minecraft:yellow_bed":17,"minecraft:diamond_leggings":1},"minecraft:mined":{"minecraft:white_bed":12,"minecraft:oak_sapling":1,"minecraft:mossy_cobblestone":8,"minecraft:deepslate_diamond_ore":1,"minecraft:cobblestone_stairs":1,"minecraft:jungle_leaves":130,"minecraft:brewing_stand":3,"minecraft:acacia_log":6,"minecraft:grass_block":351,"minecraft:jungle_log":437,"minecraft:composter":1,"minecraft:hay_block":82,"minecraft:oak_trapdoor":1,"minecraft:furnace":1,"minecraft:carrots":7,"minecraft:jungle_sapling":9,"minecraft:barrel":2,"minecraft:snow":3,"minecraft:pumpkin":10,"minecraft:fletching_table":18,"minecraft:peony":4,"minecraft:azure_bluet":6,"minecraft:vine":39,"minecraft:potatoes":9,"minecraft:pointed_dripstone":1,"minecraft:dirt_path":121,"minecraft:bamboo_sapling":23,"minecraft:bamboo":115,"minecraft:stone":34,"minecraft:white_wool":3,"minecraft:smithing_table":4,"minecraft:cherry_planks":4,"minecraft:snow_block":57,"minecraft:crafting_table":4,"minecraft:oak_fence":6,"minecraft:torch":2,"minecraft:short_grass":69,"minecraft:blast_furnace":3,"minecraft:poppy":12,"minecraft:chest":13,"minecraft:lectern":7,"minecraft:cobblestone":61,"minecraft:tall_grass":5,"minecraft:deepslate_gold_ore":3,"minecraft:oak_planks":11,"minecraft:sugar_cane":62,"minecraft:seagrass":1,"minecraft:white_terracotta":4,"minecraft:birch_planks":1,"minecraft:birch_log":12,"minecraft:wheat":12,"minecraft:lilac":4,"minecraft:stripped_oak_wood":1,"minecraft:yellow_bed":20,"minecraft:oak_log":162,"minecraft:beetroots":5,"minecraft:oak_fence_gate":1,"minecraft:gravel":455,"minecraft:dirt":631,"minecraft:stonecutter":1,"minecraft:oak_leaves":35},"minecraft:custom":{"minecraft:mob_kills":55,"minecraft:animals_bred":7,"minecraft:interact_with_crafting_table":81,"minecraft:leave_game":12,"minecraft:time_since_death":106289,"minecraft:climb_one_cm":8689,"minecraft:sprint_one_cm":993529,"minecraft:walk_one_cm":1239219,"minecraft:damage_blocked_by_shield":148,"minecraft:drop":264,"minecraft:talked_to_villager":218,"minecraft:play_time":419095,"minecraft:deaths":6,"minecraft:sneak_time":4435,"minecraft:walk_under_water_one_cm":39924,"minecraft:jump":5267,"minecraft:walk_on_water_one_cm":37386,"minecraft:total_world_time":419095,"minecraft:interact_with_furnace":13,"minecraft:traded_with_villager":542,"minecraft:sleep_in_bed":36,"minecraft:time_since_rest":15909,"minecraft:damage_taken":3358,"minecraft:damage_dealt":11453,"minecraft:player_kills":1,"minecraft:swim_one_cm":100164,"minecraft:fly_one_cm":1245797,"minecraft:open_chest":235,"minecraft:crouch_one_cm":9007,"minecraft:fall_one_cm":129195},"minecraft:killed":{"minecraft:cod":2,"minecraft:horse":4,"minecraft:skeleton":1,"minecraft:tropical_fish":11,"minecraft:pig":2,"minecraft:rabbit":1,"minecraft:iron_golem":6,"minecraft:sheep":12,"minecraft:zombie":6,"minecraft:villager":5,"minecraft:cow":5}},"DataVersion":3953}