{"stats":{"minecraft:crafted":{"minecraft:oak_planks":1464,"minecraft:diamond_shovel":1,"minecraft:bookshelf":7,"minecraft:cooked_mutton":4,"minecraft:iron_boots":24,"minecraft:diamond_helmet":1,"minecraft:diamond_leggings":2,"minecraft:bow":1,"minecraft:chest":16,"minecraft:oak_button":16,"minecraft:stone_hoe":2,"minecraft:cooked_rabbit":1,"minecraft:arrow":32,"minecraft:emerald":682,"minecraft:diamond_axe":8,"minecraft:crafting_table":5,"minecraft:wooden_pickaxe":1,"minecraft:baked_potato":48,"minecraft:fletching_table":11,"minecraft:birch_planks":48,"minecraft:lectern":7,"minecraft:book":26,"minecraft:paper":117,"minecraft:diamond_pickaxe":3,"minecraft:charcoal":33,"minecraft:shield":1,"minecraft:stick":21272,"minecraft:iron_ingot":14,"minecraft:iron_pickaxe":2,"minecraft:stone_sword":1,"minecraft:snow_block":49,"minecraft:shears":1,"minecraft:packed_ice":5,"minecraft:cherry_planks":612,"minecraft:stone_shovel":3,"minecraft:fishing_rod":1,"minecraft:furnace":2,"minecraft:iron_axe":17,"minecraft:stone_pickaxe":3,"minecraft:diamond_boots":2,"minecraft:chainmail_leggings":23,"minecraft:wheat":801,"minecraft:cooked_beef":9,"minecraft:diamond_sword":1,"minecraft:iron_sword":1,"minecraft:bell":14,"minecraft:bucket":1,"minecraft:stone_axe":2,"minecraft:enchanted_book":20,"minecraft:jungle_slab":42,"minecraft:bread":267,"minecraft:air":0,"minecraft:jungle_planks":6832,"minecraft:iron_shovel":4,"minecraft:white_bed":26,"minecraft:acacia_planks":40,"minecraft:torch":108,"minecraft:diamond_chestplate":1},"minecraft:dropped":{"minecraft:iron_sword":1,"minecraft:birch_planks":76,"minecraft:diamond_axe":1,"minecraft:diamond":3,"minecraft:crafting_table":3,"minecraft:jungle_planks":5,"minecraft:cod":3,"minecraft:emerald":1217,"minecraft:flint":4,"minecraft:cobblestone_stairs":8,"minecraft:dirt":306,"minecraft:packed_ice":5,"minecraft:snowball":3,"minecraft:jungle_sapling":72,"minecraft:glistering_melon_slice":9,"minecraft:iron_pickaxe":1,"minecraft:fishing_rod":1,"minecraft:white_wool":11,"minecraft:gravel":2,"minecraft:stone_axe":12,"minecraft:rotten_flesh":15,"minecraft:oak_planks":52,"minecraft:diamond_shovel":1,"minecraft:azure_bluet":45,"minecraft:white_bed":1,"minecraft:poppy":44,"minecraft:gunpowder":1,"minecraft:jungle_log":1280,"minecraft:bee_nest":1,"minecraft:arrow":29,"minecraft:lectern":2,"minecraft:iron_ingot":5,"minecraft:water_bucket":2,"minecraft:stone_hoe":1,"minecraft:bread":12,"minecraft:wheat_seeds":37,"minecraft:mossy_cobblestone":10,"minecraft:poisonous_potato":1,"minecraft:oak_fence":6,"minecraft:cobblestone":55,"minecraft:book":76,"minecraft:tropical_fish":22,"minecraft:stick":6598,"minecraft:oxeye_daisy":1,"minecraft:jungle_slab":20,"minecraft:torch":111,"minecraft:melon_slice":110,"minecraft:cherry_planks":2,"minecraft:oak_stairs":43,"minecraft:iron_axe":11,"minecraft:chainmail_leggings":33,"minecraft:iron_shovel":1,"minecraft:string":6,"minecraft:dandelion":2,"minecraft:stone_brick_slab":98,"minecraft:oak_trapdoor":1,"minecraft:iron_boots":42,"minecraft:potato":2,"minecraft:diamond_chestplate":1,"minecraft:peony":1,"minecraft:diamond_pickaxe":2,"minecraft:yellow_bed":3,"minecraft:bamboo":76,"minecraft:diamond_boots":1,"minecraft:stone_pickaxe":3,"minecraft:wooden_pickaxe":1,"minecraft:bell":12,"minecraft:black_wool":1},"minecraft:broken":{"minecraft:iron_shovel":4,"minecraft:diamond_shovel":3,"minecraft:stone_axe":2,"minecraft:iron_sword":1,"minecraft:stone_shovel":2,"minecraft:iron_axe":3},"minecraft:picked_up":{"minecraft:wheat":9,"minecraft:diamond_sword":1,"minecraft:smithing_table":4,"minecraft:lead":2,"minecraft:oak_stairs":161,"minecraft:enchanted_book":2,"minecraft:brewing_stand":6,"minecraft:string":16,"minecraft:raw_copper":36,"minecraft:beetroot":12,"minecraft:diamond_leggings":3,"minecraft:cobbled_deepslate":289,"minecraft:bucket":3,"minecraft:iron_pickaxe":2,"minecraft:melon_slice":92,"minecraft:iron_boots":31,"minecraft:stick":9297,"minecraft:composter":1,"minecraft:oak_fence":30,"minecraft:torch":60,"minecraft:acacia_log":4,"minecraft:snow_block":49,"minecraft:porkchop":4,"minecraft:pointed_dripstone":17,"minecraft:stone_sword":1,"minecraft:rotten_flesh":23,"minecraft:tropical_fish":24,"minecraft:bookshelf":8,"minecraft:white_terracotta":105,"minecraft:cod":3,"minecraft:snowball":199,"minecraft:cobblestone":773,"minecraft:birch_log":12,"minecraft:pink_petals":20,"minecraft:feather":4,"minecraft:lilac":3,"minecraft:cherry_planks":70,"minecraft:jungle_log":2500,"minecraft:water_bucket":6,"minecraft:andesite":9,"minecraft:potato":127,"minecraft:flint":58,"minecraft:dirt":6042,"minecraft:bone":39,"minecraft:acacia_planks":1,"minecraft:bow":1,"minecraft:stonecutter":3,"minecraft:wheat_seeds":201,"minecraft:raw_gold":32,"minecraft:bell":3,"minecraft:grindstone":2,"minecraft:diamond_helmet":1,"minecraft:fletching_table":40,"minecraft:rabbit":2,"minecraft:bamboo":1578,"minecraft:oak_planks":283,"minecraft:stone_hoe":5,"minecraft:poisonous_potato":1,"minecraft:jungle_planks":1852,"minecraft:grass_block":355,"minecraft:jungle_slab":8,"minecraft:barrel":18,"minecraft:mossy_cobblestone":34,"minecraft:diamond":17,"minecraft:lever":1,"minecraft:granite":8,"minecraft:bone_meal":2,"minecraft:golden_apple":3,"minecraft:bread":139,"minecraft:emerald":1342,"minecraft:oak_sapling":40,"minecraft:charcoal":60,"minecraft:crafting_table":11,"minecraft:bee_nest":1,"minecraft:azure_bluet":86,"minecraft:clay_ball":16,"minecraft:packed_ice":10,"minecraft:wooden_pickaxe":2,"minecraft:stripped_cherry_log":1,"minecraft:shield":4,"minecraft:oak_trapdoor":15,"minecraft:acacia_door":1,"minecraft:iron_axe":7,"minecraft:flint_and_steel":1,"minecraft:compass":1,"minecraft:iron_shovel":1,"minecraft:beef":19,"minecraft:jungle_sapling":157,"minecraft:poppy":108,"minecraft:light_gray_wool":2,"minecraft:lectern":170,"minecraft:sugar_cane":491,"minecraft:chest":42,"minecraft:raw_iron":12,"minecraft:oak_door":4,"minecraft:carrot":20,"minecraft:redstone":52,"minecraft:tnt":1,"minecraft:diamond_chestplate":2,"minecraft:arrow":104,"minecraft:stone_shovel":1,"minecraft:beetroot_seeds":33,"minecraft:peony":1,"minecraft:shears":2,"minecraft:diamond_boots":3,"minecraft:hay_block":84,"minecraft:glistering_melon_slice":9,"minecraft:mutton":17,"minecraft:white_wool":108,"minecraft:oxeye_daisy":2,"minecraft:stripped_oak_log":31,"minecraft:tripwire_hook":2,"minecraft:leather":37,"minecraft:birch_planks":77,"minecraft:oak_log":264,"minecraft:yellow_bed":22,"minecraft:gunpowder":18,"minecraft:cobblestone_stairs":8,"minecraft:paper":18,"minecraft:cooked_mutton":18,"minecraft:apple":15,"minecraft:rabbit_hide":2,"minecraft:oak_fence_gate":2,"minecraft:iron_ingot":56,"minecraft:stone_pickaxe":3,"minecraft:stripped_oak_wood":3,"minecraft:iron_sword":2,"minecraft:book":65,"minecraft:pumpkin":21,"minecraft:stone_brick_slab":420,"minecraft:dandelion":15,"minecraft:gravel":680,"minecraft:blast_furnace":3,"minecraft:white_bed":14,"minecraft:diamond_shovel":8,"minecraft:stone_axe":12,"minecraft:chainmail_leggings":24,"minecraft:diamond_axe":1,"minecraft:cherry_sapling":22,"minecraft:gray_wool":2,"minecraft:oak_button":16,"minecraft:terracotta":2,"minecraft:baked_potato":42,"minecraft:coal":292},"minecraft:used":{"minecraft:iron_shovel":1001,"minecraft:chest":45,"minecraft:shield":11,"minecraft:iron_sword":178,"minecraft:bell":1,"minecraft:jungle_sapling":84,"minecraft:lava_bucket":1,"minecraft:grass_block":37,"minecraft:bow":12,"minecraft:hay_block":4,"minecraft:oak_sapling":27,"minecraft:furnace":2,"minecraft:potato":94,"minecraft:stone_pickaxe":34,"minecraft:wooden_pickaxe":15,"minecraft:composter":2,"minecraft:diamond_axe":500,"minecraft:sugar_cane":183,"minecraft:white_wool":4,"minecraft:blast_furnace":3,"minecraft:bread":111,"minecraft:lectern":175,"minecraft:gravel":35,"minecraft:diamond_sword":54,"minecraft:grindstone":2,"minecraft:smithing_table":4,"minecraft:cooked_rabbit":1,"minecraft:oak_fence":38,"minecraft:stone_sword":48,"minecraft:flint_and_steel":161,"minecraft:stone_shovel":264,"minecraft:stone_hoe":220,"minecraft:oak_door":1,"minecraft:dirt":1138,"minecraft:diamond_helmet":1,"minecraft:oak_fence_gate":1,"minecraft:stone_brick_slab":319,"minecraft:iron_axe":1583,"minecraft:jungle_log":82,"minecraft:iron_boots":1,"minecraft:bamboo":455,"minecraft:diamond_chestplate":2,"minecraft:cooked_beef":9,"minecraft:cooked_mutton":4,"minecraft:water_bucket":85,"minecraft:birch_planks":5,"minecraft:baked_potato":9,"minecraft:fletching_table":46,"minecraft:mossy_cobblestone":2,"minecraft:tnt":17,"minecraft:crafting_table":6,"minecraft:white_bed":40,"minecraft:oak_log":1,"minecraft:diamond_pickaxe":484,"minecraft:diamond_shovel":5153,"minecraft:iron_pickaxe":195,"minecraft:stone_axe":233,"minecraft:cobblestone":12,"minecraft:bucket":86,"minecraft:yellow_bed":18,"minecraft:diamond_leggings":2},"minecraft:mined":{"minecraft:white_bed":14,"minecraft:oak_sapling":1,"minecraft:farmland":56,"minecraft:cobblestone_stairs":4,"minecraft:jungle_leaves":389,"minecraft:brewing_stand":3,"minecraft:granite":6,"minecraft:acacia_log":6,"minecraft:grass_block":1757,"minecraft:jungle_log":841,"minecraft:composter":2,"minecraft:barrel":2,"minecraft:fire":5,"minecraft:pumpkin":10,"minecraft:fletching_table":32,"minecraft:azure_bluet":14,"minecraft:pointed_dripstone":1,"minecraft:dirt_path":370,"minecraft:oak_stairs":175,"minecraft:clay":4,"minecraft:torch":9,"minecraft:blast_furnace":3,"minecraft:poppy":27,"minecraft:chest":22,"minecraft:cobblestone":191,"minecraft:sugar_cane":229,"minecraft:grindstone":2,"minecraft:oak_planks":223,"minecraft:wall_torch":1,"minecraft:seagrass":1,"minecraft:white_terracotta":109,"minecraft:wheat":12,"minecraft:birch_log":12,"minecraft:lilac":4,"minecraft:stripped_oak_wood":1,"minecraft:oak_log":267,"minecraft:beetroots":5,"minecraft:oak_fence_gate":1,"minecraft:dirt":3861,"minecraft:stonecutter":1,"minecraft:oak_leaves":35,"minecraft:diamond_ore":1,"minecraft:mossy_cobblestone":34,"minecraft:deepslate_diamond_ore":1,"minecraft:oak_door":4,"minecraft:hay_block":82,"minecraft:redstone_ore":2,"minecraft:oak_trapdoor":13,"minecraft:furnace":1,"minecraft:carrots":7,"minecraft:jungle_sapling":35,"minecraft:snow":3,"minecraft:andesite":9,"minecraft:peony":4,"minecraft:potatoes":12,"minecraft:vine":77,"minecraft:stripped_oak_log":32,"minecraft:bamboo_sapling":24,"minecraft:bamboo":158,"minecraft:stone":310,"minecraft:white_wool":3,"minecraft:smithing_table":4,"minecraft:oak_slab":1,"minecraft:glass_pane":16,"minecraft:cherry_planks":38,"minecraft:snow_block":57,"minecraft:stone_brick_slab":14,"minecraft:dandelion":2,"minecraft:oak_fence":12,"minecraft:crafting_table":6,"minecraft:short_grass":163,"minecraft:lectern":167,"minecraft:tall_grass":8,"minecraft:deepslate_gold_ore":3,"minecraft:birch_planks":1,"minecraft:yellow_bed":21,"minecraft:coal_ore":4,"minecraft:gravel":455,"minecraft:terracotta":2},"minecraft:custom":{"minecraft:animals_bred":7,"minecraft:interact_with_crafting_table":100,"minecraft:bell_ring":7,"minecraft:leave_game":24,"minecraft:time_since_death":29890,"minecraft:sprint_one_cm":1882790,"minecraft:damage_blocked_by_shield":725,"minecraft:drop":719,"minecraft:talked_to_villager":510,"minecraft:play_time":830103,"minecraft:deaths":8,"minecraft:jump":9108,"minecraft:walk_on_water_one_cm":46751,"minecraft:interact_with_furnace":30,"minecraft:traded_with_villager":724,"minecraft:sleep_in_bed":53,"minecraft:damage_dealt":19942,"minecraft:player_kills":2,"minecraft:crouch_one_cm":15767,"minecraft:mob_kills":89,"minecraft:interact_with_anvil":12,"minecraft:climb_one_cm":11122,"minecraft:walk_one_cm":2759316,"minecraft:sneak_time":8028,"minecraft:walk_under_water_one_cm":41527,"minecraft:total_world_time":830103,"minecraft:interact_with_grindstone":3,"minecraft:time_since_rest":15055,"minecraft:damage_taken":5022,"minecraft:swim_one_cm":100164,"minecraft:fly_one_cm":1944596,"minecraft:open_chest":476,"minecraft:fall_one_cm":167542},"minecraft:killed":{"minecraft:spider":4,"minecraft:cod":2,"minecraft:skeleton":7,"minecraft:tropical_fish":11,"minecraft:pig":2,"minecraft:iron_golem":9,"minecraft:sheep":18,"minecraft:zombie":20,"minecraft:cow":5,"minecraft:phantom":1,"minecraft:horse":4,"minecraft:rabbit":1,"minecraft:villager":5}},"DataVersion":3953}