{"stats":{"minecraft:mined":{"minecraft:white_bed":1,"minecraft:dark_oak_leaves":18,"minecraft:dark_oak_log":18,"minecraft:brewing_stand":1,"minecraft:crafting_table":4,"minecraft:short_grass":3,"minecraft:chest":1,"minecraft:cobblestone":3,"minecraft:sugar_cane":5,"minecraft:hay_block":19,"minecraft:furnace":2,"minecraft:birch_leaves":1,"minecraft:yellow_bed":3,"minecraft:bell":1,"minecraft:oak_log":23,"minecraft:dirt":1,"minecraft:stone":36,"minecraft:oak_leaves":3},"minecraft:crafted":{"minecraft:oak_planks":76,"minecraft:crafting_table":4,"minecraft:wooden_pickaxe":1,"minecraft:furnace":1,"minecraft:stone_axe":1,"minecraft:cooked_mutton":6,"minecraft:bread":41,"minecraft:air":0,"minecraft:oak_boat":1,"minecraft:stick":12,"minecraft:stone_pickaxe":1,"minecraft:wheat":189},"minecraft:picked_up":{"minecraft:crafting_table":3,"minecraft:clock":1,"minecraft:wooden_pickaxe":1,"minecraft:oak_log":23,"minecraft:brewing_stand":1,"minecraft:yellow_bed":3,"minecraft:golden_sword":1,"minecraft:dirt":1,"minecraft:bell":1,"minecraft:iron_ingot":5,"minecraft:oak_boat":3,"minecraft:poppy":1,"minecraft:iron_nugget":11,"minecraft:sugar_cane":12,"minecraft:chest":1,"minecraft:furnace":1,"minecraft:dark_oak_sapling":4,"minecraft:fire_charge":1,"minecraft:golden_axe":1,"minecraft:dark_oak_log":18,"minecraft:rotten_flesh":1,"minecraft:hay_block":21,"minecraft:gray_wool":1,"minecraft:glistering_melon_slice":12,"minecraft:black_wool":1,"minecraft:mutton":13,"minecraft:cobblestone":39,"minecraft:white_wool":6},"minecraft:used":{"minecraft:cooked_mutton":6,"minecraft:stone_pickaxe":7,"minecraft:wooden_pickaxe":37,"minecraft:crafting_table":6,"minecraft:oak_log":4,"minecraft:bread":6,"minecraft:stone_axe":102,"minecraft:cobblestone":7,"minecraft:furnace":2,"minecraft:yellow_bed":1,"minecraft:oak_boat":3},"minecraft:killed":{"minecraft:iron_golem":1,"minecraft:sheep":8,"minecraft:zombie":4},"minecraft:custom":{"minecraft:interact_with_furnace":6,"minecraft:mob_kills":13,"minecraft:interact_with_crafting_table":9,"minecraft:leave_game":4,"minecraft:time_since_death":26212,"minecraft:sleep_in_bed":2,"minecraft:climb_one_cm":560,"minecraft:time_since_rest":6175,"minecraft:sprint_one_cm":64639,"minecraft:damage_taken":718,"minecraft:walk_one_cm":53745,"minecraft:drop":4,"minecraft:damage_dealt":2420,"minecraft:swim_one_cm":18136,"minecraft:fly_one_cm":60943,"minecraft:open_chest":6,"minecraft:play_time":26212,"minecraft:sneak_time":38,"minecraft:walk_under_water_one_cm":4867,"minecraft:boat_one_cm":115620,"minecraft:jump":329,"minecraft:walk_on_water_one_cm":4701,"minecraft:total_world_time":26212,"minecraft:fall_one_cm":9481},"minecraft:dropped":{"minecraft:cobblestone":1,"minecraft:dirt":1,"minecraft:wooden_pickaxe":2}},"DataVersion":3955}