{"stats":{"minecraft:crafted":{"minecraft:cherry_planks":220,"minecraft:oak_planks":916,"minecraft:stone_shovel":3,"minecraft:fishing_rod":1,"minecraft:furnace":2,"minecraft:bookshelf":5,"minecraft:cooked_mutton":4,"minecraft:diamond_leggings":1,"minecraft:bow":1,"minecraft:iron_boots":24,"minecraft:iron_axe":2,"minecraft:stone_pickaxe":1,"minecraft:diamond_boots":2,"minecraft:chest":16,"minecraft:oak_button":16,"minecraft:stone_hoe":1,"minecraft:chainmail_leggings":23,"minecraft:wheat":801,"minecraft:arrow":32,"minecraft:emerald":240,"minecraft:diamond_axe":1,"minecraft:crafting_table":4,"minecraft:wooden_pickaxe":1,"minecraft:iron_sword":1,"minecraft:fletching_table":7,"minecraft:bucket":1,"minecraft:birch_planks":48,"minecraft:stone_axe":2,"minecraft:enchanted_book":1,"minecraft:jungle_slab":6,"minecraft:bread":267,"minecraft:air":0,"minecraft:jungle_planks":3192,"minecraft:lectern":1,"minecraft:book":15,"minecraft:paper":63,"minecraft:charcoal":33,"minecraft:diamond_pickaxe":1,"minecraft:shield":1,"minecraft:stick":8214,"minecraft:iron_ingot":14,"minecraft:iron_pickaxe":1,"minecraft:stone_sword":1,"minecraft:snow_block":49,"minecraft:iron_shovel":2,"minecraft:white_bed":2,"minecraft:acacia_planks":40,"minecraft:torch":108},"minecraft:dropped":{"minecraft:stone_hoe":1,"minecraft:water_bucket":2,"minecraft:iron_ingot":5,"minecraft:bread":11,"minecraft:birch_planks":76,"minecraft:diamond_axe":1,"minecraft:wheat_seeds":8,"minecraft:crafting_table":1,"minecraft:diamond":3,"minecraft:oak_fence":3,"minecraft:tropical_fish":11,"minecraft:cod":3,"minecraft:stick":129,"minecraft:flint":4,"minecraft:torch":108,"minecraft:snowball":3,"minecraft:jungle_sapling":2,"minecraft:iron_pickaxe":1,"minecraft:chainmail_leggings":33,"minecraft:fishing_rod":1,"minecraft:white_wool":6,"minecraft:gravel":2,"minecraft:rotten_flesh":4,"minecraft:oak_planks":52,"minecraft:iron_boots":42,"minecraft:azure_bluet":22,"minecraft:potato":2,"minecraft:gunpowder":1,"minecraft:peony":1,"minecraft:diamond_pickaxe":1,"minecraft:yellow_bed":3,"minecraft:diamond_boots":1,"minecraft:arrow":21,"minecraft:stone_pickaxe":1,"minecraft:wooden_pickaxe":1},"minecraft:broken":{"minecraft:iron_shovel":2,"minecraft:iron_axe":1,"minecraft:stone_axe":2,"minecraft:stone_shovel":2},"minecraft:picked_up":{"minecraft:crafting_table":2,"minecraft:wheat":2,"minecraft:azure_bluet":28,"minecraft:smithing_table":1,"minecraft:wooden_pickaxe":2,"minecraft:brewing_stand":3,"minecraft:shield":1,"minecraft:string":8,"minecraft:raw_copper":18,"minecraft:iron_axe":1,"minecraft:beetroot":8,"minecraft:cobbled_deepslate":152,"minecraft:bucket":2,"minecraft:beef":10,"minecraft:jungle_sapling":29,"minecraft:poppy":24,"minecraft:iron_pickaxe":1,"minecraft:lectern":6,"minecraft:sugar_cane":70,"minecraft:chest":5,"minecraft:iron_boots":29,"minecraft:stick":152,"minecraft:raw_iron":12,"minecraft:composter":1,"minecraft:oak_fence":3,"minecraft:torch":6,"minecraft:acacia_log":4,"minecraft:porkchop":4,"minecraft:pointed_dripstone":9,"minecraft:carrot":20,"minecraft:redstone":26,"minecraft:rotten_flesh":7,"minecraft:arrow":46,"minecraft:stone_sword":1,"minecraft:stone_shovel":1,"minecraft:tropical_fish":11,"minecraft:beetroot_seeds":22,"minecraft:peony":1,"minecraft:hay_block":84,"minecraft:mutton":17,"minecraft:snowball":199,"minecraft:cod":3,"minecraft:cobblestone":63,"minecraft:white_wool":18,"minecraft:birch_log":12,"minecraft:feather":2,"minecraft:lilac":3,"minecraft:water_bucket":4,"minecraft:jungle_log":752,"minecraft:leather":26,"minecraft:potato":25,"minecraft:birch_planks":77,"minecraft:flint":57,"minecraft:oak_log":162,"minecraft:yellow_bed":21,"minecraft:gunpowder":2,"minecraft:dirt":471,"minecraft:bone":8,"minecraft:apple":9,"minecraft:rabbit_hide":1,"minecraft:bow":1,"minecraft:stonecutter":2,"minecraft:wheat_seeds":46,"minecraft:raw_gold":6,"minecraft:iron_ingot":33,"minecraft:stone_pickaxe":3,"minecraft:rabbit":1,"minecraft:stripped_oak_wood":1,"minecraft:fletching_table":3,"minecraft:stone_hoe":3,"minecraft:oak_planks":61,"minecraft:book":1,"minecraft:pumpkin":10,"minecraft:jungle_planks":360,"minecraft:gravel":403,"minecraft:blast_furnace":1,"minecraft:white_bed":10,"minecraft:barrel":7,"minecraft:mossy_cobblestone":3,"minecraft:diamond":14,"minecraft:chainmail_leggings":22,"minecraft:bone_meal":1,"minecraft:cherry_sapling":11,"minecraft:golden_apple":1,"minecraft:emerald":19,"minecraft:bread":61,"minecraft:oak_button":16,"minecraft:oak_sapling":33,"minecraft:coal":281},"minecraft:used":{"minecraft:iron_shovel":500,"minecraft:stone_sword":48,"minecraft:stone_shovel":264,"minecraft:chest":14,"minecraft:shield":1,"minecraft:iron_sword":28,"minecraft:stone_hoe":137,"minecraft:dirt":131,"minecraft:jungle_sapling":26,"minecraft:iron_axe":254,"minecraft:jungle_log":26,"minecraft:iron_boots":1,"minecraft:bow":12,"minecraft:hay_block":4,"minecraft:furnace":2,"minecraft:oak_sapling":27,"minecraft:potato":14,"minecraft:cooked_mutton":4,"minecraft:water_bucket":38,"minecraft:birch_planks":5,"minecraft:stone_pickaxe":34,"minecraft:wooden_pickaxe":15,"minecraft:composter":1,"minecraft:fletching_table":7,"minecraft:diamond_axe":382,"minecraft:sugar_cane":21,"minecraft:mossy_cobblestone":2,"minecraft:crafting_table":4,"minecraft:blast_furnace":1,"minecraft:white_bed":13,"minecraft:bread":56,"minecraft:iron_pickaxe":20,"minecraft:lectern":7,"minecraft:gravel":15,"minecraft:stone_axe":233,"minecraft:cobblestone":1,"minecraft:smithing_table":1,"minecraft:bucket":39,"minecraft:yellow_bed":16},"minecraft:mined":{"minecraft:white_bed":11,"minecraft:oak_sapling":1,"minecraft:mossy_cobblestone":3,"minecraft:deepslate_diamond_ore":1,"minecraft:jungle_leaves":130,"minecraft:brewing_stand":3,"minecraft:acacia_log":6,"minecraft:grass_block":110,"minecraft:jungle_log":437,"minecraft:composter":1,"minecraft:hay_block":82,"minecraft:carrots":7,"minecraft:jungle_sapling":2,"minecraft:barrel":2,"minecraft:snow":3,"minecraft:pumpkin":10,"minecraft:fletching_table":3,"minecraft:peony":4,"minecraft:azure_bluet":3,"minecraft:vine":39,"minecraft:potatoes":9,"minecraft:pointed_dripstone":1,"minecraft:dirt_path":60,"minecraft:stone":10,"minecraft:smithing_table":1,"minecraft:snow_block":57,"minecraft:crafting_table":2,"minecraft:oak_fence":3,"minecraft:torch":2,"minecraft:short_grass":60,"minecraft:blast_furnace":1,"minecraft:poppy":5,"minecraft:chest":5,"minecraft:lectern":6,"minecraft:cobblestone":36,"minecraft:tall_grass":5,"minecraft:deepslate_gold_ore":3,"minecraft:oak_planks":9,"minecraft:sugar_cane":42,"minecraft:seagrass":1,"minecraft:birch_planks":1,"minecraft:birch_log":12,"minecraft:wheat":12,"minecraft:lilac":4,"minecraft:stripped_oak_wood":1,"minecraft:yellow_bed":20,"minecraft:oak_log":162,"minecraft:beetroots":5,"minecraft:gravel":455,"minecraft:dirt":184,"minecraft:stonecutter":1,"minecraft:oak_leaves":35},"minecraft:custom":{"minecraft:mob_kills":50,"minecraft:interact_with_crafting_table":64,"minecraft:leave_game":12,"minecraft:time_since_death":128899,"minecraft:climb_one_cm":2603,"minecraft:sprint_one_cm":731386,"minecraft:walk_one_cm":840792,"minecraft:damage_blocked_by_shield":148,"minecraft:drop":208,"minecraft:talked_to_villager":84,"minecraft:play_time":305095,"minecraft:deaths":5,"minecraft:sneak_time":3883,"minecraft:walk_under_water_one_cm":29669,"minecraft:jump":3996,"minecraft:walk_on_water_one_cm":30174,"minecraft:total_world_time":305095,"minecraft:interact_with_furnace":12,"minecraft:traded_with_villager":213,"minecraft:sleep_in_bed":28,"minecraft:time_since_rest":9213,"minecraft:damage_taken":2746,"minecraft:damage_dealt":9875,"minecraft:player_kills":1,"minecraft:swim_one_cm":75412,"minecraft:fly_one_cm":1026821,"minecraft:open_chest":150,"minecraft:crouch_one_cm":6737,"minecraft:fall_one_cm":97416},"minecraft:killed":{"minecraft:cod":2,"minecraft:horse":4,"minecraft:skeleton":1,"minecraft:tropical_fish":11,"minecraft:pig":2,"minecraft:rabbit":1,"minecraft:iron_golem":6,"minecraft:sheep":12,"minecraft:zombie":4,"minecraft:villager":2,"minecraft:cow":5}},"DataVersion":3953}