{"stats":{"minecraft:crafted":{"minecraft:smooth_stone":3,"minecraft:oak_planks":232,"minecraft:dark_oak_boat":1,"minecraft:stone":389,"minecraft:lever":15,"minecraft:diamond_shovel":8,"minecraft:bookshelf":2,"minecraft:cooked_mutton":6,"minecraft:suspicious_stew":12,"minecraft:dark_oak_door":3,"minecraft:diamond_helmet":3,"minecraft:diamond_leggings":4,"minecraft:bow":4,"minecraft:chest":12,"minecraft:stone_hoe":1,"minecraft:stone_bricks":256,"minecraft:emerald":1852,"minecraft:cooked_porkchop":5,"minecraft:diamond_axe":1,"minecraft:crafting_table":7,"minecraft:spruce_planks":2316,"minecraft:wooden_pickaxe":1,"minecraft:iron_helmet":2,"minecraft:spruce_door":3,"minecraft:smithing_table":1,"minecraft:fletching_table":9,"minecraft:spruce_trapdoor":10,"minecraft:lectern":2,"minecraft:diamond_pickaxe":1,"minecraft:charcoal":192,"minecraft:emerald_block":69,"minecraft:stick":4120,"minecraft:iron_ingot":1,"minecraft:iron_pickaxe":1,"minecraft:shears":1,"minecraft:golden_carrot":36,"minecraft:cookie":216,"minecraft:redstone":24,"minecraft:stone_shovel":1,"minecraft:stone_brick_wall":6,"minecraft:furnace":4,"minecraft:blast_furnace":1,"minecraft:piston":16,"minecraft:bone_meal":12,"minecraft:spruce_fence":228,"minecraft:flint_and_steel":3,"minecraft:iron_axe":33,"minecraft:spruce_slab":12,"minecraft:stone_pickaxe":12,"minecraft:diamond_boots":4,"minecraft:spruce_boat":1,"minecraft:dark_oak_planks":72,"minecraft:wheat":351,"minecraft:cooked_beef":8,"minecraft:diamond_sword":2,"minecraft:iron_sword":6,"minecraft:bell":7,"minecraft:bucket":3,"minecraft:stone_axe":2,"minecraft:glowstone":24,"minecraft:enchanted_book":1,"minecraft:air":0,"minecraft:bread":254,"minecraft:oak_boat":1,"minecraft:flint":140,"minecraft:iron_shovel":1,"minecraft:iron_leggings":24,"minecraft:white_bed":5,"minecraft:pumpkin_pie":36,"minecraft:torch":96,"minecraft:lapis_lazuli":12,"minecraft:diamond_chestplate":2},"minecraft:mined":{"minecraft:white_bed":47,"minecraft:spruce_planks":3,"minecraft:cobblestone_stairs":8,"minecraft:brewing_stand":2,"minecraft:grass_block":927,"minecraft:stone_brick_wall":10,"minecraft:chiseled_tuff_bricks":2,"minecraft:composter":2,"minecraft:tuff_bricks":13,"minecraft:spawner":1,"minecraft:smooth_stone":1,"minecraft:tall_seagrass":5,"minecraft:glowstone":2,"minecraft:fire":6,"minecraft:polished_tuff":2,"minecraft:pumpkin":7,"minecraft:fletching_table":19,"minecraft:water_cauldron":4,"minecraft:dirt_path":402,"minecraft:oak_stairs":46,"minecraft:iron_bars":2,"minecraft:azalea_leaves":1,"minecraft:kelp_plant":1,"minecraft:torch":4,"minecraft:poppy":1,"minecraft:chest":6,"minecraft:cobblestone":331,"minecraft:sugar_cane":12,"minecraft:oak_planks":55,"minecraft:wall_torch":2,"minecraft:seagrass":7,"minecraft:dark_oak_door":4,"minecraft:light_gray_stained_glass":9,"minecraft:waxed_oxidized_cut_copper_stairs":1,"minecraft:wheat":11,"minecraft:waxed_copper_block":4,"minecraft:smooth_stone_slab":15,"minecraft:oak_log":55,"minecraft:oak_fence_gate":3,"minecraft:waxed_oxidized_copper":5,"minecraft:sand":53,"minecraft:dirt":545,"minecraft:red_mushroom_block":2,"minecraft:oak_leaves":3,"minecraft:deepslate":78,"minecraft:mossy_cobblestone":39,"minecraft:dark_oak_leaves":18,"minecraft:deepslate_diamond_ore":14,"minecraft:oak_door":2,"minecraft:dark_oak_log":18,"minecraft:end_stone":24,"minecraft:lever":2,"minecraft:spruce_fence":17,"minecraft:spruce_leaves":244,"minecraft:cartography_table":1,"minecraft:sandstone":20,"minecraft:hay_block":38,"minecraft:oak_trapdoor":4,"minecraft:furnace":4,"minecraft:spruce_sapling":3,"minecraft:carrots":14,"minecraft:bell":3,"minecraft:bookshelf":46,"minecraft:potatoes":35,"minecraft:stone":74,"minecraft:podzol":41,"minecraft:smithing_table":2,"minecraft:glass_pane":19,"minecraft:spruce_door":3,"minecraft:oak_fence":16,"minecraft:crafting_table":9,"minecraft:short_grass":95,"minecraft:lectern":33,"minecraft:tall_grass":3,"minecraft:deepslate_gold_ore":13,"minecraft:cobblestone_wall":3,"minecraft:waxed_oxidized_copper_grate":2,"minecraft:spruce_log":1157,"minecraft:birch_leaves":1,"minecraft:yellow_bed":15,"minecraft:coal_ore":7,"minecraft:gravel":209,"minecraft:oak_button":1,"minecraft:stone_bricks":16},"minecraft:custom":{"minecraft:animals_bred":7,"minecraft:interact_with_crafting_table":73,"minecraft:open_barrel":1,"minecraft:leave_game":24,"minecraft:time_since_death":252637,"minecraft:damage_resisted":141,"minecraft:sprint_one_cm":1175604,"minecraft:damage_blocked_by_shield":3048,"minecraft:drop":354,"minecraft:talked_to_villager":215,"minecraft:play_time":611563,"minecraft:deaths":2,"minecraft:jump":6203,"minecraft:walk_on_water_one_cm":159104,"minecraft:interact_with_furnace":58,"minecraft:traded_with_villager":414,"minecraft:sleep_in_bed":44,"minecraft:open_enderchest":2,"minecraft:damage_dealt":38631,"minecraft:player_kills":3,"minecraft:crouch_one_cm":1805,"minecraft:horse_one_cm":2109,"minecraft:mob_kills":182,"minecraft:interact_with_anvil":2,"minecraft:climb_one_cm":5269,"minecraft:walk_one_cm":1984365,"minecraft:sneak_time":3790,"minecraft:walk_under_water_one_cm":69900,"minecraft:boat_one_cm":387163,"minecraft:interact_with_blast_furnace":1,"minecraft:total_world_time":611563,"minecraft:interact_with_grindstone":2,"minecraft:time_since_rest":4329,"minecraft:damage_taken":8075,"minecraft:damage_absorbed":232,"minecraft:swim_one_cm":105688,"minecraft:fly_one_cm":1818999,"minecraft:open_chest":308,"minecraft:fall_one_cm":134134},"minecraft:used":{"minecraft:chest":13,"minecraft:shield":82,"minecraft:iron_sword":132,"minecraft:stone":28,"minecraft:bell":3,"minecraft:carrot":12,"minecraft:spruce_boat":1,"minecraft:waxed_oxidized_copper":2,"minecraft:waxed_oxidized_copper_grate":1,"minecraft:lava_bucket":15,"minecraft:stone_bricks":144,"minecraft:bow":85,"minecraft:dark_oak_boat":1,"minecraft:hay_block":1,"minecraft:ominous_bottle":2,"minecraft:furnace":5,"minecraft:potato":43,"minecraft:spruce_door":4,"minecraft:stone_pickaxe":432,"minecraft:ender_pearl":1,"minecraft:wooden_pickaxe":37,"minecraft:composter":2,"minecraft:diamond_axe":438,"minecraft:golden_apple":2,"minecraft:sand":15,"minecraft:blast_furnace":1,"minecraft:crossbow":12,"minecraft:stone_brick_wall":10,"minecraft:end_stone":1,"minecraft:lever":12,"minecraft:bread":116,"minecraft:lectern":34,"minecraft:chiseled_tuff_bricks":2,"minecraft:diamond_sword":218,"minecraft:smithing_table":3,"minecraft:waxed_oxidized_cut_copper_stairs":1,"minecraft:oak_boat":4,"minecraft:bone_meal":12,"minecraft:flint_and_steel":166,"minecraft:stone_shovel":90,"minecraft:spruce_planks":3,"minecraft:stone_hoe":60,"minecraft:trial_key":10,"minecraft:oak_door":1,"minecraft:torch":78,"minecraft:brewing_stand":1,"minecraft:dirt":669,"minecraft:anvil":1,"minecraft:spruce_fence":146,"minecraft:dark_oak_planks":1,"minecraft:iron_axe":1502,"minecraft:glowstone":13,"minecraft:golden_carrot":4,"minecraft:cooked_beef":10,"minecraft:enchanted_golden_apple":1,"minecraft:iron_leggings":1,"minecraft:wheat_seeds":4,"minecraft:cooked_mutton":12,"minecraft:water_bucket":133,"minecraft:baked_potato":3,"minecraft:fletching_table":28,"minecraft:waxed_copper_block":2,"minecraft:crafting_table":14,"minecraft:white_bed":45,"minecraft:spruce_log":31,"minecraft:dark_oak_door":4,"minecraft:oak_log":4,"minecraft:piston":10,"minecraft:diamond_pickaxe":226,"minecraft:diamond_shovel":2049,"minecraft:ominous_trial_key":3,"minecraft:oak_button":1,"minecraft:iron_pickaxe":16,"minecraft:spruce_trapdoor":10,"minecraft:spruce_sapling":87,"minecraft:stone_axe":175,"minecraft:cobblestone":65,"minecraft:cooked_porkchop":3,"minecraft:bucket":151,"minecraft:yellow_bed":14,"minecraft:candle":4},"minecraft:broken":{"minecraft:diamond_helmet":1,"minecraft:stone_pickaxe":2,"minecraft:diamond_boots":1,"minecraft:stone_axe":1,"minecraft:iron_sword":1,"minecraft:flint_and_steel":3,"minecraft:iron_axe":7},"minecraft:dropped":{"minecraft:iron_sword":5,"minecraft:birch_planks":18,"minecraft:oak_pressure_plate":1,"minecraft:diamond":1,"minecraft:glass_bottle":2,"minecraft:crossbow":2,"minecraft:cookie":216,"minecraft:cobblestone_stairs":32,"minecraft:dirt":66,"minecraft:birch_fence":2,"minecraft:dark_oak_fence":2,"minecraft:pumpkin_pie":48,"minecraft:sand":2,"minecraft:iron_pickaxe":1,"minecraft:dark_oak_boat":1,"minecraft:bone":8,"minecraft:oak_door":6,"minecraft:gravel":17,"minecraft:dark_oak_door":3,"minecraft:emerald_block":192,"minecraft:cooked_chicken":2,"minecraft:iron_nugget":6,"minecraft:chiseled_tuff_bricks":2,"minecraft:rotten_flesh":75,"minecraft:diamond_shovel":2,"minecraft:glowstone_dust":4,"minecraft:honey_bottle":1,"minecraft:carrot":6,"minecraft:poppy":4,"minecraft:oak_fence_gate":3,"minecraft:leather_chestplate":1,"minecraft:tipped_arrow":41,"minecraft:gunpowder":1,"minecraft:chest":4,"minecraft:spruce_slab":4,"minecraft:iron_bars":3,"minecraft:arrow":13,"minecraft:water_bucket":1,"minecraft:iron_ingot":129,"minecraft:bread":177,"minecraft:wheat_seeds":33,"minecraft:mossy_cobblestone":74,"minecraft:diamond_leggings":2,"minecraft:poisonous_potato":1,"minecraft:feather":4,"minecraft:oak_fence":16,"minecraft:golden_axe":1,"minecraft:iron_helmet":6,"minecraft:cobblestone":69,"minecraft:copper_ingot":1,"minecraft:spruce_door":3,"minecraft:coal":1,"minecraft:gray_wool":2,"minecraft:torch":2,"minecraft:map":2,"minecraft:fire_charge":2,"minecraft:iron_leggings":36,"minecraft:oak_stairs":35,"minecraft:iron_axe":29,"minecraft:iron_shovel":1,"minecraft:string":3,"minecraft:spruce_sapling":6,"minecraft:dandelion":3,"minecraft:furnace":4,"minecraft:anvil":1,"minecraft:tuff_bricks":6,"minecraft:oak_trapdoor":14,"minecraft:stone_sword":1,"minecraft:cobblestone_wall":5,"minecraft:guster_banner_pattern":1,"minecraft:stone_shovel":1,"minecraft:spruce_fence":35,"minecraft:flint_and_steel":1,"minecraft:suspicious_stew":12,"minecraft:filled_map":4,"minecraft:diamond_sword":1,"minecraft:potato":38,"minecraft:cobblestone_slab":2,"minecraft:shield":2,"minecraft:flower_pot":3,"minecraft:trial_key":1,"minecraft:diamond_chestplate":1,"minecraft:spruce_planks":23,"minecraft:iron_chestplate":3,"minecraft:yellow_bed":1,"minecraft:oak_sapling":2,"minecraft:golden_sword":1,"minecraft:spider_eye":2,"minecraft:spruce_log":19,"minecraft:diamond_boots":2,"minecraft:bow":8,"minecraft:stone_pickaxe":12,"minecraft:wooden_pickaxe":2,"minecraft:bell":8,"minecraft:nautilus_shell":2},"minecraft:killed_by":{"minecraft:player":1,"minecraft:ender_dragon":1},"minecraft:picked_up":{"minecraft:iron_chestplate":3,"minecraft:anvil":1,"minecraft:flower_pot":3,"minecraft:smithing_table":2,"minecraft:diamond_sword":2,"minecraft:oak_stairs":35,"minecraft:enchanted_book":2,"minecraft:brewing_stand":2,"minecraft:golden_sword":1,"minecraft:string":23,"minecraft:smooth_stone_slab":15,"minecraft:iron_leggings":13,"minecraft:diamond_leggings":2,"minecraft:smooth_stone":1,"minecraft:cobbled_deepslate":78,"minecraft:bucket":2,"minecraft:spruce_planks":25,"minecraft:trial_key":13,"minecraft:cobblestone_slab":2,"minecraft:iron_pickaxe":1,"minecraft:enchanted_golden_apple":1,"minecraft:furnace":7,"minecraft:dark_oak_door":4,"minecraft:tipped_arrow":66,"minecraft:stick":82,"minecraft:composter":2,"minecraft:oak_fence":16,"minecraft:torch":47,"minecraft:porkchop":5,"minecraft:golden_axe":1,"minecraft:cauldron":4,"minecraft:stone_sword":1,"minecraft:honey_bottle":5,"minecraft:rotten_flesh":103,"minecraft:iron_bars":3,"minecraft:cobblestone":753,"minecraft:nautilus_shell":2,"minecraft:leather_chestplate":1,"minecraft:feather":4,"minecraft:cooked_beef":9,"minecraft:water_bucket":3,"minecraft:dark_oak_boat":1,"minecraft:potato":87,"minecraft:flint":20,"minecraft:map":2,"minecraft:dirt":1735,"minecraft:bone":59,"minecraft:bow":10,"minecraft:wheat_seeds":39,"minecraft:raw_gold":13,"minecraft:bell":4,"minecraft:guster_banner_pattern":2,"minecraft:diamond_helmet":2,"minecraft:fletching_table":19,"minecraft:glowstone_dust":4,"minecraft:oak_planks":109,"minecraft:oak_pressure_plate":1,"minecraft:poisonous_potato":1,"minecraft:sand":43,"minecraft:ink_sac":1,"minecraft:dark_oak_log":18,"minecraft:mossy_cobblestone":79,"minecraft:diamond":28,"minecraft:spruce_boat":1,"minecraft:lever":2,"minecraft:waxed_oxidized_copper_grate":1,"minecraft:breeze_rod":3,"minecraft:crossbow":7,"minecraft:golden_apple":3,"minecraft:emerald":126,"minecraft:bread":89,"minecraft:music_disc_precipice":4,"minecraft:oak_sapling":2,"minecraft:dark_oak_fence":2,"minecraft:ominous_trial_key":3,"minecraft:crafting_table":8,"minecraft:ominous_bottle":3,"minecraft:wooden_pickaxe":1,"minecraft:stone_brick_wall":10,"minecraft:shield":7,"minecraft:wind_charge":23,"minecraft:oak_trapdoor":14,"minecraft:iron_axe":6,"minecraft:flint_and_steel":2,"minecraft:birch_fence":2,"minecraft:cartography_table":1,"minecraft:candle":4,"minecraft:beef":8,"minecraft:oak_boat":3,"minecraft:iron_nugget":11,"minecraft:poppy":4,"minecraft:lectern":33,"minecraft:chest":7,"minecraft:sugar_cane":35,"minecraft:waxed_oxidized_copper":2,"minecraft:dark_oak_sapling":4,"minecraft:end_stone":22,"minecraft:oak_door":8,"minecraft:copper_ingot":3,"minecraft:spruce_fence":17,"minecraft:fire_charge":2,"minecraft:trident":1,"minecraft:carrot":29,"minecraft:stone_shovel":2,"minecraft:arrow":166,"minecraft:diamond_chestplate":3,"minecraft:pumpkin_pie":12,"minecraft:diamond_boots":1,"minecraft:waxed_oxidized_cut_copper_stairs":1,"minecraft:hay_block":40,"minecraft:saddle":1,"minecraft:glistering_melon_slice":12,"minecraft:tuff_bricks":6,"minecraft:mutton":20,"minecraft:white_wool":57,"minecraft:clock":1,"minecraft:golden_carrot":3,"minecraft:leather":10,"minecraft:filled_map":3,"minecraft:birch_planks":18,"minecraft:oak_log":65,"minecraft:waxed_copper_block":2,"minecraft:cobblestone_wall":5,"minecraft:yellow_bed":16,"minecraft:gunpowder":16,"minecraft:cobblestone_stairs":33,"minecraft:cooked_mutton":6,"minecraft:stone_bricks":15,"minecraft:kelp":2,"minecraft:iron_ingot":260,"minecraft:oak_fence_gate":3,"minecraft:stone_pickaxe":4,"minecraft:cooked_chicken":2,"minecraft:glass_bottle":2,"minecraft:book":138,"minecraft:emerald_block":255,"minecraft:pumpkin":7,"minecraft:dandelion":3,"minecraft:gravel":189,"minecraft:spruce_sapling":106,"minecraft:white_bed":46,"minecraft:spruce_log":1217,"minecraft:spider_eye":6,"minecraft:spruce_door":4,"minecraft:diamond_shovel":1,"minecraft:iron_helmet":3,"minecraft:gray_wool":2,"minecraft:oak_button":1,"minecraft:baked_potato":10,"minecraft:black_wool":1,"minecraft:chiseled_tuff_bricks":6,"minecraft:coal":8,"minecraft:ender_pearl":4},"minecraft:killed":{"minecraft:zombified_piglin":1,"minecraft:spider":11,"minecraft:skeleton":28,"minecraft:silverfish":13,"minecraft:pig":2,"minecraft:iron_golem":11,"minecraft:ender_dragon":1,"minecraft:creeper":1,"minecraft:sheep":12,"minecraft:zombie":68,"minecraft:cow":4,"minecraft:armadillo":1,"minecraft:drowned":12,"minecraft:breeze":4,"minecraft:wither_skeleton":1,"minecraft:enderman":2}},"DataVersion":3955}