{"stats":{"minecraft:crafted":{"minecraft:cherry_planks":220,"minecraft:oak_planks":916,"minecraft:stone_shovel":3,"minecraft:fishing_rod":1,"minecraft:furnace":2,"minecraft:bookshelf":5,"minecraft:cooked_mutton":4,"minecraft:bow":1,"minecraft:iron_boots":12,"minecraft:iron_axe":1,"minecraft:stone_pickaxe":1,"minecraft:chest":8,"minecraft:oak_button":16,"minecraft:stone_hoe":1,"minecraft:chainmail_leggings":12,"minecraft:wheat":801,"minecraft:arrow":32,"minecraft:emerald":131,"minecraft:diamond_axe":1,"minecraft:crafting_table":3,"minecraft:wooden_pickaxe":1,"minecraft:fletching_table":2,"minecraft:bucket":1,"minecraft:birch_planks":48,"minecraft:stone_axe":2,"minecraft:enchanted_book":1,"minecraft:jungle_slab":6,"minecraft:bread":267,"minecraft:air":0,"minecraft:jungle_planks":3192,"minecraft:lectern":1,"minecraft:book":15,"minecraft:paper":63,"minecraft:charcoal":33,"minecraft:diamond_pickaxe":1,"minecraft:shield":1,"minecraft:stick":8214,"minecraft:iron_pickaxe":1,"minecraft:stone_sword":1,"minecraft:white_bed":2,"minecraft:acacia_planks":36,"minecraft:torch":108},"minecraft:dropped":{"minecraft:stone_hoe":1,"minecraft:water_bucket":2,"minecraft:iron_ingot":5,"minecraft:bread":11,"minecraft:birch_planks":76,"minecraft:diamond_axe":1,"minecraft:wheat_seeds":1,"minecraft:crafting_table":1,"minecraft:diamond":3,"minecraft:oak_fence":3,"minecraft:cod":1,"minecraft:stick":129,"minecraft:flint":4,"minecraft:torch":108,"minecraft:jungle_sapling":2,"minecraft:iron_pickaxe":1,"minecraft:fishing_rod":1,"minecraft:white_wool":6,"minecraft:gravel":2,"minecraft:oak_planks":52,"minecraft:iron_boots":3,"minecraft:potato":2,"minecraft:peony":1,"minecraft:diamond_pickaxe":1,"minecraft:yellow_bed":2,"minecraft:stone_pickaxe":1,"minecraft:wooden_pickaxe":1},"minecraft:broken":{"minecraft:iron_axe":1,"minecraft:stone_axe":2,"minecraft:stone_shovel":2},"minecraft:picked_up":{"minecraft:crafting_table":1,"minecraft:wheat":2,"minecraft:azure_bluet":6,"minecraft:smithing_table":1,"minecraft:wooden_pickaxe":2,"minecraft:brewing_stand":3,"minecraft:shield":1,"minecraft:string":8,"minecraft:raw_copper":18,"minecraft:iron_axe":1,"minecraft:beetroot":8,"minecraft:cobbled_deepslate":152,"minecraft:bucket":2,"minecraft:beef":1,"minecraft:jungle_sapling":29,"minecraft:poppy":24,"minecraft:iron_pickaxe":1,"minecraft:lectern":6,"minecraft:sugar_cane":36,"minecraft:chest":5,"minecraft:iron_boots":3,"minecraft:stick":152,"minecraft:raw_iron":12,"minecraft:composter":1,"minecraft:oak_fence":3,"minecraft:torch":6,"minecraft:acacia_log":3,"minecraft:porkchop":4,"minecraft:pointed_dripstone":9,"minecraft:carrot":20,"minecraft:redstone":26,"minecraft:rotten_flesh":3,"minecraft:arrow":25,"minecraft:stone_sword":1,"minecraft:stone_shovel":1,"minecraft:beetroot_seeds":22,"minecraft:peony":1,"minecraft:hay_block":84,"minecraft:mutton":17,"minecraft:cod":1,"minecraft:cobblestone":63,"minecraft:white_wool":12,"minecraft:birch_log":12,"minecraft:feather":2,"minecraft:lilac":3,"minecraft:water_bucket":4,"minecraft:jungle_log":752,"minecraft:leather":19,"minecraft:potato":25,"minecraft:birch_planks":77,"minecraft:flint":6,"minecraft:oak_log":162,"minecraft:yellow_bed":18,"minecraft:dirt":461,"minecraft:bone":8,"minecraft:apple":9,"minecraft:bow":1,"minecraft:stonecutter":2,"minecraft:wheat_seeds":39,"minecraft:raw_gold":6,"minecraft:iron_ingot":33,"minecraft:stone_pickaxe":3,"minecraft:stripped_oak_wood":1,"minecraft:fletching_table":3,"minecraft:stone_hoe":3,"minecraft:oak_planks":61,"minecraft:book":1,"minecraft:pumpkin":10,"minecraft:jungle_planks":360,"minecraft:gravel":17,"minecraft:blast_furnace":1,"minecraft:white_bed":10,"minecraft:barrel":7,"minecraft:mossy_cobblestone":3,"minecraft:diamond":14,"minecraft:cherry_sapling":11,"minecraft:golden_apple":1,"minecraft:emerald":19,"minecraft:bread":61,"minecraft:oak_button":16,"minecraft:oak_sapling":33,"minecraft:coal":281},"minecraft:used":{"minecraft:stone_sword":48,"minecraft:stone_shovel":264,"minecraft:chest":13,"minecraft:shield":1,"minecraft:stone_hoe":137,"minecraft:dirt":131,"minecraft:jungle_sapling":26,"minecraft:iron_axe":234,"minecraft:jungle_log":26,"minecraft:iron_boots":1,"minecraft:bow":12,"minecraft:hay_block":4,"minecraft:furnace":2,"minecraft:oak_sapling":27,"minecraft:potato":14,"minecraft:cooked_mutton":4,"minecraft:water_bucket":27,"minecraft:birch_planks":5,"minecraft:stone_pickaxe":34,"minecraft:wooden_pickaxe":15,"minecraft:composter":1,"minecraft:fletching_table":5,"minecraft:diamond_axe":382,"minecraft:sugar_cane":21,"minecraft:mossy_cobblestone":2,"minecraft:crafting_table":3,"minecraft:blast_furnace":1,"minecraft:white_bed":13,"minecraft:bread":47,"minecraft:iron_pickaxe":20,"minecraft:lectern":7,"minecraft:gravel":15,"minecraft:stone_axe":233,"minecraft:cobblestone":1,"minecraft:smithing_table":1,"minecraft:bucket":28,"minecraft:yellow_bed":15},"minecraft:mined":{"minecraft:white_bed":11,"minecraft:oak_sapling":1,"minecraft:mossy_cobblestone":3,"minecraft:deepslate_diamond_ore":1,"minecraft:jungle_leaves":130,"minecraft:brewing_stand":3,"minecraft:acacia_log":5,"minecraft:grass_block":104,"minecraft:jungle_log":437,"minecraft:composter":1,"minecraft:hay_block":82,"minecraft:carrots":7,"minecraft:jungle_sapling":2,"minecraft:barrel":2,"minecraft:pumpkin":10,"minecraft:fletching_table":3,"minecraft:peony":4,"minecraft:azure_bluet":3,"minecraft:vine":39,"minecraft:potatoes":9,"minecraft:pointed_dripstone":1,"minecraft:dirt_path":60,"minecraft:stone":10,"minecraft:smithing_table":1,"minecraft:crafting_table":1,"minecraft:oak_fence":3,"minecraft:torch":2,"minecraft:short_grass":56,"minecraft:blast_furnace":1,"minecraft:poppy":5,"minecraft:chest":5,"minecraft:lectern":6,"minecraft:cobblestone":36,"minecraft:tall_grass":5,"minecraft:deepslate_gold_ore":3,"minecraft:oak_planks":9,"minecraft:sugar_cane":24,"minecraft:seagrass":1,"minecraft:birch_planks":1,"minecraft:birch_log":12,"minecraft:wheat":12,"minecraft:lilac":4,"minecraft:stripped_oak_wood":1,"minecraft:yellow_bed":17,"minecraft:oak_log":162,"minecraft:beetroots":5,"minecraft:gravel":15,"minecraft:dirt":179,"minecraft:stonecutter":1,"minecraft:oak_leaves":35},"minecraft:custom":{"minecraft:mob_kills":28,"minecraft:interact_with_crafting_table":58,"minecraft:leave_game":12,"minecraft:time_since_death":92899,"minecraft:climb_one_cm":2603,"minecraft:sprint_one_cm":633167,"minecraft:walk_one_cm":734002,"minecraft:damage_blocked_by_shield":148,"minecraft:drop":76,"minecraft:talked_to_villager":67,"minecraft:play_time":269095,"minecraft:deaths":5,"minecraft:sneak_time":3878,"minecraft:walk_under_water_one_cm":12132,"minecraft:jump":3370,"minecraft:walk_on_water_one_cm":17252,"minecraft:total_world_time":269095,"minecraft:interact_with_furnace":11,"minecraft:traded_with_villager":159,"minecraft:sleep_in_bed":25,"minecraft:time_since_rest":1769,"minecraft:damage_taken":2538,"minecraft:damage_dealt":8037,"minecraft:player_kills":1,"minecraft:swim_one_cm":19606,"minecraft:fly_one_cm":896936,"minecraft:open_chest":115,"minecraft:crouch_one_cm":6737,"minecraft:fall_one_cm":75076},"minecraft:killed":{"minecraft:skeleton":1,"minecraft:pig":2,"minecraft:iron_golem":6,"minecraft:sheep":12,"minecraft:zombie":4,"minecraft:villager":2,"minecraft:cow":1}},"DataVersion":3953}