{"stats":{"minecraft:crafted":{"minecraft:cooked_beef":8,"minecraft:oak_planks":76,"minecraft:stone_shovel":1,"minecraft:emerald":12,"minecraft:dark_oak_boat":1,"minecraft:crafting_table":6,"minecraft:spruce_planks":56,"minecraft:wooden_pickaxe":1,"minecraft:furnace":2,"minecraft:stone_axe":2,"minecraft:flint_and_steel":2,"minecraft:bread":41,"minecraft:cooked_mutton":6,"minecraft:air":0,"minecraft:dark_oak_door":3,"minecraft:oak_boat":1,"minecraft:iron_axe":1,"minecraft:iron_ingot":1,"minecraft:stick":120,"minecraft:stone_pickaxe":1,"minecraft:chest":6,"minecraft:spruce_boat":1,"minecraft:dark_oak_planks":72,"minecraft:wheat":189},"minecraft:mined":{"minecraft:spruce_planks":1,"minecraft:glass_pane":1,"minecraft:white_bed":5,"minecraft:dark_oak_leaves":18,"minecraft:kelp_plant":1,"minecraft:dark_oak_log":18,"minecraft:brewing_stand":2,"minecraft:crafting_table":7,"minecraft:torch":1,"minecraft:short_grass":10,"minecraft:chest":2,"minecraft:tall_grass":3,"minecraft:cobblestone":10,"minecraft:cartography_table":1,"minecraft:spruce_leaves":74,"minecraft:sugar_cane":8,"minecraft:sandstone":20,"minecraft:hay_block":33,"minecraft:furnace":2,"minecraft:dark_oak_door":1,"minecraft:fire":3,"minecraft:spruce_log":19,"minecraft:birch_leaves":1,"minecraft:pumpkin":7,"minecraft:fletching_table":2,"minecraft:yellow_bed":7,"minecraft:bell":3,"minecraft:coal_ore":7,"minecraft:oak_log":23,"minecraft:water_cauldron":4,"minecraft:dirt":3,"minecraft:gravel":1,"minecraft:sand":38,"minecraft:azalea_leaves":1,"minecraft:red_mushroom_block":2,"minecraft:stone":74,"minecraft:oak_leaves":3},"minecraft:custom":{"minecraft:interact_with_furnace":8,"minecraft:mob_kills":23,"minecraft:traded_with_villager":4,"minecraft:interact_with_crafting_table":21,"minecraft:leave_game":8,"minecraft:time_since_death":102510,"minecraft:sleep_in_bed":7,"minecraft:climb_one_cm":744,"minecraft:time_since_rest":10955,"minecraft:sprint_one_cm":258683,"minecraft:damage_taken":1293,"minecraft:walk_one_cm":223841,"minecraft:drop":21,"minecraft:damage_dealt":3451,"minecraft:talked_to_villager":13,"minecraft:swim_one_cm":36686,"minecraft:fly_one_cm":316575,"minecraft:open_chest":28,"minecraft:crouch_one_cm":297,"minecraft:play_time":102510,"minecraft:sneak_time":500,"minecraft:walk_under_water_one_cm":17997,"minecraft:boat_one_cm":387163,"minecraft:jump":1329,"minecraft:walk_on_water_one_cm":26378,"minecraft:total_world_time":102510,"minecraft:fall_one_cm":36126},"minecraft:used":{"minecraft:cooked_mutton":6,"minecraft:flint_and_steel":100,"minecraft:stone_shovel":36,"minecraft:stone_pickaxe":87,"minecraft:spruce_planks":1,"minecraft:chest":2,"minecraft:wooden_pickaxe":37,"minecraft:fletching_table":2,"minecraft:bell":3,"minecraft:torch":1,"minecraft:sand":11,"minecraft:crafting_table":11,"minecraft:spruce_log":5,"minecraft:dark_oak_door":1,"minecraft:spruce_boat":1,"minecraft:oak_log":4,"minecraft:dark_oak_planks":1,"minecraft:bread":21,"minecraft:spruce_sapling":4,"minecraft:stone_axe":175,"minecraft:hay_block":1,"minecraft:cobblestone":26,"minecraft:dark_oak_boat":1,"minecraft:furnace":3,"minecraft:oak_boat":4,"minecraft:yellow_bed":6,"minecraft:cooked_beef":1},"minecraft:broken":{"minecraft:stone_axe":1,"minecraft:flint_and_steel":1},"minecraft:dropped":{"minecraft:emerald_block":64,"minecraft:golden_axe":1,"minecraft:cobblestone":1,"minecraft:filled_map":4,"minecraft:poppy":1,"minecraft:dirt":3,"minecraft:gray_wool":2,"minecraft:spruce_planks":2,"minecraft:chest":1,"minecraft:fire_charge":2,"minecraft:golden_sword":1,"minecraft:wooden_pickaxe":2,"minecraft:dark_oak_boat":1},"minecraft:picked_up":{"minecraft:crafting_table":6,"minecraft:clock":1,"minecraft:leather":6,"minecraft:dark_oak_boat":1,"minecraft:potato":6,"minecraft:wooden_pickaxe":1,"minecraft:filled_map":3,"minecraft:oak_log":23,"minecraft:brewing_stand":2,"minecraft:yellow_bed":7,"minecraft:golden_sword":1,"minecraft:dirt":3,"minecraft:kelp":2,"minecraft:wheat_seeds":2,"minecraft:cartography_table":1,"minecraft:bell":3,"minecraft:spruce_planks":2,"minecraft:beef":8,"minecraft:iron_ingot":5,"minecraft:oak_boat":3,"minecraft:poppy":1,"minecraft:iron_nugget":11,"minecraft:fletching_table":2,"minecraft:sugar_cane":19,"minecraft:chest":2,"minecraft:stick":1,"minecraft:furnace":1,"minecraft:dark_oak_door":1,"minecraft:dark_oak_sapling":4,"minecraft:emerald_block":64,"minecraft:pumpkin":7,"minecraft:torch":3,"minecraft:fire_charge":2,"minecraft:porkchop":3,"minecraft:sand":28,"minecraft:golden_axe":1,"minecraft:spruce_sapling":5,"minecraft:white_bed":4,"minecraft:spruce_log":19,"minecraft:dark_oak_log":18,"minecraft:cauldron":4,"minecraft:rotten_flesh":1,"minecraft:spruce_boat":1,"minecraft:hay_block":35,"minecraft:bread":3,"minecraft:gray_wool":2,"minecraft:glistering_melon_slice":12,"minecraft:black_wool":1,"minecraft:mutton":20,"minecraft:coal":7,"minecraft:white_wool":10,"minecraft:cobblestone":84},"minecraft:killed":{"minecraft:armadillo":1,"minecraft:pig":1,"minecraft:iron_golem":1,"minecraft:sheep":12,"minecraft:zombie":4,"minecraft:cow":4}},"DataVersion":3955}