{"stats":{"minecraft:crafted":{"minecraft:oak_planks":1348,"minecraft:diamond_shovel":1,"minecraft:bookshelf":5,"minecraft:cooked_mutton":4,"minecraft:iron_boots":24,"minecraft:diamond_leggings":2,"minecraft:bow":1,"minecraft:chest":16,"minecraft:oak_button":16,"minecraft:stone_hoe":2,"minecraft:arrow":32,"minecraft:emerald":651,"minecraft:diamond_axe":1,"minecraft:crafting_table":4,"minecraft:wooden_pickaxe":1,"minecraft:fletching_table":11,"minecraft:birch_planks":48,"minecraft:lectern":1,"minecraft:book":15,"minecraft:paper":63,"minecraft:charcoal":33,"minecraft:diamond_pickaxe":2,"minecraft:shield":1,"minecraft:stick":16846,"minecraft:iron_ingot":14,"minecraft:iron_pickaxe":2,"minecraft:stone_sword":1,"minecraft:snow_block":49,"minecraft:shears":1,"minecraft:packed_ice":5,"minecraft:cherry_planks":612,"minecraft:stone_shovel":3,"minecraft:fishing_rod":1,"minecraft:furnace":2,"minecraft:iron_axe":8,"minecraft:stone_pickaxe":3,"minecraft:diamond_boots":2,"minecraft:chainmail_leggings":23,"minecraft:wheat":801,"minecraft:iron_sword":1,"minecraft:bell":5,"minecraft:bucket":1,"minecraft:stone_axe":2,"minecraft:enchanted_book":1,"minecraft:jungle_slab":6,"minecraft:bread":267,"minecraft:air":0,"minecraft:jungle_planks":6164,"minecraft:iron_shovel":4,"minecraft:white_bed":17,"minecraft:acacia_planks":40,"minecraft:torch":108},"minecraft:dropped":{"minecraft:birch_planks":76,"minecraft:diamond_axe":1,"minecraft:diamond":3,"minecraft:crafting_table":3,"minecraft:jungle_planks":5,"minecraft:cod":3,"minecraft:cobblestone_stairs":8,"minecraft:flint":4,"minecraft:dirt":271,"minecraft:packed_ice":5,"minecraft:snowball":3,"minecraft:jungle_sapling":3,"minecraft:iron_pickaxe":1,"minecraft:fishing_rod":1,"minecraft:white_wool":8,"minecraft:gravel":2,"minecraft:stone_axe":12,"minecraft:rotten_flesh":9,"minecraft:oak_planks":52,"minecraft:diamond_shovel":1,"minecraft:azure_bluet":31,"minecraft:white_bed":1,"minecraft:poppy":19,"minecraft:gunpowder":1,"minecraft:arrow":21,"minecraft:water_bucket":2,"minecraft:stone_hoe":1,"minecraft:iron_ingot":5,"minecraft:bread":12,"minecraft:wheat_seeds":23,"minecraft:mossy_cobblestone":6,"minecraft:poisonous_potato":1,"minecraft:oak_fence":5,"minecraft:tropical_fish":11,"minecraft:stick":1090,"minecraft:torch":109,"minecraft:melon_slice":110,"minecraft:cherry_planks":2,"minecraft:oak_stairs":38,"minecraft:iron_axe":5,"minecraft:chainmail_leggings":33,"minecraft:iron_shovel":1,"minecraft:stone_brick_slab":98,"minecraft:oak_trapdoor":1,"minecraft:iron_boots":42,"minecraft:potato":2,"minecraft:peony":1,"minecraft:diamond_pickaxe":1,"minecraft:yellow_bed":3,"minecraft:bamboo":42,"minecraft:diamond_boots":1,"minecraft:stone_pickaxe":3,"minecraft:wooden_pickaxe":1,"minecraft:bell":3,"minecraft:black_wool":1},"minecraft:broken":{"minecraft:iron_shovel":4,"minecraft:diamond_shovel":2,"minecraft:stone_axe":2,"minecraft:iron_sword":1,"minecraft:stone_shovel":2,"minecraft:iron_axe":2},"minecraft:picked_up":{"minecraft:wheat":9,"minecraft:smithing_table":4,"minecraft:lead":2,"minecraft:oak_stairs":156,"minecraft:enchanted_book":2,"minecraft:brewing_stand":6,"minecraft:string":10,"minecraft:raw_copper":36,"minecraft:beetroot":12,"minecraft:diamond_leggings":2,"minecraft:cobbled_deepslate":289,"minecraft:bucket":3,"minecraft:iron_pickaxe":2,"minecraft:melon_slice":92,"minecraft:iron_boots":31,"minecraft:stick":2999,"minecraft:composter":1,"minecraft:oak_fence":30,"minecraft:torch":41,"minecraft:acacia_log":4,"minecraft:snow_block":49,"minecraft:porkchop":4,"minecraft:pointed_dripstone":17,"minecraft:stone_sword":1,"minecraft:rotten_flesh":14,"minecraft:tropical_fish":24,"minecraft:bookshelf":8,"minecraft:white_terracotta":105,"minecraft:cod":3,"minecraft:snowball":199,"minecraft:cobblestone":707,"minecraft:birch_log":12,"minecraft:pink_petals":20,"minecraft:feather":4,"minecraft:lilac":3,"minecraft:cherry_planks":70,"minecraft:jungle_log":928,"minecraft:water_bucket":5,"minecraft:andesite":9,"minecraft:potato":105,"minecraft:flint":58,"minecraft:dirt":4448,"minecraft:bone":21,"minecraft:acacia_planks":1,"minecraft:bow":1,"minecraft:stonecutter":3,"minecraft:wheat_seeds":182,"minecraft:raw_gold":32,"minecraft:bell":2,"minecraft:grindstone":2,"minecraft:fletching_table":40,"minecraft:rabbit":2,"minecraft:bamboo":1463,"minecraft:oak_planks":263,"minecraft:stone_hoe":5,"minecraft:poisonous_potato":1,"minecraft:jungle_planks":380,"minecraft:grass_block":124,"minecraft:barrel":18,"minecraft:mossy_cobblestone":30,"minecraft:diamond":17,"minecraft:lever":1,"minecraft:granite":8,"minecraft:bone_meal":2,"minecraft:golden_apple":3,"minecraft:emerald":68,"minecraft:bread":139,"minecraft:oak_sapling":40,"minecraft:charcoal":60,"minecraft:crafting_table":11,"minecraft:azure_bluet":72,"minecraft:clay_ball":16,"minecraft:packed_ice":10,"minecraft:wooden_pickaxe":2,"minecraft:stripped_cherry_log":1,"minecraft:shield":3,"minecraft:oak_trapdoor":15,"minecraft:iron_axe":6,"minecraft:acacia_door":1,"minecraft:compass":1,"minecraft:iron_shovel":1,"minecraft:beef":19,"minecraft:jungle_sapling":62,"minecraft:poppy":85,"minecraft:lectern":8,"minecraft:sugar_cane":245,"minecraft:chest":38,"minecraft:raw_iron":12,"minecraft:oak_door":4,"minecraft:carrot":20,"minecraft:redstone":52,"minecraft:arrow":92,"minecraft:stone_shovel":1,"minecraft:beetroot_seeds":33,"minecraft:peony":1,"minecraft:shears":1,"minecraft:diamond_boots":2,"minecraft:hay_block":84,"minecraft:glistering_melon_slice":9,"minecraft:mutton":17,"minecraft:white_wool":97,"minecraft:oxeye_daisy":1,"minecraft:stripped_oak_log":31,"minecraft:tripwire_hook":2,"minecraft:leather":37,"minecraft:birch_planks":77,"minecraft:oak_log":235,"minecraft:yellow_bed":21,"minecraft:gunpowder":18,"minecraft:cobblestone_stairs":8,"minecraft:paper":18,"minecraft:apple":15,"minecraft:rabbit_hide":2,"minecraft:oak_fence_gate":2,"minecraft:iron_ingot":33,"minecraft:stone_pickaxe":3,"minecraft:stripped_oak_wood":3,"minecraft:iron_sword":1,"minecraft:book":1,"minecraft:pumpkin":21,"minecraft:stone_brick_slab":420,"minecraft:dandelion":13,"minecraft:gravel":680,"minecraft:blast_furnace":3,"minecraft:white_bed":13,"minecraft:diamond_shovel":6,"minecraft:stone_axe":12,"minecraft:chainmail_leggings":24,"minecraft:cherry_sapling":22,"minecraft:oak_button":16,"minecraft:terracotta":2,"minecraft:coal":292},"minecraft:used":{"minecraft:iron_shovel":1001,"minecraft:chest":27,"minecraft:shield":1,"minecraft:iron_sword":177,"minecraft:jungle_sapling":44,"minecraft:grass_block":3,"minecraft:bow":12,"minecraft:hay_block":4,"minecraft:furnace":2,"minecraft:oak_sapling":27,"minecraft:potato":94,"minecraft:stone_pickaxe":34,"minecraft:wooden_pickaxe":15,"minecraft:composter":2,"minecraft:diamond_axe":382,"minecraft:sugar_cane":183,"minecraft:white_wool":3,"minecraft:blast_furnace":3,"minecraft:bread":111,"minecraft:lectern":9,"minecraft:gravel":35,"minecraft:grindstone":2,"minecraft:smithing_table":4,"minecraft:stone_sword":48,"minecraft:stone_shovel":264,"minecraft:stone_hoe":220,"minecraft:oak_door":1,"minecraft:dirt":856,"minecraft:oak_fence_gate":1,"minecraft:stone_brick_slab":319,"minecraft:iron_axe":1106,"minecraft:jungle_log":57,"minecraft:iron_boots":1,"minecraft:bamboo":314,"minecraft:cooked_mutton":4,"minecraft:water_bucket":85,"minecraft:birch_planks":5,"minecraft:fletching_table":46,"minecraft:mossy_cobblestone":2,"minecraft:crafting_table":5,"minecraft:white_bed":30,"minecraft:oak_log":1,"minecraft:diamond_pickaxe":437,"minecraft:diamond_shovel":3094,"minecraft:iron_pickaxe":195,"minecraft:stone_axe":233,"minecraft:cobblestone":1,"minecraft:bucket":86,"minecraft:yellow_bed":17,"minecraft:diamond_leggings":1},"minecraft:mined":{"minecraft:white_bed":13,"minecraft:oak_sapling":1,"minecraft:farmland":30,"minecraft:cobblestone_stairs":4,"minecraft:jungle_leaves":149,"minecraft:brewing_stand":3,"minecraft:granite":6,"minecraft:acacia_log":6,"minecraft:grass_block":1123,"minecraft:jungle_log":560,"minecraft:composter":2,"minecraft:barrel":2,"minecraft:pumpkin":10,"minecraft:fletching_table":32,"minecraft:azure_bluet":13,"minecraft:pointed_dripstone":1,"minecraft:dirt_path":332,"minecraft:oak_stairs":175,"minecraft:clay":4,"minecraft:torch":9,"minecraft:blast_furnace":3,"minecraft:poppy":24,"minecraft:chest":21,"minecraft:cobblestone":180,"minecraft:sugar_cane":103,"minecraft:grindstone":2,"minecraft:oak_planks":223,"minecraft:seagrass":1,"minecraft:white_terracotta":109,"minecraft:wheat":12,"minecraft:birch_log":12,"minecraft:lilac":4,"minecraft:stripped_oak_wood":1,"minecraft:oak_log":239,"minecraft:beetroots":5,"minecraft:oak_fence_gate":1,"minecraft:dirt":2512,"minecraft:stonecutter":1,"minecraft:oak_leaves":35,"minecraft:diamond_ore":1,"minecraft:mossy_cobblestone":34,"minecraft:deepslate_diamond_ore":1,"minecraft:oak_door":4,"minecraft:hay_block":82,"minecraft:redstone_ore":2,"minecraft:oak_trapdoor":13,"minecraft:furnace":1,"minecraft:carrots":7,"minecraft:jungle_sapling":21,"minecraft:snow":3,"minecraft:andesite":9,"minecraft:peony":4,"minecraft:potatoes":12,"minecraft:vine":54,"minecraft:stripped_oak_log":32,"minecraft:bamboo_sapling":23,"minecraft:bamboo":152,"minecraft:stone":274,"minecraft:white_wool":3,"minecraft:smithing_table":4,"minecraft:oak_slab":1,"minecraft:glass_pane":16,"minecraft:cherry_planks":38,"minecraft:snow_block":57,"minecraft:stone_brick_slab":14,"minecraft:dandelion":2,"minecraft:oak_fence":12,"minecraft:crafting_table":6,"minecraft:short_grass":120,"minecraft:lectern":8,"minecraft:tall_grass":6,"minecraft:deepslate_gold_ore":3,"minecraft:birch_planks":1,"minecraft:yellow_bed":20,"minecraft:coal_ore":4,"minecraft:gravel":455,"minecraft:terracotta":2},"minecraft:custom":{"minecraft:animals_bred":7,"minecraft:interact_with_crafting_table":84,"minecraft:bell_ring":5,"minecraft:leave_game":14,"minecraft:time_since_death":141437,"minecraft:sprint_one_cm":1485938,"minecraft:damage_blocked_by_shield":148,"minecraft:drop":447,"minecraft:talked_to_villager":257,"minecraft:play_time":600169,"minecraft:deaths":7,"minecraft:jump":6755,"minecraft:walk_on_water_one_cm":46703,"minecraft:interact_with_furnace":16,"minecraft:traded_with_villager":645,"minecraft:sleep_in_bed":47,"minecraft:damage_dealt":12903,"minecraft:player_kills":1,"minecraft:crouch_one_cm":9721,"minecraft:mob_kills":62,"minecraft:interact_with_anvil":2,"minecraft:climb_one_cm":10747,"minecraft:walk_one_cm":2008902,"minecraft:sneak_time":4994,"minecraft:walk_under_water_one_cm":41527,"minecraft:total_world_time":600169,"minecraft:time_since_rest":9607,"minecraft:damage_taken":4326,"minecraft:swim_one_cm":100164,"minecraft:fly_one_cm":1552207,"minecraft:open_chest":349,"minecraft:fall_one_cm":143632},"minecraft:killed":{"minecraft:spider":1,"minecraft:cod":2,"minecraft:skeleton":3,"minecraft:tropical_fish":11,"minecraft:pig":2,"minecraft:iron_golem":6,"minecraft:sheep":12,"minecraft:zombie":10,"minecraft:cow":5,"minecraft:horse":4,"minecraft:rabbit":1,"minecraft:villager":5}},"DataVersion":3953}