{"stats":{"minecraft:crafted":{"minecraft:jungle_button":64,"minecraft:oak_planks":1464,"minecraft:diamond_shovel":1,"minecraft:bookshelf":10,"minecraft:cooked_mutton":4,"minecraft:diamond_helmet":1,"minecraft:diamond_leggings":2,"minecraft:bow":1,"minecraft:iron_boots":24,"minecraft:chest":17,"minecraft:oak_button":16,"minecraft:stone_hoe":2,"minecraft:stone_bricks":1356,"minecraft:cooked_rabbit":1,"minecraft:arrow":32,"minecraft:emerald":708,"minecraft:diamond_axe":8,"minecraft:crafting_table":5,"minecraft:spruce_planks":3844,"minecraft:wooden_pickaxe":1,"minecraft:baked_potato":48,"minecraft:fletching_table":11,"minecraft:birch_planks":48,"minecraft:lectern":8,"minecraft:book":26,"minecraft:paper":117,"minecraft:diamond_pickaxe":4,"minecraft:charcoal":33,"minecraft:shield":1,"minecraft:stick":28468,"minecraft:iron_ingot":14,"minecraft:iron_pickaxe":2,"minecraft:iron_block":4,"minecraft:stone_sword":1,"minecraft:snow_block":49,"minecraft:shears":1,"minecraft:packed_ice":5,"minecraft:cherry_planks":1236,"minecraft:redstone":189,"minecraft:stone_shovel":3,"minecraft:fishing_rod":1,"minecraft:furnace":2,"minecraft:piston":19,"minecraft:iron_axe":17,"minecraft:stone_pickaxe":3,"minecraft:diamond_boots":2,"minecraft:redstone_block":18,"minecraft:chainmail_leggings":23,"minecraft:wheat":801,"minecraft:cooked_beef":9,"minecraft:diamond_sword":1,"minecraft:iron_sword":1,"minecraft:bell":14,"minecraft:bucket":1,"minecraft:stone_axe":2,"minecraft:enchanted_book":22,"minecraft:jungle_slab":60,"minecraft:bread":267,"minecraft:air":0,"minecraft:jungle_planks":12956,"minecraft:iron_shovel":4,"minecraft:white_bed":26,"minecraft:acacia_planks":40,"minecraft:torch":108,"minecraft:diamond_chestplate":1},"minecraft:dropped":{"minecraft:iron_sword":1,"minecraft:birch_planks":76,"minecraft:diamond_axe":2,"minecraft:diamond":3,"minecraft:crafting_table":3,"minecraft:jungle_planks":5,"minecraft:fletching_table":1,"minecraft:emerald":1217,"minecraft:cod":3,"minecraft:flint":4,"minecraft:cobblestone_stairs":8,"minecraft:dirt":761,"minecraft:packed_ice":5,"minecraft:snowball":3,"minecraft:jungle_sapling":74,"minecraft:glistering_melon_slice":9,"minecraft:iron_pickaxe":1,"minecraft:fishing_rod":1,"minecraft:white_wool":11,"minecraft:bone":1,"minecraft:gravel":2,"minecraft:stone_axe":12,"minecraft:rotten_flesh":24,"minecraft:oak_planks":52,"minecraft:diamond_shovel":2,"minecraft:azure_bluet":45,"minecraft:white_bed":1,"minecraft:poppy":50,"minecraft:gunpowder":1,"minecraft:jungle_log":1280,"minecraft:bee_nest":1,"minecraft:arrow":32,"minecraft:lectern":2,"minecraft:iron_ingot":15,"minecraft:stone_hoe":1,"minecraft:water_bucket":2,"minecraft:bread":12,"minecraft:wheat_seeds":43,"minecraft:mossy_cobblestone":10,"minecraft:bookshelf":1,"minecraft:poisonous_potato":1,"minecraft:oak_fence":9,"minecraft:cobblestone":59,"minecraft:book":76,"minecraft:tropical_fish":22,"minecraft:stick":6598,"minecraft:oxeye_daisy":1,"minecraft:jungle_slab":20,"minecraft:gray_wool":1,"minecraft:torch":111,"minecraft:melon_slice":110,"minecraft:cherry_planks":2,"minecraft:oak_stairs":43,"minecraft:iron_axe":11,"minecraft:chainmail_leggings":33,"minecraft:iron_shovel":1,"minecraft:string":8,"minecraft:stone_brick_slab":98,"minecraft:dandelion":2,"minecraft:oak_trapdoor":1,"minecraft:diamond_hoe":1,"minecraft:light_gray_wool":1,"minecraft:iron_boots":42,"minecraft:potato":2,"minecraft:diamond_chestplate":1,"minecraft:peony":1,"minecraft:diamond_pickaxe":2,"minecraft:andesite":36,"minecraft:yellow_bed":3,"minecraft:spider_eye":1,"minecraft:bamboo":694,"minecraft:diamond_boots":1,"minecraft:stone_pickaxe":3,"minecraft:wooden_pickaxe":1,"minecraft:bell":12,"minecraft:black_wool":1},"minecraft:broken":{"minecraft:iron_shovel":4,"minecraft:diamond_shovel":3,"minecraft:stone_axe":2,"minecraft:iron_sword":1,"minecraft:stone_shovel":2,"minecraft:iron_axe":3,"minecraft:iron_pickaxe":1},"minecraft:picked_up":{"minecraft:wheat":21,"minecraft:smithing_table":9,"minecraft:lead":2,"minecraft:diamond_sword":1,"minecraft:oak_stairs":161,"minecraft:enchanted_book":2,"minecraft:brewing_stand":12,"minecraft:string":18,"minecraft:raw_copper":36,"minecraft:beetroot":12,"minecraft:diamond_leggings":3,"minecraft:cobbled_deepslate":289,"minecraft:bucket":3,"minecraft:iron_pickaxe":2,"minecraft:melon_slice":92,"minecraft:iron_boots":31,"minecraft:stick":9357,"minecraft:composter":1,"minecraft:oak_fence":32,"minecraft:torch":61,"minecraft:acacia_log":4,"minecraft:snow_block":49,"minecraft:porkchop":4,"minecraft:pointed_dripstone":17,"minecraft:stone_sword":1,"minecraft:rotten_flesh":29,"minecraft:tropical_fish":24,"minecraft:bookshelf":8,"minecraft:white_terracotta":105,"minecraft:cod":3,"minecraft:snowball":199,"minecraft:cobblestone":853,"minecraft:birch_log":12,"minecraft:pink_petals":20,"minecraft:feather":4,"minecraft:lilac":3,"minecraft:cherry_planks":70,"minecraft:andesite":50,"minecraft:water_bucket":6,"minecraft:jungle_log":3392,"minecraft:potato":157,"minecraft:flint":58,"minecraft:dirt":6590,"minecraft:bone":42,"minecraft:acacia_planks":1,"minecraft:stonecutter":3,"minecraft:bow":1,"minecraft:wheat_seeds":295,"minecraft:raw_gold":32,"minecraft:bell":3,"minecraft:grindstone":6,"minecraft:diamond_helmet":1,"minecraft:fletching_table":77,"minecraft:rabbit":2,"minecraft:bamboo":2213,"minecraft:oak_planks":283,"minecraft:stone_hoe":5,"minecraft:poisonous_potato":2,"minecraft:jungle_planks":1855,"minecraft:grass_block":358,"minecraft:jungle_slab":8,"minecraft:barrel":18,"minecraft:mossy_cobblestone":34,"minecraft:diamond":17,"minecraft:lever":1,"minecraft:granite":8,"minecraft:bone_meal":6,"minecraft:golden_apple":3,"minecraft:bread":139,"minecraft:emerald":1360,"minecraft:oak_sapling":40,"minecraft:charcoal":60,"minecraft:crafting_table":11,"minecraft:bee_nest":1,"minecraft:azure_bluet":86,"minecraft:clay_ball":16,"minecraft:packed_ice":10,"minecraft:wooden_pickaxe":2,"minecraft:stripped_cherry_log":1,"minecraft:shield":4,"minecraft:oak_trapdoor":15,"minecraft:iron_axe":7,"minecraft:acacia_door":1,"minecraft:flint_and_steel":1,"minecraft:compass":1,"minecraft:iron_shovel":1,"minecraft:beef":19,"minecraft:jungle_sapling":221,"minecraft:poppy":114,"minecraft:light_gray_wool":2,"minecraft:lectern":221,"minecraft:sugar_cane":491,"minecraft:chest":43,"minecraft:piston":2,"minecraft:phantom_membrane":1,"minecraft:diamond_hoe":1,"minecraft:raw_iron":12,"minecraft:stone":1421,"minecraft:oak_door":4,"minecraft:carrot":20,"minecraft:redstone":170,"minecraft:tnt":1,"minecraft:arrow":109,"minecraft:diamond_chestplate":2,"minecraft:stone_shovel":1,"minecraft:beetroot_seeds":33,"minecraft:peony":1,"minecraft:shears":2,"minecraft:diamond_boots":3,"minecraft:hay_block":84,"minecraft:glistering_melon_slice":9,"minecraft:mutton":17,"minecraft:white_wool":138,"minecraft:oxeye_daisy":2,"minecraft:stripped_oak_log":31,"minecraft:tripwire_hook":2,"minecraft:leather":37,"minecraft:birch_planks":77,"minecraft:oak_log":264,"minecraft:yellow_bed":52,"minecraft:gunpowder":18,"minecraft:cobblestone_stairs":8,"minecraft:paper":18,"minecraft:cooked_mutton":18,"minecraft:apple":15,"minecraft:stone_bricks":28,"minecraft:rabbit_hide":2,"minecraft:oak_fence_gate":2,"minecraft:iron_ingot":65,"minecraft:stone_pickaxe":3,"minecraft:stripped_oak_wood":3,"minecraft:iron_sword":2,"minecraft:book":69,"minecraft:pumpkin":21,"minecraft:stone_brick_slab":420,"minecraft:dandelion":17,"minecraft:gravel":680,"minecraft:spruce_sapling":29,"minecraft:blast_furnace":5,"minecraft:white_bed":38,"minecraft:spruce_log":593,"minecraft:spider_eye":1,"minecraft:diamond_shovel":8,"minecraft:stone_axe":12,"minecraft:chainmail_leggings":24,"minecraft:diamond_axe":2,"minecraft:cherry_sapling":22,"minecraft:gray_wool":2,"minecraft:oak_button":16,"minecraft:terracotta":2,"minecraft:baked_potato":42,"minecraft:coal":292,"minecraft:ender_pearl":1},"minecraft:used":{"minecraft:iron_shovel":1001,"minecraft:chest":50,"minecraft:shield":11,"minecraft:stone":35,"minecraft:iron_sword":178,"minecraft:bell":1,"minecraft:jungle_planks":3,"minecraft:obsidian":10,"minecraft:jungle_sapling":87,"minecraft:lava_bucket":1,"minecraft:grass_block":37,"minecraft:stone_bricks":126,"minecraft:bow":12,"minecraft:hay_block":4,"minecraft:oak_sapling":27,"minecraft:furnace":2,"minecraft:potato":143,"minecraft:stone_pickaxe":34,"minecraft:wooden_pickaxe":15,"minecraft:composter":2,"minecraft:diamond_axe":2328,"minecraft:sugar_cane":183,"minecraft:white_wool":4,"minecraft:blast_furnace":5,"minecraft:bread":111,"minecraft:lectern":227,"minecraft:gravel":35,"minecraft:diamond_sword":188,"minecraft:grindstone":5,"minecraft:smithing_table":8,"minecraft:cooked_rabbit":1,"minecraft:andesite":5,"minecraft:bone_meal":4,"minecraft:oak_fence":45,"minecraft:stone_sword":48,"minecraft:flint_and_steel":162,"minecraft:stone_shovel":264,"minecraft:stone_hoe":220,"minecraft:oak_door":1,"minecraft:brewing_stand":5,"minecraft:dirt":1257,"minecraft:diamond_helmet":1,"minecraft:oak_fence_gate":1,"minecraft:stone_brick_slab":319,"minecraft:bookshelf":1,"minecraft:iron_axe":1583,"minecraft:jungle_log":107,"minecraft:iron_boots":1,"minecraft:bamboo":507,"minecraft:diamond_chestplate":2,"minecraft:cooked_beef":9,"minecraft:wheat_seeds":90,"minecraft:cooked_mutton":7,"minecraft:water_bucket":85,"minecraft:birch_planks":5,"minecraft:baked_potato":23,"minecraft:fletching_table":82,"minecraft:mossy_cobblestone":2,"minecraft:tnt":17,"minecraft:crafting_table":6,"minecraft:white_bed":59,"minecraft:spruce_log":2,"minecraft:oak_log":1,"minecraft:piston":21,"minecraft:diamond_pickaxe":1994,"minecraft:diamond_shovel":5488,"minecraft:iron_pickaxe":273,"minecraft:spruce_sapling":29,"minecraft:stone_axe":233,"minecraft:cobblestone":12,"minecraft:bucket":86,"minecraft:yellow_bed":45,"minecraft:dandelion":2,"minecraft:diamond_leggings":2},"minecraft:mined":{"minecraft:white_bed":44,"minecraft:oak_sapling":1,"minecraft:farmland":56,"minecraft:cobblestone_stairs":4,"minecraft:jungle_leaves":512,"minecraft:brewing_stand":9,"minecraft:granite":6,"minecraft:acacia_log":6,"minecraft:grass_block":1904,"minecraft:jungle_log":1716,"minecraft:composter":2,"minecraft:barrel":2,"minecraft:fire":5,"minecraft:pumpkin":10,"minecraft:fletching_table":67,"minecraft:azure_bluet":14,"minecraft:pointed_dripstone":1,"minecraft:dirt_path":401,"minecraft:oak_stairs":175,"minecraft:clay":4,"minecraft:torch":10,"minecraft:blast_furnace":5,"minecraft:poppy":28,"minecraft:chest":23,"minecraft:cobblestone":194,"minecraft:sugar_cane":229,"minecraft:grindstone":6,"minecraft:oak_planks":223,"minecraft:wall_torch":1,"minecraft:seagrass":1,"minecraft:white_terracotta":109,"minecraft:wheat":79,"minecraft:birch_log":12,"minecraft:lilac":4,"minecraft:stripped_oak_wood":1,"minecraft:oak_log":267,"minecraft:beetroots":5,"minecraft:oak_fence_gate":1,"minecraft:dirt":4092,"minecraft:stonecutter":1,"minecraft:piston":2,"minecraft:oak_leaves":35,"minecraft:diamond_ore":1,"minecraft:mossy_cobblestone":34,"minecraft:deepslate_diamond_ore":1,"minecraft:oak_door":4,"minecraft:jungle_planks":3,"minecraft:spruce_leaves":13,"minecraft:large_fern":1,"minecraft:hay_block":82,"minecraft:redstone_ore":2,"minecraft:oak_trapdoor":13,"minecraft:spruce_sapling":1,"minecraft:furnace":1,"minecraft:carrots":7,"minecraft:jungle_sapling":58,"minecraft:snow":3,"minecraft:andesite":25,"minecraft:peony":4,"minecraft:bookshelf":1,"minecraft:potatoes":24,"minecraft:vine":178,"minecraft:stripped_oak_log":32,"minecraft:bamboo_sapling":24,"minecraft:bamboo":187,"minecraft:stone":1824,"minecraft:white_wool":3,"minecraft:smithing_table":9,"minecraft:oak_slab":1,"minecraft:glass_pane":16,"minecraft:cherry_planks":38,"minecraft:snow_block":57,"minecraft:stone_brick_slab":14,"minecraft:dandelion":2,"minecraft:oak_fence":13,"minecraft:crafting_table":6,"minecraft:short_grass":163,"minecraft:lectern":217,"minecraft:tall_grass":8,"minecraft:deepslate_gold_ore":3,"minecraft:birch_planks":1,"minecraft:spruce_log":590,"minecraft:yellow_bed":56,"minecraft:coal_ore":5,"minecraft:gravel":455,"minecraft:terracotta":2,"minecraft:stone_bricks":30},"minecraft:custom":{"minecraft:animals_bred":7,"minecraft:interact_with_crafting_table":124,"minecraft:bell_ring":7,"minecraft:leave_game":28,"minecraft:time_since_death":237980,"minecraft:sprint_one_cm":2119100,"minecraft:damage_blocked_by_shield":725,"minecraft:drop":781,"minecraft:talked_to_villager":635,"minecraft:play_time":1038193,"minecraft:deaths":8,"minecraft:jump":11111,"minecraft:walk_on_water_one_cm":46751,"minecraft:interact_with_furnace":36,"minecraft:traded_with_villager":756,"minecraft:sleep_in_bed":60,"minecraft:damage_dealt":26067,"minecraft:player_kills":2,"minecraft:crouch_one_cm":21623,"minecraft:mob_kills":119,"minecraft:interact_with_anvil":15,"minecraft:climb_one_cm":11578,"minecraft:walk_one_cm":3447355,"minecraft:sneak_time":11229,"minecraft:walk_under_water_one_cm":41527,"minecraft:interact_with_blast_furnace":2,"minecraft:total_world_time":1038193,"minecraft:interact_with_grindstone":3,"minecraft:time_since_rest":13515,"minecraft:damage_taken":5329,"minecraft:swim_one_cm":100164,"minecraft:fly_one_cm":2152622,"minecraft:open_chest":575,"minecraft:fall_one_cm":192125},"minecraft:killed":{"minecraft:spider":5,"minecraft:cod":2,"minecraft:skeleton":11,"minecraft:tropical_fish":11,"minecraft:pig":2,"minecraft:iron_golem":10,"minecraft:sheep":18,"minecraft:zombie":35,"minecraft:cow":5,"minecraft:phantom":1,"minecraft:horse":4,"minecraft:rabbit":1,"minecraft:villager":8,"minecraft:enderman":1}},"DataVersion":3953}