{"stats":{"minecraft:crafted":{"minecraft:oak_planks":932,"minecraft:diamond_shovel":1,"minecraft:bookshelf":5,"minecraft:cooked_mutton":4,"minecraft:bow":1,"minecraft:diamond_leggings":2,"minecraft:iron_boots":24,"minecraft:chest":16,"minecraft:oak_button":16,"minecraft:stone_hoe":2,"minecraft:emerald":551,"minecraft:arrow":32,"minecraft:diamond_axe":1,"minecraft:crafting_table":4,"minecraft:wooden_pickaxe":1,"minecraft:fletching_table":11,"minecraft:birch_planks":48,"minecraft:lectern":1,"minecraft:diamond_pickaxe":1,"minecraft:book":15,"minecraft:paper":63,"minecraft:charcoal":33,"minecraft:shield":1,"minecraft:stick":14902,"minecraft:iron_pickaxe":2,"minecraft:iron_ingot":14,"minecraft:stone_sword":1,"minecraft:snow_block":49,"minecraft:shears":1,"minecraft:packed_ice":5,"minecraft:cherry_planks":612,"minecraft:stone_shovel":3,"minecraft:fishing_rod":1,"minecraft:furnace":2,"minecraft:iron_axe":7,"minecraft:stone_pickaxe":3,"minecraft:diamond_boots":2,"minecraft:chainmail_leggings":23,"minecraft:wheat":801,"minecraft:iron_sword":1,"minecraft:bell":5,"minecraft:bucket":1,"minecraft:stone_axe":2,"minecraft:enchanted_book":1,"minecraft:jungle_slab":6,"minecraft:bread":267,"minecraft:air":0,"minecraft:jungle_planks":5808,"minecraft:iron_shovel":4,"minecraft:white_bed":17,"minecraft:acacia_planks":40,"minecraft:torch":108},"minecraft:dropped":{"minecraft:birch_planks":76,"minecraft:diamond_axe":1,"minecraft:diamond":3,"minecraft:crafting_table":2,"minecraft:jungle_planks":5,"minecraft:cod":3,"minecraft:flint":4,"minecraft:cobblestone_stairs":8,"minecraft:dirt":138,"minecraft:snowball":3,"minecraft:jungle_sapling":2,"minecraft:iron_pickaxe":1,"minecraft:fishing_rod":1,"minecraft:white_wool":8,"minecraft:gravel":2,"minecraft:stone_axe":12,"minecraft:rotten_flesh":9,"minecraft:oak_planks":52,"minecraft:diamond_shovel":1,"minecraft:azure_bluet":26,"minecraft:white_bed":1,"minecraft:poppy":11,"minecraft:gunpowder":1,"minecraft:arrow":21,"minecraft:iron_ingot":5,"minecraft:water_bucket":2,"minecraft:stone_hoe":1,"minecraft:bread":12,"minecraft:wheat_seeds":10,"minecraft:mossy_cobblestone":6,"minecraft:poisonous_potato":1,"minecraft:oak_fence":5,"minecraft:tropical_fish":11,"minecraft:stick":1090,"minecraft:torch":109,"minecraft:melon_slice":110,"minecraft:cherry_planks":2,"minecraft:oak_stairs":38,"minecraft:iron_axe":4,"minecraft:chainmail_leggings":33,"minecraft:iron_shovel":1,"minecraft:oak_trapdoor":1,"minecraft:iron_boots":42,"minecraft:potato":2,"minecraft:peony":1,"minecraft:diamond_pickaxe":1,"minecraft:yellow_bed":3,"minecraft:bamboo":23,"minecraft:diamond_boots":1,"minecraft:stone_pickaxe":3,"minecraft:wooden_pickaxe":1,"minecraft:bell":3,"minecraft:black_wool":1},"minecraft:broken":{"minecraft:iron_shovel":4,"minecraft:stone_axe":2,"minecraft:iron_sword":1,"minecraft:stone_shovel":2,"minecraft:iron_axe":2},"minecraft:picked_up":{"minecraft:wheat":9,"minecraft:smithing_table":4,"minecraft:lead":2,"minecraft:oak_stairs":39,"minecraft:enchanted_book":1,"minecraft:brewing_stand":6,"minecraft:string":9,"minecraft:raw_copper":36,"minecraft:beetroot":12,"minecraft:diamond_leggings":1,"minecraft:cobbled_deepslate":289,"minecraft:bucket":2,"minecraft:iron_pickaxe":1,"minecraft:melon_slice":92,"minecraft:iron_boots":31,"minecraft:stick":1695,"minecraft:composter":1,"minecraft:oak_fence":16,"minecraft:torch":16,"minecraft:acacia_log":4,"minecraft:porkchop":4,"minecraft:snow_block":49,"minecraft:pointed_dripstone":17,"minecraft:stone_sword":1,"minecraft:rotten_flesh":14,"minecraft:tropical_fish":11,"minecraft:bookshelf":4,"minecraft:cod":3,"minecraft:snowball":199,"minecraft:cobblestone":422,"minecraft:birch_log":12,"minecraft:pink_petals":20,"minecraft:feather":4,"minecraft:lilac":3,"minecraft:cherry_planks":35,"minecraft:water_bucket":5,"minecraft:jungle_log":808,"minecraft:potato":103,"minecraft:flint":58,"minecraft:dirt":2176,"minecraft:bone":19,"minecraft:acacia_planks":1,"minecraft:stonecutter":3,"minecraft:bow":1,"minecraft:wheat_seeds":100,"minecraft:raw_gold":32,"minecraft:bell":2,"minecraft:fletching_table":32,"minecraft:rabbit":2,"minecraft:bamboo":1377,"minecraft:oak_planks":70,"minecraft:stone_hoe":4,"minecraft:poisonous_potato":1,"minecraft:jungle_planks":380,"minecraft:barrel":13,"minecraft:mossy_cobblestone":9,"minecraft:diamond":15,"minecraft:lever":1,"minecraft:granite":4,"minecraft:bone_meal":2,"minecraft:golden_apple":3,"minecraft:bread":116,"minecraft:emerald":68,"minecraft:oak_sapling":40,"minecraft:charcoal":60,"minecraft:crafting_table":8,"minecraft:azure_bluet":49,"minecraft:wooden_pickaxe":2,"minecraft:stripped_cherry_log":1,"minecraft:shield":2,"minecraft:oak_trapdoor":3,"minecraft:iron_axe":6,"minecraft:acacia_door":1,"minecraft:compass":1,"minecraft:iron_shovel":1,"minecraft:beef":19,"minecraft:jungle_sapling":43,"minecraft:poppy":62,"minecraft:lectern":7,"minecraft:sugar_cane":177,"minecraft:chest":25,"minecraft:raw_iron":12,"minecraft:oak_door":1,"minecraft:carrot":20,"minecraft:redstone":52,"minecraft:arrow":69,"minecraft:stone_shovel":1,"minecraft:beetroot_seeds":33,"minecraft:peony":1,"minecraft:diamond_boots":1,"minecraft:hay_block":84,"minecraft:glistering_melon_slice":9,"minecraft:mutton":17,"minecraft:white_wool":75,"minecraft:tripwire_hook":2,"minecraft:leather":37,"minecraft:birch_planks":77,"minecraft:oak_log":192,"minecraft:yellow_bed":21,"minecraft:gunpowder":18,"minecraft:cobblestone_stairs":8,"minecraft:paper":18,"minecraft:apple":15,"minecraft:rabbit_hide":2,"minecraft:iron_ingot":33,"minecraft:oak_fence_gate":2,"minecraft:stone_pickaxe":3,"minecraft:stripped_oak_wood":2,"minecraft:iron_sword":1,"minecraft:book":1,"minecraft:pumpkin":21,"minecraft:dandelion":8,"minecraft:gravel":680,"minecraft:blast_furnace":3,"minecraft:white_bed":12,"minecraft:diamond_shovel":3,"minecraft:stone_axe":12,"minecraft:chainmail_leggings":24,"minecraft:cherry_sapling":22,"minecraft:oak_button":16,"minecraft:coal":292},"minecraft:used":{"minecraft:iron_shovel":1001,"minecraft:shield":1,"minecraft:chest":24,"minecraft:iron_sword":177,"minecraft:jungle_sapling":35,"minecraft:bow":12,"minecraft:hay_block":4,"minecraft:oak_sapling":27,"minecraft:furnace":2,"minecraft:potato":94,"minecraft:stone_pickaxe":34,"minecraft:wooden_pickaxe":15,"minecraft:composter":1,"minecraft:diamond_axe":382,"minecraft:sugar_cane":21,"minecraft:white_wool":3,"minecraft:blast_furnace":3,"minecraft:bread":85,"minecraft:lectern":8,"minecraft:gravel":35,"minecraft:smithing_table":4,"minecraft:stone_sword":48,"minecraft:stone_shovel":264,"minecraft:stone_hoe":220,"minecraft:oak_door":1,"minecraft:dirt":501,"minecraft:iron_axe":530,"minecraft:jungle_log":26,"minecraft:iron_boots":1,"minecraft:bamboo":306,"minecraft:cooked_mutton":4,"minecraft:water_bucket":42,"minecraft:birch_planks":5,"minecraft:fletching_table":39,"minecraft:mossy_cobblestone":2,"minecraft:crafting_table":5,"minecraft:white_bed":29,"minecraft:oak_log":1,"minecraft:diamond_shovel":698,"minecraft:iron_pickaxe":147,"minecraft:stone_axe":233,"minecraft:cobblestone":1,"minecraft:bucket":42,"minecraft:yellow_bed":17,"minecraft:diamond_leggings":1},"minecraft:mined":{"minecraft:white_bed":13,"minecraft:oak_sapling":1,"minecraft:farmland":30,"minecraft:cobblestone_stairs":4,"minecraft:jungle_leaves":130,"minecraft:brewing_stand":3,"minecraft:granite":6,"minecraft:acacia_log":6,"minecraft:grass_block":456,"minecraft:jungle_log":446,"minecraft:composter":2,"minecraft:barrel":2,"minecraft:pumpkin":10,"minecraft:fletching_table":26,"minecraft:azure_bluet":11,"minecraft:pointed_dripstone":1,"minecraft:dirt_path":153,"minecraft:oak_stairs":51,"minecraft:torch":2,"minecraft:blast_furnace":3,"minecraft:poppy":23,"minecraft:chest":18,"minecraft:cobblestone":103,"minecraft:sugar_cane":62,"minecraft:oak_planks":22,"minecraft:white_terracotta":4,"minecraft:seagrass":1,"minecraft:birch_log":12,"minecraft:wheat":12,"minecraft:lilac":4,"minecraft:stripped_oak_wood":1,"minecraft:oak_log":195,"minecraft:beetroots":5,"minecraft:oak_fence_gate":1,"minecraft:dirt":929,"minecraft:stonecutter":1,"minecraft:oak_leaves":35,"minecraft:mossy_cobblestone":13,"minecraft:deepslate_diamond_ore":1,"minecraft:oak_door":1,"minecraft:hay_block":82,"minecraft:oak_trapdoor":3,"minecraft:furnace":1,"minecraft:carrots":7,"minecraft:jungle_sapling":9,"minecraft:snow":3,"minecraft:peony":4,"minecraft:potatoes":12,"minecraft:vine":43,"minecraft:bamboo_sapling":23,"minecraft:bamboo":150,"minecraft:stone":34,"minecraft:white_wool":3,"minecraft:smithing_table":4,"minecraft:oak_slab":1,"minecraft:glass_pane":2,"minecraft:cherry_planks":38,"minecraft:snow_block":57,"minecraft:oak_fence":7,"minecraft:crafting_table":5,"minecraft:short_grass":103,"minecraft:lectern":7,"minecraft:tall_grass":6,"minecraft:deepslate_gold_ore":3,"minecraft:birch_planks":1,"minecraft:yellow_bed":20,"minecraft:gravel":455},"minecraft:custom":{"minecraft:animals_bred":7,"minecraft:interact_with_crafting_table":82,"minecraft:bell_ring":5,"minecraft:leave_game":12,"minecraft:time_since_death":142289,"minecraft:sprint_one_cm":1081882,"minecraft:damage_blocked_by_shield":148,"minecraft:drop":283,"minecraft:talked_to_villager":221,"minecraft:play_time":455095,"minecraft:deaths":6,"minecraft:jump":5522,"minecraft:walk_on_water_one_cm":37397,"minecraft:interact_with_furnace":13,"minecraft:traded_with_villager":543,"minecraft:sleep_in_bed":37,"minecraft:damage_dealt":11920,"minecraft:player_kills":1,"minecraft:crouch_one_cm":9030,"minecraft:mob_kills":57,"minecraft:climb_one_cm":10222,"minecraft:walk_one_cm":1419811,"minecraft:sneak_time":4475,"minecraft:walk_under_water_one_cm":39924,"minecraft:total_world_time":455095,"minecraft:time_since_rest":1855,"minecraft:damage_taken":3690,"minecraft:swim_one_cm":100164,"minecraft:fly_one_cm":1282548,"minecraft:open_chest":267,"minecraft:fall_one_cm":131867},"minecraft:killed":{"minecraft:spider":1,"minecraft:cod":2,"minecraft:skeleton":2,"minecraft:tropical_fish":11,"minecraft:pig":2,"minecraft:iron_golem":6,"minecraft:sheep":12,"minecraft:zombie":6,"minecraft:cow":5,"minecraft:horse":4,"minecraft:rabbit":1,"minecraft:villager":5}},"DataVersion":3953}