{"stats":{"minecraft:crafted":{"minecraft:cherry_planks":220,"minecraft:oak_planks":916,"minecraft:stone_shovel":3,"minecraft:fishing_rod":1,"minecraft:furnace":2,"minecraft:bookshelf":5,"minecraft:cooked_mutton":4,"minecraft:diamond_leggings":2,"minecraft:bow":1,"minecraft:iron_boots":24,"minecraft:iron_axe":6,"minecraft:stone_pickaxe":3,"minecraft:diamond_boots":2,"minecraft:chest":16,"minecraft:oak_button":16,"minecraft:stone_hoe":1,"minecraft:chainmail_leggings":23,"minecraft:wheat":801,"minecraft:arrow":32,"minecraft:emerald":536,"minecraft:diamond_axe":1,"minecraft:crafting_table":4,"minecraft:wooden_pickaxe":1,"minecraft:iron_sword":1,"minecraft:bell":5,"minecraft:fletching_table":7,"minecraft:bucket":1,"minecraft:birch_planks":48,"minecraft:stone_axe":2,"minecraft:enchanted_book":1,"minecraft:jungle_slab":6,"minecraft:bread":267,"minecraft:air":0,"minecraft:jungle_planks":4872,"minecraft:lectern":1,"minecraft:book":15,"minecraft:paper":63,"minecraft:charcoal":33,"minecraft:diamond_pickaxe":1,"minecraft:shield":1,"minecraft:stick":11698,"minecraft:iron_ingot":14,"minecraft:iron_pickaxe":2,"minecraft:stone_sword":1,"minecraft:snow_block":49,"minecraft:iron_shovel":4,"minecraft:white_bed":17,"minecraft:acacia_planks":40,"minecraft:torch":108,"minecraft:shears":1,"minecraft:packed_ice":5},"minecraft:dropped":{"minecraft:stone_hoe":1,"minecraft:water_bucket":2,"minecraft:iron_ingot":5,"minecraft:bread":11,"minecraft:birch_planks":76,"minecraft:diamond_axe":1,"minecraft:wheat_seeds":9,"minecraft:crafting_table":2,"minecraft:diamond":3,"minecraft:poisonous_potato":1,"minecraft:oak_fence":3,"minecraft:jungle_planks":1,"minecraft:tropical_fish":11,"minecraft:cod":3,"minecraft:stick":1090,"minecraft:flint":4,"minecraft:dirt":84,"minecraft:torch":109,"minecraft:snowball":3,"minecraft:jungle_sapling":2,"minecraft:iron_axe":4,"minecraft:iron_pickaxe":1,"minecraft:iron_shovel":1,"minecraft:chainmail_leggings":33,"minecraft:fishing_rod":1,"minecraft:white_wool":7,"minecraft:gravel":2,"minecraft:stone_axe":12,"minecraft:rotten_flesh":5,"minecraft:oak_planks":52,"minecraft:iron_boots":42,"minecraft:azure_bluet":26,"minecraft:potato":2,"minecraft:gunpowder":1,"minecraft:peony":1,"minecraft:diamond_pickaxe":1,"minecraft:yellow_bed":3,"minecraft:diamond_boots":1,"minecraft:arrow":21,"minecraft:stone_pickaxe":3,"minecraft:wooden_pickaxe":1,"minecraft:bell":3,"minecraft:black_wool":1},"minecraft:broken":{"minecraft:iron_shovel":4,"minecraft:iron_axe":1,"minecraft:stone_axe":2,"minecraft:iron_sword":1,"minecraft:stone_shovel":2},"minecraft:picked_up":{"minecraft:charcoal":27,"minecraft:crafting_table":4,"minecraft:wheat":2,"minecraft:azure_bluet":37,"minecraft:lead":1,"minecraft:smithing_table":4,"minecraft:wooden_pickaxe":2,"minecraft:brewing_stand":3,"minecraft:shield":2,"minecraft:string":8,"minecraft:raw_copper":18,"minecraft:iron_axe":5,"minecraft:iron_shovel":1,"minecraft:beetroot":8,"minecraft:diamond_leggings":1,"minecraft:cobbled_deepslate":152,"minecraft:bucket":2,"minecraft:beef":10,"minecraft:jungle_sapling":39,"minecraft:poppy":30,"minecraft:iron_pickaxe":1,"minecraft:lectern":7,"minecraft:sugar_cane":102,"minecraft:chest":5,"minecraft:iron_boots":29,"minecraft:stick":1693,"minecraft:raw_iron":12,"minecraft:composter":1,"minecraft:oak_fence":5,"minecraft:torch":7,"minecraft:acacia_log":4,"minecraft:porkchop":4,"minecraft:pointed_dripstone":9,"minecraft:carrot":20,"minecraft:redstone":26,"minecraft:rotten_flesh":8,"minecraft:arrow":67,"minecraft:stone_sword":1,"minecraft:stone_shovel":1,"minecraft:tropical_fish":11,"minecraft:beetroot_seeds":22,"minecraft:peony":1,"minecraft:diamond_boots":1,"minecraft:hay_block":84,"minecraft:mutton":17,"minecraft:snowball":199,"minecraft:cod":3,"minecraft:cobblestone":127,"minecraft:white_wool":68,"minecraft:birch_log":12,"minecraft:feather":2,"minecraft:lilac":3,"minecraft:water_bucket":5,"minecraft:jungle_log":756,"minecraft:leather":26,"minecraft:potato":25,"minecraft:birch_planks":77,"minecraft:flint":57,"minecraft:oak_log":162,"minecraft:yellow_bed":21,"minecraft:gunpowder":2,"minecraft:dirt":1011,"minecraft:bone":8,"minecraft:apple":9,"minecraft:oak_fence_gate":1,"minecraft:rabbit_hide":1,"minecraft:bow":1,"minecraft:stonecutter":2,"minecraft:wheat_seeds":47,"minecraft:raw_gold":6,"minecraft:iron_ingot":33,"minecraft:stone_pickaxe":3,"minecraft:rabbit":1,"minecraft:stripped_oak_wood":1,"minecraft:fletching_table":18,"minecraft:bamboo":803,"minecraft:iron_sword":1,"minecraft:stone_hoe":3,"minecraft:oak_planks":63,"minecraft:book":1,"minecraft:pumpkin":10,"minecraft:dandelion":4,"minecraft:poisonous_potato":1,"minecraft:jungle_planks":360,"minecraft:gravel":403,"minecraft:blast_furnace":3,"minecraft:white_bed":11,"minecraft:barrel":7,"minecraft:mossy_cobblestone":3,"minecraft:stone_axe":12,"minecraft:diamond":14,"minecraft:chainmail_leggings":23,"minecraft:bone_meal":1,"minecraft:cherry_sapling":11,"minecraft:golden_apple":1,"minecraft:emerald":59,"minecraft:bread":115,"minecraft:oak_button":16,"minecraft:oak_sapling":33,"minecraft:coal":281},"minecraft:used":{"minecraft:iron_shovel":1001,"minecraft:stone_sword":48,"minecraft:stone_shovel":264,"minecraft:chest":14,"minecraft:shield":1,"minecraft:iron_sword":177,"minecraft:stone_hoe":137,"minecraft:dirt":400,"minecraft:jungle_sapling":31,"minecraft:iron_axe":309,"minecraft:jungle_log":26,"minecraft:iron_boots":1,"minecraft:bamboo":154,"minecraft:bow":12,"minecraft:hay_block":4,"minecraft:furnace":2,"minecraft:oak_sapling":27,"minecraft:potato":14,"minecraft:cooked_mutton":4,"minecraft:water_bucket":41,"minecraft:birch_planks":5,"minecraft:stone_pickaxe":34,"minecraft:wooden_pickaxe":15,"minecraft:composter":1,"minecraft:fletching_table":22,"minecraft:diamond_axe":382,"minecraft:sugar_cane":21,"minecraft:white_wool":3,"minecraft:mossy_cobblestone":2,"minecraft:crafting_table":4,"minecraft:blast_furnace":3,"minecraft:white_bed":29,"minecraft:bread":74,"minecraft:iron_pickaxe":59,"minecraft:lectern":7,"minecraft:gravel":35,"minecraft:stone_axe":233,"minecraft:cobblestone":1,"minecraft:smithing_table":4,"minecraft:bucket":42,"minecraft:yellow_bed":17,"minecraft:diamond_leggings":1},"minecraft:mined":{"minecraft:white_bed":12,"minecraft:oak_sapling":1,"minecraft:mossy_cobblestone":7,"minecraft:deepslate_diamond_ore":1,"minecraft:jungle_leaves":130,"minecraft:brewing_stand":3,"minecraft:acacia_log":6,"minecraft:grass_block":302,"minecraft:jungle_log":437,"minecraft:composter":1,"minecraft:hay_block":82,"minecraft:oak_trapdoor":1,"minecraft:furnace":1,"minecraft:carrots":7,"minecraft:jungle_sapling":9,"minecraft:barrel":2,"minecraft:snow":3,"minecraft:pumpkin":10,"minecraft:fletching_table":15,"minecraft:peony":4,"minecraft:azure_bluet":5,"minecraft:vine":39,"minecraft:potatoes":9,"minecraft:pointed_dripstone":1,"minecraft:dirt_path":107,"minecraft:bamboo_sapling":22,"minecraft:bamboo":93,"minecraft:stone":19,"minecraft:white_wool":3,"minecraft:smithing_table":4,"minecraft:cherry_planks":2,"minecraft:snow_block":57,"minecraft:crafting_table":4,"minecraft:oak_fence":5,"minecraft:torch":2,"minecraft:short_grass":67,"minecraft:blast_furnace":3,"minecraft:poppy":9,"minecraft:chest":5,"minecraft:lectern":7,"minecraft:cobblestone":54,"minecraft:tall_grass":5,"minecraft:deepslate_gold_ore":3,"minecraft:oak_planks":11,"minecraft:sugar_cane":62,"minecraft:seagrass":1,"minecraft:white_terracotta":4,"minecraft:birch_planks":1,"minecraft:birch_log":12,"minecraft:wheat":12,"minecraft:lilac":4,"minecraft:stripped_oak_wood":1,"minecraft:yellow_bed":20,"minecraft:oak_log":162,"minecraft:beetroots":5,"minecraft:oak_fence_gate":1,"minecraft:gravel":455,"minecraft:dirt":459,"minecraft:stonecutter":1,"minecraft:oak_leaves":35},"minecraft:custom":{"minecraft:mob_kills":55,"minecraft:animals_bred":7,"minecraft:interact_with_crafting_table":75,"minecraft:leave_game":12,"minecraft:time_since_death":82289,"minecraft:climb_one_cm":8689,"minecraft:sprint_one_cm":942493,"minecraft:walk_one_cm":1163989,"minecraft:damage_blocked_by_shield":148,"minecraft:drop":259,"minecraft:talked_to_villager":207,"minecraft:play_time":395095,"minecraft:deaths":6,"minecraft:sneak_time":4431,"minecraft:walk_under_water_one_cm":37786,"minecraft:jump":5092,"minecraft:walk_on_water_one_cm":35398,"minecraft:total_world_time":395095,"minecraft:interact_with_furnace":13,"minecraft:traded_with_villager":526,"minecraft:sleep_in_bed":35,"minecraft:time_since_rest":30198,"minecraft:damage_taken":3312,"minecraft:damage_dealt":11443,"minecraft:player_kills":1,"minecraft:swim_one_cm":99699,"minecraft:fly_one_cm":1219176,"minecraft:open_chest":214,"minecraft:crouch_one_cm":9007,"minecraft:fall_one_cm":125593},"minecraft:killed":{"minecraft:cod":2,"minecraft:horse":4,"minecraft:skeleton":1,"minecraft:tropical_fish":11,"minecraft:pig":2,"minecraft:rabbit":1,"minecraft:iron_golem":6,"minecraft:sheep":12,"minecraft:zombie":6,"minecraft:villager":5,"minecraft:cow":5}},"DataVersion":3953}