{"stats":{"minecraft:crafted":{"minecraft:oak_planks":20,"minecraft:stone_shovel":1,"minecraft:emerald":2,"minecraft:crafting_table":2,"minecraft:wooden_pickaxe":1,"minecraft:furnace":1,"minecraft:fletching_table":1,"minecraft:bucket":1,"minecraft:stone_axe":1,"minecraft:cooked_mutton":4,"minecraft:bread":21,"minecraft:air":0,"minecraft:stick":20,"minecraft:stone_pickaxe":1,"minecraft:stone_sword":1,"minecraft:white_bed":1,"minecraft:acacia_planks":12,"minecraft:stone_hoe":1,"minecraft:wheat":63},"minecraft:dropped":{"minecraft:gravel":2,"minecraft:bread":8,"minecraft:stick":65,"minecraft:flint":4,"minecraft:potato":2,"minecraft:white_wool":3},"minecraft:broken":{"minecraft:stone_axe":1},"minecraft:picked_up":{"minecraft:birch_log":12,"minecraft:azure_bluet":3,"minecraft:lilac":3,"minecraft:potato":2,"minecraft:flint":5,"minecraft:oak_log":53,"minecraft:brewing_stand":1,"minecraft:yellow_bed":3,"minecraft:dirt":77,"minecraft:bone":2,"minecraft:apple":1,"minecraft:wheat_seeds":6,"minecraft:iron_ingot":3,"minecraft:fletching_table":2,"minecraft:sugar_cane":6,"minecraft:stick":79,"minecraft:acacia_log":3,"minecraft:gravel":16,"minecraft:porkchop":4,"minecraft:blast_furnace":1,"minecraft:white_bed":2,"minecraft:mossy_cobblestone":1,"minecraft:arrow":1,"minecraft:peony":1,"minecraft:hay_block":11,"minecraft:oak_sapling":13,"minecraft:mutton":15,"minecraft:cobblestone":20,"minecraft:white_wool":11},"minecraft:used":{"minecraft:cooked_mutton":4,"minecraft:water_bucket":4,"minecraft:stone_sword":22,"minecraft:stone_shovel":91,"minecraft:stone_pickaxe":12,"minecraft:wooden_pickaxe":15,"minecraft:fletching_table":3,"minecraft:stone_hoe":5,"minecraft:dirt":3,"minecraft:crafting_table":2,"minecraft:white_bed":3,"minecraft:bread":8,"minecraft:gravel":15,"minecraft:stone_axe":111,"minecraft:cobblestone":1,"minecraft:hay_block":4,"minecraft:furnace":1,"minecraft:bucket":5,"minecraft:yellow_bed":3,"minecraft:potato":2},"minecraft:mined":{"minecraft:white_bed":2,"minecraft:mossy_cobblestone":1,"minecraft:brewing_stand":1,"minecraft:short_grass":18,"minecraft:acacia_log":5,"minecraft:blast_furnace":1,"minecraft:grass_block":29,"minecraft:tall_grass":3,"minecraft:cobblestone":21,"minecraft:sugar_cane":3,"minecraft:hay_block":11,"minecraft:birch_log":12,"minecraft:lilac":4,"minecraft:fletching_table":2,"minecraft:peony":4,"minecraft:yellow_bed":3,"minecraft:azure_bluet":2,"minecraft:oak_log":53,"minecraft:dirt_path":19,"minecraft:gravel":15,"minecraft:dirt":33,"minecraft:oak_leaves":12},"minecraft:custom":{"minecraft:interact_with_furnace":2,"minecraft:mob_kills":15,"minecraft:traded_with_villager":2,"minecraft:interact_with_crafting_table":11,"minecraft:leave_game":7,"minecraft:time_since_death":53036,"minecraft:sleep_in_bed":4,"minecraft:time_since_rest":11497,"minecraft:sprint_one_cm":98597,"minecraft:damage_taken":906,"minecraft:walk_one_cm":163880,"minecraft:drop":21,"minecraft:damage_dealt":2558,"minecraft:talked_to_villager":5,"minecraft:fly_one_cm":92803,"minecraft:play_time":55791,"minecraft:deaths":1,"minecraft:sneak_time":8,"minecraft:walk_under_water_one_cm":1321,"minecraft:jump":702,"minecraft:walk_on_water_one_cm":2126,"minecraft:total_world_time":55791,"minecraft:fall_one_cm":18910},"minecraft:killed":{"minecraft:pig":2,"minecraft:iron_golem":1,"minecraft:sheep":11,"minecraft:skeleton":1}},"DataVersion":3953}