{"stats":{"minecraft:custom":{"minecraft:animals_bred":7,"minecraft:interact_with_crafting_table":62,"minecraft:open_barrel":1,"minecraft:leave_game":22,"minecraft:time_since_death":172004,"minecraft:damage_resisted":141,"minecraft:sprint_one_cm":1002437,"minecraft:damage_blocked_by_shield":1895,"minecraft:drop":327,"minecraft:talked_to_villager":152,"minecraft:play_time":530930,"minecraft:deaths":2,"minecraft:jump":5465,"minecraft:walk_on_water_one_cm":156417,"minecraft:interact_with_furnace":48,"minecraft:traded_with_villager":324,"minecraft:sleep_in_bed":38,"minecraft:open_enderchest":2,"minecraft:damage_dealt":35781,"minecraft:player_kills":3,"minecraft:crouch_one_cm":1590,"minecraft:horse_one_cm":2109,"minecraft:mob_kills":175,"minecraft:interact_with_anvil":1,"minecraft:climb_one_cm":5269,"minecraft:walk_one_cm":1693428,"minecraft:sneak_time":3461,"minecraft:walk_under_water_one_cm":69738,"minecraft:boat_one_cm":387163,"minecraft:interact_with_blast_furnace":1,"minecraft:total_world_time":530930,"minecraft:interact_with_grindstone":1,"minecraft:time_since_rest":934,"minecraft:damage_taken":7824,"minecraft:damage_absorbed":232,"minecraft:swim_one_cm":105688,"minecraft:fly_one_cm":1665113,"minecraft:open_chest":273,"minecraft:fall_one_cm":119839},"minecraft:dropped":{"minecraft:iron_sword":5,"minecraft:birch_planks":18,"minecraft:oak_pressure_plate":1,"minecraft:diamond":1,"minecraft:glass_bottle":2,"minecraft:crossbow":2,"minecraft:cobblestone_stairs":32,"minecraft:dirt":66,"minecraft:birch_fence":2,"minecraft:dark_oak_fence":2,"minecraft:pumpkin_pie":24,"minecraft:sand":2,"minecraft:iron_pickaxe":1,"minecraft:dark_oak_boat":1,"minecraft:bone":6,"minecraft:oak_door":6,"minecraft:gravel":17,"minecraft:dark_oak_door":3,"minecraft:emerald_block":192,"minecraft:cooked_chicken":2,"minecraft:chiseled_tuff_bricks":2,"minecraft:rotten_flesh":74,"minecraft:diamond_shovel":2,"minecraft:honey_bottle":1,"minecraft:carrot":6,"minecraft:poppy":4,"minecraft:oak_fence_gate":3,"minecraft:leather_chestplate":1,"minecraft:tipped_arrow":41,"minecraft:gunpowder":1,"minecraft:chest":4,"minecraft:iron_bars":3,"minecraft:arrow":13,"minecraft:water_bucket":1,"minecraft:iron_ingot":129,"minecraft:bread":132,"minecraft:wheat_seeds":29,"minecraft:mossy_cobblestone":74,"minecraft:diamond_leggings":2,"minecraft:poisonous_potato":1,"minecraft:feather":4,"minecraft:oak_fence":16,"minecraft:golden_axe":1,"minecraft:iron_helmet":6,"minecraft:cobblestone":69,"minecraft:copper_ingot":1,"minecraft:spruce_door":3,"minecraft:coal":1,"minecraft:gray_wool":2,"minecraft:torch":2,"minecraft:map":2,"minecraft:fire_charge":2,"minecraft:iron_leggings":36,"minecraft:oak_stairs":35,"minecraft:iron_axe":29,"minecraft:iron_shovel":1,"minecraft:string":3,"minecraft:spruce_sapling":6,"minecraft:dandelion":3,"minecraft:furnace":4,"minecraft:anvil":1,"minecraft:tuff_bricks":6,"minecraft:oak_trapdoor":6,"minecraft:stone_sword":1,"minecraft:cobblestone_wall":5,"minecraft:guster_banner_pattern":1,"minecraft:stone_shovel":1,"minecraft:spruce_fence":35,"minecraft:flint_and_steel":1,"minecraft:filled_map":4,"minecraft:diamond_sword":1,"minecraft:potato":38,"minecraft:cobblestone_slab":2,"minecraft:shield":2,"minecraft:flower_pot":3,"minecraft:trial_key":1,"minecraft:diamond_chestplate":1,"minecraft:spruce_planks":23,"minecraft:iron_chestplate":3,"minecraft:yellow_bed":1,"minecraft:oak_sapling":2,"minecraft:golden_sword":1,"minecraft:spider_eye":2,"minecraft:diamond_boots":2,"minecraft:spruce_log":19,"minecraft:bow":8,"minecraft:stone_pickaxe":12,"minecraft:wooden_pickaxe":2,"minecraft:bell":8,"minecraft:nautilus_shell":2},"minecraft:killed_by":{"minecraft:player":1,"minecraft:ender_dragon":1},"minecraft:picked_up":{"minecraft:iron_chestplate":3,"minecraft:flower_pot":3,"minecraft:anvil":1,"minecraft:smithing_table":2,"minecraft:diamond_sword":2,"minecraft:oak_stairs":35,"minecraft:enchanted_book":2,"minecraft:brewing_stand":2,"minecraft:golden_sword":1,"minecraft:string":23,"minecraft:smooth_stone_slab":15,"minecraft:iron_leggings":13,"minecraft:diamond_leggings":2,"minecraft:smooth_stone":1,"minecraft:bucket":2,"minecraft:spruce_planks":23,"minecraft:trial_key":13,"minecraft:cobblestone_slab":2,"minecraft:iron_pickaxe":1,"minecraft:enchanted_golden_apple":1,"minecraft:furnace":7,"minecraft:dark_oak_door":4,"minecraft:tipped_arrow":66,"minecraft:stick":82,"minecraft:composter":2,"minecraft:oak_fence":16,"minecraft:torch":40,"minecraft:porkchop":5,"minecraft:golden_axe":1,"minecraft:cauldron":4,"minecraft:stone_sword":1,"minecraft:rotten_flesh":102,"minecraft:honey_bottle":5,"minecraft:iron_bars":3,"minecraft:cobblestone":741,"minecraft:nautilus_shell":2,"minecraft:leather_chestplate":1,"minecraft:feather":4,"minecraft:cooked_beef":9,"minecraft:water_bucket":3,"minecraft:dark_oak_boat":1,"minecraft:potato":87,"minecraft:flint":13,"minecraft:map":2,"minecraft:dirt":1102,"minecraft:bone":57,"minecraft:bow":10,"minecraft:wheat_seeds":35,"minecraft:bell":4,"minecraft:guster_banner_pattern":2,"minecraft:diamond_helmet":2,"minecraft:fletching_table":17,"minecraft:oak_planks":97,"minecraft:oak_pressure_plate":1,"minecraft:poisonous_potato":1,"minecraft:sand":43,"minecraft:ink_sac":1,"minecraft:dark_oak_log":18,"minecraft:mossy_cobblestone":74,"minecraft:diamond":14,"minecraft:spruce_boat":1,"minecraft:lever":2,"minecraft:waxed_oxidized_copper_grate":1,"minecraft:breeze_rod":3,"minecraft:crossbow":7,"minecraft:golden_apple":3,"minecraft:bread":89,"minecraft:emerald":126,"minecraft:music_disc_precipice":4,"minecraft:oak_sapling":2,"minecraft:dark_oak_fence":2,"minecraft:ominous_trial_key":3,"minecraft:crafting_table":8,"minecraft:ominous_bottle":3,"minecraft:wooden_pickaxe":1,"minecraft:stone_brick_wall":6,"minecraft:shield":7,"minecraft:wind_charge":23,"minecraft:oak_trapdoor":6,"minecraft:iron_axe":6,"minecraft:flint_and_steel":2,"minecraft:birch_fence":2,"minecraft:cartography_table":1,"minecraft:candle":4,"minecraft:beef":8,"minecraft:oak_boat":3,"minecraft:iron_nugget":11,"minecraft:poppy":4,"minecraft:sugar_cane":19,"minecraft:chest":7,"minecraft:waxed_oxidized_copper":2,"minecraft:dark_oak_sapling":4,"minecraft:end_stone":22,"minecraft:oak_door":7,"minecraft:copper_ingot":3,"minecraft:spruce_fence":12,"minecraft:fire_charge":2,"minecraft:trident":1,"minecraft:carrot":29,"minecraft:arrow":166,"minecraft:diamond_chestplate":3,"minecraft:stone_shovel":2,"minecraft:pumpkin_pie":12,"minecraft:diamond_boots":1,"minecraft:waxed_oxidized_cut_copper_stairs":1,"minecraft:hay_block":40,"minecraft:saddle":1,"minecraft:glistering_melon_slice":12,"minecraft:tuff_bricks":6,"minecraft:mutton":20,"minecraft:white_wool":57,"minecraft:clock":1,"minecraft:golden_carrot":3,"minecraft:leather":10,"minecraft:birch_planks":18,"minecraft:filled_map":3,"minecraft:oak_log":62,"minecraft:waxed_copper_block":2,"minecraft:cobblestone_wall":5,"minecraft:yellow_bed":8,"minecraft:gunpowder":16,"minecraft:cobblestone_stairs":32,"minecraft:cooked_mutton":6,"minecraft:stone_bricks":6,"minecraft:kelp":2,"minecraft:oak_fence_gate":3,"minecraft:iron_ingot":252,"minecraft:stone_pickaxe":4,"minecraft:cooked_chicken":2,"minecraft:glass_bottle":2,"minecraft:book":138,"minecraft:emerald_block":255,"minecraft:pumpkin":7,"minecraft:dandelion":3,"minecraft:gravel":165,"minecraft:spruce_sapling":106,"minecraft:white_bed":29,"minecraft:spruce_log":1203,"minecraft:spruce_door":4,"minecraft:spider_eye":6,"minecraft:diamond_shovel":1,"minecraft:iron_helmet":3,"minecraft:gray_wool":2,"minecraft:oak_button":1,"minecraft:baked_potato":10,"minecraft:black_wool":1,"minecraft:chiseled_tuff_bricks":6,"minecraft:coal":8,"minecraft:ender_pearl":4},"minecraft:used":{"minecraft:chest":11,"minecraft:shield":58,"minecraft:iron_sword":132,"minecraft:bell":3,"minecraft:carrot":12,"minecraft:spruce_boat":1,"minecraft:waxed_oxidized_copper":2,"minecraft:waxed_oxidized_copper_grate":1,"minecraft:lava_bucket":15,"minecraft:stone_bricks":78,"minecraft:bow":85,"minecraft:dark_oak_boat":1,"minecraft:hay_block":1,"minecraft:ominous_bottle":2,"minecraft:furnace":5,"minecraft:potato":43,"minecraft:spruce_door":4,"minecraft:stone_pickaxe":432,"minecraft:ender_pearl":1,"minecraft:wooden_pickaxe":37,"minecraft:composter":2,"minecraft:diamond_axe":332,"minecraft:golden_apple":2,"minecraft:sand":15,"minecraft:blast_furnace":1,"minecraft:crossbow":12,"minecraft:stone_brick_wall":6,"minecraft:end_stone":1,"minecraft:lever":8,"minecraft:bread":111,"minecraft:chiseled_tuff_bricks":2,"minecraft:diamond_sword":188,"minecraft:smithing_table":3,"minecraft:waxed_oxidized_cut_copper_stairs":1,"minecraft:oak_boat":4,"minecraft:bone_meal":12,"minecraft:flint_and_steel":166,"minecraft:stone_shovel":90,"minecraft:spruce_planks":1,"minecraft:stone_hoe":60,"minecraft:trial_key":10,"minecraft:oak_door":1,"minecraft:torch":71,"minecraft:brewing_stand":1,"minecraft:dirt":564,"minecraft:anvil":1,"minecraft:spruce_fence":141,"minecraft:dark_oak_planks":1,"minecraft:iron_axe":1502,"minecraft:cooked_beef":10,"minecraft:enchanted_golden_apple":1,"minecraft:iron_leggings":1,"minecraft:wheat_seeds":4,"minecraft:cooked_mutton":12,"minecraft:water_bucket":120,"minecraft:baked_potato":3,"minecraft:fletching_table":22,"minecraft:waxed_copper_block":2,"minecraft:crafting_table":14,"minecraft:white_bed":25,"minecraft:spruce_log":6,"minecraft:dark_oak_door":4,"minecraft:oak_log":4,"minecraft:piston":7,"minecraft:diamond_pickaxe":88,"minecraft:ominous_trial_key":3,"minecraft:diamond_shovel":1252,"minecraft:oak_button":1,"minecraft:iron_pickaxe":16,"minecraft:spruce_sapling":87,"minecraft:stone_axe":175,"minecraft:cobblestone":65,"minecraft:cooked_porkchop":3,"minecraft:bucket":138,"minecraft:yellow_bed":6,"minecraft:candle":4},"minecraft:crafted":{"minecraft:smooth_stone":3,"minecraft:oak_planks":232,"minecraft:dark_oak_boat":1,"minecraft:stone":261,"minecraft:lever":15,"minecraft:diamond_shovel":8,"minecraft:cooked_mutton":6,"minecraft:dark_oak_door":3,"minecraft:diamond_helmet":3,"minecraft:diamond_leggings":4,"minecraft:bow":4,"minecraft:chest":8,"minecraft:stone_hoe":1,"minecraft:stone_bricks":256,"minecraft:emerald":1532,"minecraft:cooked_porkchop":5,"minecraft:diamond_axe":1,"minecraft:crafting_table":7,"minecraft:spruce_planks":2096,"minecraft:wooden_pickaxe":1,"minecraft:iron_helmet":2,"minecraft:spruce_door":3,"minecraft:smithing_table":1,"minecraft:fletching_table":5,"minecraft:diamond_pickaxe":1,"minecraft:charcoal":192,"minecraft:emerald_block":50,"minecraft:stick":3872,"minecraft:iron_ingot":1,"minecraft:iron_pickaxe":1,"minecraft:shears":1,"minecraft:redstone":24,"minecraft:stone_shovel":1,"minecraft:stone_brick_wall":6,"minecraft:furnace":4,"minecraft:blast_furnace":1,"minecraft:piston":16,"minecraft:bone_meal":12,"minecraft:spruce_fence":228,"minecraft:flint_and_steel":3,"minecraft:iron_axe":33,"minecraft:stone_pickaxe":12,"minecraft:diamond_boots":4,"minecraft:spruce_boat":1,"minecraft:dark_oak_planks":72,"minecraft:wheat":351,"minecraft:cooked_beef":8,"minecraft:diamond_sword":2,"minecraft:iron_sword":6,"minecraft:bell":7,"minecraft:bucket":3,"minecraft:stone_axe":2,"minecraft:air":0,"minecraft:bread":254,"minecraft:oak_boat":1,"minecraft:flint":140,"minecraft:iron_shovel":1,"minecraft:iron_leggings":24,"minecraft:white_bed":5,"minecraft:pumpkin_pie":12,"minecraft:torch":96,"minecraft:lapis_lazuli":12,"minecraft:diamond_chestplate":2},"minecraft:broken":{"minecraft:diamond_helmet":1,"minecraft:stone_pickaxe":2,"minecraft:diamond_boots":1,"minecraft:stone_axe":1,"minecraft:iron_sword":1,"minecraft:flint_and_steel":3,"minecraft:iron_axe":7},"minecraft:killed":{"minecraft:zombified_piglin":1,"minecraft:spider":11,"minecraft:skeleton":27,"minecraft:silverfish":13,"minecraft:pig":2,"minecraft:iron_golem":9,"minecraft:ender_dragon":1,"minecraft:creeper":1,"minecraft:sheep":12,"minecraft:zombie":65,"minecraft:cow":4,"minecraft:armadillo":1,"minecraft:drowned":11,"minecraft:breeze":4,"minecraft:wither_skeleton":1,"minecraft:enderman":2},"minecraft:mined":{"minecraft:white_bed":30,"minecraft:spruce_planks":1,"minecraft:cobblestone_stairs":7,"minecraft:brewing_stand":2,"minecraft:stone_brick_wall":6,"minecraft:grass_block":526,"minecraft:chiseled_tuff_bricks":2,"minecraft:composter":2,"minecraft:tuff_bricks":13,"minecraft:spawner":1,"minecraft:smooth_stone":1,"minecraft:tall_seagrass":5,"minecraft:fire":6,"minecraft:polished_tuff":2,"minecraft:pumpkin":7,"minecraft:fletching_table":17,"minecraft:water_cauldron":4,"minecraft:dirt_path":351,"minecraft:iron_bars":2,"minecraft:oak_stairs":46,"minecraft:azalea_leaves":1,"minecraft:kelp_plant":1,"minecraft:torch":3,"minecraft:poppy":1,"minecraft:chest":6,"minecraft:cobblestone":319,"minecraft:sugar_cane":8,"minecraft:oak_planks":34,"minecraft:wall_torch":1,"minecraft:seagrass":7,"minecraft:dark_oak_door":4,"minecraft:light_gray_stained_glass":9,"minecraft:waxed_oxidized_cut_copper_stairs":1,"minecraft:wheat":11,"minecraft:waxed_copper_block":4,"minecraft:smooth_stone_slab":15,"minecraft:oak_log":52,"minecraft:oak_fence_gate":3,"minecraft:waxed_oxidized_copper":5,"minecraft:sand":53,"minecraft:dirt":224,"minecraft:red_mushroom_block":2,"minecraft:oak_leaves":3,"minecraft:mossy_cobblestone":34,"minecraft:dark_oak_leaves":18,"minecraft:oak_door":2,"minecraft:dark_oak_log":18,"minecraft:end_stone":24,"minecraft:lever":2,"minecraft:spruce_fence":12,"minecraft:spruce_leaves":244,"minecraft:cartography_table":1,"minecraft:sandstone":20,"minecraft:hay_block":38,"minecraft:spruce_sapling":3,"minecraft:furnace":4,"minecraft:carrots":14,"minecraft:bell":3,"minecraft:bookshelf":46,"minecraft:potatoes":35,"minecraft:stone":74,"minecraft:smithing_table":2,"minecraft:podzol":17,"minecraft:glass_pane":19,"minecraft:spruce_door":3,"minecraft:oak_fence":16,"minecraft:crafting_table":9,"minecraft:short_grass":77,"minecraft:tall_grass":3,"minecraft:cobblestone_wall":3,"minecraft:waxed_oxidized_copper_grate":2,"minecraft:spruce_log":1143,"minecraft:birch_leaves":1,"minecraft:yellow_bed":7,"minecraft:coal_ore":7,"minecraft:gravel":179,"minecraft:oak_button":1,"minecraft:stone_bricks":7}},"DataVersion":3955}