{"stats":{"minecraft:crafted":{"minecraft:oak_planks":8,"minecraft:crafting_table":2,"minecraft:acacia_planks":116},"minecraft:picked_up":{"minecraft:acacia_log":51,"minecraft:oak_log":2,"minecraft:shield":2,"minecraft:dirt":33,"minecraft:iron_leggings":2,"minecraft:diamond_chestplate":2,"minecraft:light_gray_bed":4,"minecraft:rotten_flesh":2,"minecraft:wheat_seeds":6,"minecraft:iron_helmet":2,"minecraft:bread":1,"minecraft:acacia_sapling":4,"minecraft:white_wool":9,"minecraft:iron_boots":2},"minecraft:used":{"minecraft:iron_boots":1,"minecraft:rotten_flesh":2,"minecraft:dirt":24,"minecraft:light_gray_bed":3},"minecraft:mined":{"minecraft:acacia_leaves":6,"minecraft:short_grass":15,"minecraft:acacia_log":30,"minecraft:grass_block":17,"minecraft:oak_log":2,"minecraft:light_gray_bed":2,"minecraft:dirt":13,"minecraft:oak_leaves":1},"minecraft:custom":{"minecraft:time_since_rest":8785,"minecraft:sprint_one_cm":16730,"minecraft:damage_taken":1333,"minecraft:walk_one_cm":35737,"minecraft:mob_kills":2,"minecraft:damage_dealt":645,"minecraft:fly_one_cm":9076,"minecraft:crouch_one_cm":94,"minecraft:play_time":84063,"minecraft:deaths":5,"minecraft:sneak_time":319,"minecraft:walk_under_water_one_cm":987,"minecraft:jump":132,"minecraft:leave_game":3,"minecraft:time_since_death":8734,"minecraft:walk_on_water_one_cm":897,"minecraft:sleep_in_bed":4,"minecraft:total_world_time":84063,"minecraft:fall_one_cm":3006},"minecraft:killed_by":{"minecraft:player":2,"minecraft:zombie":3},"minecraft:killed":{"minecraft:zombie":2}},"DataVersion":3953}