{"stats":{"minecraft:crafted":{"minecraft:oak_planks":28,"minecraft:cooked_porkchop":2,"minecraft:crafting_table":3,"minecraft:iron_helmet":1,"minecraft:wooden_pickaxe":1,"minecraft:cooked_chicken":1,"minecraft:iron_sword":1,"minecraft:furnace":1,"minecraft:stone_axe":1,"minecraft:jungle_planks":76,"minecraft:air":0,"minecraft:iron_boots":1,"minecraft:iron_chestplate":1,"minecraft:stick":16,"minecraft:iron_pickaxe":2,"minecraft:stone_pickaxe":1,"minecraft:iron_leggings":1,"minecraft:acacia_planks":124},"minecraft:dropped":{"minecraft:gravel":1,"minecraft:moss_carpet":4,"minecraft:rotten_flesh":4,"minecraft:light_gray_wool":1,"minecraft:mutton":6,"minecraft:brown_wool":1,"minecraft:azalea":2,"minecraft:wooden_pickaxe":1,"minecraft:egg":1,"minecraft:black_wool":1,"minecraft:acacia_planks":40},"minecraft:picked_up":{"minecraft:crafting_table":5,"minecraft:feather":11,"minecraft:chicken":13,"minecraft:jungle_log":19,"minecraft:leather":6,"minecraft:brown_wool":3,"minecraft:wooden_pickaxe":1,"minecraft:oak_log":7,"minecraft:shield":3,"minecraft:dirt":74,"minecraft:moss_carpet":8,"minecraft:iron_leggings":3,"minecraft:bone":6,"minecraft:acacia_planks":194,"minecraft:wheat_seeds":23,"minecraft:beef":7,"minecraft:iron_ingot":31,"minecraft:azalea":4,"minecraft:iron_pickaxe":2,"minecraft:light_gray_wool":2,"minecraft:melon_slice":255,"minecraft:iron_sword":1,"minecraft:acacia_sapling":6,"minecraft:egg":2,"minecraft:iron_boots":3,"minecraft:furnace":1,"minecraft:stick":5,"minecraft:raw_iron":2,"minecraft:acacia_log":53,"minecraft:gravel":2,"minecraft:porkchop":23,"minecraft:rotten_flesh":8,"minecraft:arrow":6,"minecraft:light_gray_bed":6,"minecraft:diamond_chestplate":3,"minecraft:tropical_fish":1,"minecraft:stone_axe":1,"minecraft:iron_helmet":3,"minecraft:bread":1,"minecraft:coal":13,"minecraft:oak_sapling":1,"minecraft:black_wool":2,"minecraft:glow_berries":8,"minecraft:mutton":15,"minecraft:white_wool":21,"minecraft:cobblestone":56},"minecraft:used":{"minecraft:wooden_pickaxe":37,"minecraft:shield":33,"minecraft:iron_sword":120,"minecraft:cooked_chicken":1,"minecraft:rotten_flesh":2,"minecraft:iron_chestplate":1,"minecraft:glow_berries":8,"minecraft:dirt":41,"minecraft:crafting_table":4,"minecraft:melon_slice":29,"minecraft:brown_wool":1,"minecraft:iron_pickaxe":22,"minecraft:iron_helmet":1,"minecraft:iron_boots":2,"minecraft:stone_axe":120,"minecraft:cooked_porkchop":1,"minecraft:furnace":1,"minecraft:light_gray_bed":5,"minecraft:acacia_planks":21,"minecraft:iron_leggings":2},"minecraft:mined":{"minecraft:acacia_leaves":6,"minecraft:crafting_table":3,"minecraft:cave_vines_plant":9,"minecraft:short_grass":89,"minecraft:acacia_log":32,"minecraft:grass_block":33,"minecraft:melon":42,"minecraft:brown_wool":1,"minecraft:jungle_log":19,"minecraft:light_gray_bed":4,"minecraft:tall_grass":4,"minecraft:big_dripleaf":1,"minecraft:furnace":1,"minecraft:iron_ore":1,"minecraft:moss_carpet":1,"minecraft:coal_ore":13,"minecraft:vine":6,"minecraft:oak_log":7,"minecraft:cave_vines":16,"minecraft:dirt":19,"minecraft:acacia_planks":2,"minecraft:azalea":2,"minecraft:stone":33,"minecraft:oak_leaves":2,"minecraft:fern":23},"minecraft:custom":{"minecraft:interact_with_furnace":8,"minecraft:mob_kills":49,"minecraft:interact_with_crafting_table":10,"minecraft:leave_game":3,"minecraft:time_since_death":10332,"minecraft:sleep_in_bed":5,"minecraft:climb_one_cm":4246,"minecraft:time_since_rest":10358,"minecraft:sprint_one_cm":241764,"minecraft:damage_taken":2825,"minecraft:walk_one_cm":227040,"minecraft:damage_blocked_by_shield":976,"minecraft:drop":12,"minecraft:damage_dealt":5220,"minecraft:swim_one_cm":5039,"minecraft:fly_one_cm":92974,"minecraft:open_chest":6,"minecraft:crouch_one_cm":593,"minecraft:play_time":144063,"minecraft:deaths":9,"minecraft:sneak_time":481,"minecraft:walk_under_water_one_cm":19924,"minecraft:jump":1100,"minecraft:walk_on_water_one_cm":13335,"minecraft:total_world_time":144063,"minecraft:fall_one_cm":15767},"minecraft:killed_by":{"minecraft:player":2,"minecraft:skeleton":2,"minecraft:zombie":4},"minecraft:killed":{"minecraft:pig":8,"minecraft:spider":1,"minecraft:sheep":11,"minecraft:skeleton":4,"minecraft:zombie":5,"minecraft:chicken":13,"minecraft:skeleton_horse":1,"minecraft:cow":4,"minecraft:enderman":1}},"DataVersion":3953}