{"stats":{"minecraft:picked_up":{"minecraft:iron_leggings":1,"minecraft:light_gray_bed":1,"minecraft:diamond_chestplate":1,"minecraft:wheat_seeds":4,"minecraft:iron_helmet":1,"minecraft:bread":1,"minecraft:shield":1,"minecraft:white_wool":6,"minecraft:dirt":18,"minecraft:iron_boots":1},"minecraft:used":{"minecraft:dirt":5,"minecraft:light_gray_bed":1},"minecraft:mined":{"minecraft:short_grass":5,"minecraft:grass_block":10,"minecraft:dirt":6},"minecraft:custom":{"minecraft:time_since_rest":14089,"minecraft:crouch_one_cm":13,"minecraft:play_time":39193,"minecraft:sprint_one_cm":2610,"minecraft:damage_taken":1038,"minecraft:walk_one_cm":18300,"minecraft:deaths":4,"minecraft:sneak_time":300,"minecraft:mob_kills":1,"minecraft:jump":68,"minecraft:damage_dealt":434,"minecraft:leave_game":2,"minecraft:walk_on_water_one_cm":166,"minecraft:time_since_death":14065,"minecraft:sleep_in_bed":1,"minecraft:total_world_time":39193,"minecraft:fall_one_cm":2339,"minecraft:fly_one_cm":5420},"minecraft:killed_by":{"minecraft:zombie":2,"minecraft:player":2},"minecraft:killed":{"minecraft:zombie":1}},"DataVersion":3953}