{"stats":{"minecraft:picked_up":{"minecraft:rotten_flesh":2,"minecraft:iron_leggings":1,"minecraft:light_gray_bed":3,"minecraft:diamond_chestplate":1,"minecraft:acacia_log":21,"minecraft:wheat_seeds":4,"minecraft:iron_helmet":1,"minecraft:bread":1,"minecraft:shield":1,"minecraft:acacia_sapling":2,"minecraft:white_wool":6,"minecraft:dirt":29,"minecraft:iron_boots":1},"minecraft:used":{"minecraft:rotten_flesh":2,"minecraft:dirt":7,"minecraft:light_gray_bed":2},"minecraft:mined":{"minecraft:short_grass":13,"minecraft:acacia_log":21,"minecraft:grass_block":15,"minecraft:acacia_leaves":6,"minecraft:light_gray_bed":2,"minecraft:dirt":12},"minecraft:custom":{"minecraft:time_since_rest":11285,"minecraft:crouch_one_cm":94,"minecraft:sprint_one_cm":5831,"minecraft:play_time":72063,"minecraft:damage_taken":1163,"minecraft:walk_one_cm":30354,"minecraft:deaths":4,"minecraft:sneak_time":319,"minecraft:mob_kills":2,"minecraft:jump":95,"minecraft:damage_dealt":523,"minecraft:leave_game":3,"minecraft:walk_on_water_one_cm":166,"minecraft:time_since_death":46935,"minecraft:sleep_in_bed":3,"minecraft:total_world_time":72063,"minecraft:fall_one_cm":2548,"minecraft:fly_one_cm":6014},"minecraft:killed_by":{"minecraft:zombie":2,"minecraft:player":2},"minecraft:killed":{"minecraft:zombie":2}},"DataVersion":3953}