{"stats":{"minecraft:crafted":{"minecraft:oak_planks":100,"minecraft:cooked_chicken":1,"minecraft:furnace":1,"minecraft:iron_boots":1,"minecraft:iron_axe":2,"minecraft:stone_pickaxe":1,"minecraft:cooked_porkchop":2,"minecraft:crafting_table":4,"minecraft:wooden_pickaxe":1,"minecraft:iron_helmet":1,"minecraft:iron_sword":1,"minecraft:stone_axe":1,"minecraft:bread":7,"minecraft:air":0,"minecraft:jungle_planks":160,"minecraft:iron_chestplate":1,"minecraft:shield":1,"minecraft:stick":76,"minecraft:iron_pickaxe":4,"minecraft:iron_leggings":1,"minecraft:acacia_planks":124,"minecraft:torch":100},"minecraft:dropped":{"minecraft:diamond":4,"minecraft:leather":2,"minecraft:tropical_fish":1,"minecraft:coal":108,"minecraft:diorite":5,"minecraft:mutton":6,"minecraft:brown_wool":1,"minecraft:iron_axe":1,"minecraft:acacia_planks":40,"minecraft:dandelion":1,"minecraft:gravel":1,"minecraft:moss_carpet":4,"minecraft:raw_copper":1,"minecraft:wheat":2,"minecraft:raw_iron":28,"minecraft:rotten_flesh":11,"minecraft:light_gray_wool":1,"minecraft:big_dripleaf":1,"minecraft:poppy":1,"minecraft:oak_sapling":1,"minecraft:azalea":2,"minecraft:arrow":2,"minecraft:wooden_pickaxe":1,"minecraft:raw_gold":10,"minecraft:black_wool":1,"minecraft:egg":1},"minecraft:broken":{"minecraft:iron_pickaxe":1},"minecraft:picked_up":{"minecraft:crafting_table":11,"minecraft:iron_chestplate":1,"minecraft:allium":2,"minecraft:wheat":23,"minecraft:chicken":17,"minecraft:wooden_pickaxe":1,"minecraft:shield":4,"minecraft:string":4,"minecraft:moss_carpet":8,"minecraft:raw_copper":1,"minecraft:iron_axe":1,"minecraft:iron_leggings":4,"minecraft:cobbled_deepslate":32,"minecraft:beef":16,"minecraft:azalea":4,"minecraft:poppy":2,"minecraft:iron_pickaxe":3,"minecraft:light_gray_wool":2,"minecraft:melon_slice":330,"minecraft:furnace":1,"minecraft:iron_boots":4,"minecraft:egg":2,"minecraft:stick":6,"minecraft:raw_iron":37,"minecraft:big_dripleaf":1,"minecraft:torch":15,"minecraft:acacia_log":53,"minecraft:porkchop":38,"minecraft:diorite":16,"minecraft:redstone":21,"minecraft:diamond_chestplate":3,"minecraft:light_gray_bed":8,"minecraft:arrow":9,"minecraft:rotten_flesh":18,"minecraft:tropical_fish":2,"minecraft:glow_berries":8,"minecraft:mutton":27,"minecraft:white_wool":28,"minecraft:cobblestone":159,"minecraft:birch_log":7,"minecraft:feather":13,"minecraft:jungle_log":40,"minecraft:andesite":6,"minecraft:brown_wool":3,"minecraft:leather":10,"minecraft:tuff":13,"minecraft:oak_log":51,"minecraft:dirt":136,"minecraft:bone":9,"minecraft:acacia_planks":196,"minecraft:wheat_seeds":90,"minecraft:raw_gold":10,"minecraft:iron_ingot":64,"minecraft:iron_sword":1,"minecraft:oak_planks":63,"minecraft:acacia_sapling":6,"minecraft:dandelion":2,"minecraft:gravel":2,"minecraft:jungle_planks":48,"minecraft:spider_eye":1,"minecraft:diamond":4,"minecraft:stone_axe":1,"minecraft:iron_helmet":4,"minecraft:gray_wool":1,"minecraft:bread":1,"minecraft:oak_sapling":4,"minecraft:black_wool":2,"minecraft:coal":275},"minecraft:used":{"minecraft:shield":71,"minecraft:iron_sword":120,"minecraft:rotten_flesh":2,"minecraft:cooked_chicken":1,"minecraft:iron_chestplate":1,"minecraft:torch":59,"minecraft:dirt":68,"minecraft:iron_axe":245,"minecraft:iron_helmet":1,"minecraft:iron_boots":2,"minecraft:furnace":1,"minecraft:cobbled_deepslate":11,"minecraft:acacia_planks":21,"minecraft:light_gray_bed":7,"minecraft:iron_leggings":2,"minecraft:wheat_seeds":25,"minecraft:oak_planks":21,"minecraft:wooden_pickaxe":37,"minecraft:glow_berries":8,"minecraft:crafting_table":9,"minecraft:bread":6,"minecraft:melon_slice":64,"minecraft:brown_wool":1,"minecraft:iron_pickaxe":353,"minecraft:stone_axe":120,"minecraft:cobblestone":14,"minecraft:cooked_porkchop":1},"minecraft:mined":{"minecraft:tuff":13,"minecraft:deepslate_diamond_ore":4,"minecraft:jungle_leaves":3,"minecraft:cave_vines_plant":9,"minecraft:acacia_log":32,"minecraft:grass_block":46,"minecraft:brown_wool":1,"minecraft:jungle_log":37,"minecraft:light_gray_bed":5,"minecraft:furnace":1,"minecraft:iron_ore":8,"minecraft:cobbled_deepslate":1,"minecraft:andesite":3,"minecraft:moss_carpet":1,"minecraft:big_dripleaf_stem":1,"minecraft:cave_vines":16,"minecraft:deepslate_iron_ore":21,"minecraft:vine":13,"minecraft:azalea":2,"minecraft:stone":96,"minecraft:deepslate_redstone_ore":5,"minecraft:acacia_leaves":6,"minecraft:melon_stem":1,"minecraft:crafting_table":8,"minecraft:torch":2,"minecraft:short_grass":106,"minecraft:melon":43,"minecraft:tall_grass":4,"minecraft:deepslate_gold_ore":10,"minecraft:oak_planks":1,"minecraft:wall_torch":1,"minecraft:diorite":11,"minecraft:big_dripleaf":1,"minecraft:seagrass":1,"minecraft:birch_log":7,"minecraft:wheat":23,"minecraft:birch_leaves":1,"minecraft:oak_log":51,"minecraft:coal_ore":149,"minecraft:dirt":57,"minecraft:acacia_planks":3,"minecraft:oak_leaves":10,"minecraft:deepslate":33,"minecraft:fern":23},"minecraft:custom":{"minecraft:mob_kills":92,"minecraft:interact_with_crafting_table":26,"minecraft:leave_game":4,"minecraft:time_since_death":57667,"minecraft:climb_one_cm":7167,"minecraft:sprint_one_cm":405300,"minecraft:walk_one_cm":415681,"minecraft:damage_blocked_by_shield":2563,"minecraft:drop":32,"minecraft:play_time":219540,"minecraft:sneak_time":752,"minecraft:deaths":10,"minecraft:walk_under_water_one_cm":32657,"minecraft:jump":2179,"minecraft:walk_on_water_one_cm":28269,"minecraft:total_world_time":219540,"minecraft:interact_with_furnace":8,"minecraft:sleep_in_bed":9,"minecraft:time_since_rest":75,"minecraft:damage_taken":3935,"minecraft:damage_dealt":10523,"minecraft:swim_one_cm":12615,"minecraft:fly_one_cm":170270,"minecraft:open_chest":7,"minecraft:crouch_one_cm":1413,"minecraft:fall_one_cm":38590,"minecraft:horse_one_cm":301},"minecraft:killed_by":{"minecraft:player":2,"minecraft:skeleton":2,"minecraft:zombie":4},"minecraft:killed":{"minecraft:spider":5,"minecraft:skeleton":6,"minecraft:chicken":17,"minecraft:skeleton_horse":1,"minecraft:pig":14,"minecraft:sheep":19,"minecraft:zombie":18,"minecraft:enderman":1,"minecraft:cow":8}},"DataVersion":3953}