{"stats":{"minecraft:crafted":{"minecraft:oak_planks":100,"minecraft:cooked_porkchop":2,"minecraft:crafting_table":4,"minecraft:iron_helmet":1,"minecraft:wooden_pickaxe":1,"minecraft:cooked_chicken":1,"minecraft:iron_sword":1,"minecraft:furnace":1,"minecraft:stone_axe":1,"minecraft:jungle_planks":120,"minecraft:air":0,"minecraft:iron_boots":1,"minecraft:iron_chestplate":1,"minecraft:shield":1,"minecraft:iron_axe":1,"minecraft:stick":24,"minecraft:iron_pickaxe":3,"minecraft:stone_pickaxe":1,"minecraft:iron_leggings":1,"minecraft:acacia_planks":124,"minecraft:torch":20},"minecraft:dropped":{"minecraft:gravel":1,"minecraft:moss_carpet":4,"minecraft:rotten_flesh":4,"minecraft:light_gray_wool":1,"minecraft:mutton":6,"minecraft:brown_wool":1,"minecraft:azalea":2,"minecraft:wooden_pickaxe":1,"minecraft:egg":1,"minecraft:black_wool":1,"minecraft:acacia_planks":40},"minecraft:picked_up":{"minecraft:crafting_table":8,"minecraft:feather":11,"minecraft:chicken":13,"minecraft:jungle_log":30,"minecraft:leather":6,"minecraft:brown_wool":3,"minecraft:wooden_pickaxe":1,"minecraft:oak_log":25,"minecraft:shield":3,"minecraft:dirt":90,"minecraft:moss_carpet":8,"minecraft:iron_leggings":3,"minecraft:bone":6,"minecraft:acacia_planks":194,"minecraft:wheat_seeds":23,"minecraft:beef":7,"minecraft:iron_ingot":31,"minecraft:azalea":4,"minecraft:poppy":1,"minecraft:iron_pickaxe":2,"minecraft:light_gray_wool":2,"minecraft:melon_slice":255,"minecraft:iron_sword":1,"minecraft:acacia_sapling":6,"minecraft:egg":2,"minecraft:iron_boots":3,"minecraft:furnace":1,"minecraft:stick":6,"minecraft:raw_iron":4,"minecraft:dandelion":1,"minecraft:acacia_log":53,"minecraft:gravel":2,"minecraft:porkchop":23,"minecraft:rotten_flesh":9,"minecraft:arrow":6,"minecraft:light_gray_bed":6,"minecraft:diamond_chestplate":3,"minecraft:tropical_fish":1,"minecraft:stone_axe":1,"minecraft:iron_helmet":3,"minecraft:bread":1,"minecraft:coal":71,"minecraft:oak_sapling":2,"minecraft:black_wool":2,"minecraft:glow_berries":8,"minecraft:mutton":15,"minecraft:white_wool":21,"minecraft:cobblestone":102},"minecraft:used":{"minecraft:wooden_pickaxe":37,"minecraft:shield":37,"minecraft:iron_sword":120,"minecraft:torch":3,"minecraft:cooked_chicken":1,"minecraft:rotten_flesh":2,"minecraft:iron_chestplate":1,"minecraft:glow_berries":8,"minecraft:dirt":56,"minecraft:crafting_table":7,"minecraft:iron_axe":37,"minecraft:melon_slice":29,"minecraft:brown_wool":1,"minecraft:iron_pickaxe":150,"minecraft:iron_helmet":1,"minecraft:iron_boots":2,"minecraft:stone_axe":120,"minecraft:cobblestone":4,"minecraft:cooked_porkchop":1,"minecraft:furnace":1,"minecraft:light_gray_bed":5,"minecraft:acacia_planks":21,"minecraft:iron_leggings":2},"minecraft:mined":{"minecraft:acacia_leaves":6,"minecraft:jungle_leaves":3,"minecraft:crafting_table":6,"minecraft:cave_vines_plant":9,"minecraft:short_grass":89,"minecraft:acacia_log":32,"minecraft:grass_block":44,"minecraft:melon":42,"minecraft:brown_wool":1,"minecraft:jungle_log":30,"minecraft:light_gray_bed":4,"minecraft:tall_grass":4,"minecraft:big_dripleaf":1,"minecraft:furnace":1,"minecraft:iron_ore":3,"minecraft:moss_carpet":1,"minecraft:coal_ore":75,"minecraft:vine":9,"minecraft:oak_log":25,"minecraft:cave_vines":16,"minecraft:dirt":25,"minecraft:acacia_planks":2,"minecraft:azalea":2,"minecraft:stone":81,"minecraft:oak_leaves":6,"minecraft:fern":23},"minecraft:custom":{"minecraft:interact_with_furnace":8,"minecraft:mob_kills":50,"minecraft:interact_with_crafting_table":19,"minecraft:leave_game":3,"minecraft:time_since_death":22332,"minecraft:sleep_in_bed":5,"minecraft:climb_one_cm":4712,"minecraft:time_since_rest":22358,"minecraft:sprint_one_cm":258380,"minecraft:damage_taken":2846,"minecraft:walk_one_cm":257025,"minecraft:damage_blocked_by_shield":1159,"minecraft:drop":12,"minecraft:damage_dealt":5420,"minecraft:swim_one_cm":5039,"minecraft:fly_one_cm":97412,"minecraft:open_chest":6,"minecraft:crouch_one_cm":593,"minecraft:play_time":156063,"minecraft:deaths":9,"minecraft:sneak_time":481,"minecraft:walk_under_water_one_cm":19924,"minecraft:jump":1258,"minecraft:walk_on_water_one_cm":13712,"minecraft:total_world_time":156063,"minecraft:fall_one_cm":17536},"minecraft:killed_by":{"minecraft:player":2,"minecraft:skeleton":2,"minecraft:zombie":4},"minecraft:killed":{"minecraft:pig":8,"minecraft:spider":1,"minecraft:sheep":11,"minecraft:skeleton":4,"minecraft:zombie":6,"minecraft:chicken":13,"minecraft:skeleton_horse":1,"minecraft:cow":4,"minecraft:enderman":1}},"DataVersion":3953}