{"stats":{"minecraft:crafted":{"minecraft:oak_planks":8,"minecraft:crafting_table":3,"minecraft:wooden_pickaxe":1,"minecraft:iron_sword":1,"minecraft:stone_axe":1,"minecraft:stick":16,"minecraft:iron_pickaxe":2,"minecraft:stone_pickaxe":1,"minecraft:acacia_planks":120},"minecraft:dropped":{"minecraft:mutton":6,"minecraft:acacia_planks":40},"minecraft:picked_up":{"minecraft:crafting_table":4,"minecraft:brown_wool":2,"minecraft:wooden_pickaxe":1,"minecraft:oak_log":2,"minecraft:shield":3,"minecraft:dirt":55,"minecraft:moss_carpet":8,"minecraft:iron_leggings":3,"minecraft:bone":2,"minecraft:acacia_planks":192,"minecraft:wheat_seeds":15,"minecraft:iron_ingot":31,"minecraft:azalea":4,"minecraft:iron_pickaxe":1,"minecraft:iron_sword":1,"minecraft:acacia_sapling":6,"minecraft:iron_boots":3,"minecraft:stick":5,"minecraft:raw_iron":2,"minecraft:acacia_log":52,"minecraft:gravel":2,"minecraft:rotten_flesh":6,"minecraft:arrow":4,"minecraft:light_gray_bed":4,"minecraft:diamond_chestplate":3,"minecraft:iron_helmet":3,"minecraft:bread":1,"minecraft:black_wool":2,"minecraft:glow_berries":8,"minecraft:mutton":6,"minecraft:white_wool":16,"minecraft:cobblestone":52},"minecraft:used":{"minecraft:wooden_pickaxe":37,"minecraft:shield":20,"minecraft:iron_sword":59,"minecraft:rotten_flesh":2,"minecraft:glow_berries":8,"minecraft:dirt":41,"minecraft:crafting_table":3,"minecraft:iron_pickaxe":3,"minecraft:iron_boots":1,"minecraft:stone_axe":8,"minecraft:light_gray_bed":4,"minecraft:acacia_planks":1},"minecraft:mined":{"minecraft:acacia_leaves":6,"minecraft:crafting_table":2,"minecraft:cave_vines_plant":9,"minecraft:short_grass":32,"minecraft:acacia_log":32,"minecraft:grass_block":30,"minecraft:light_gray_bed":2,"minecraft:tall_grass":4,"minecraft:big_dripleaf":1,"minecraft:iron_ore":1,"minecraft:moss_carpet":1,"minecraft:vine":1,"minecraft:oak_log":2,"minecraft:cave_vines":16,"minecraft:dirt":19,"minecraft:azalea":2,"minecraft:stone":29,"minecraft:oak_leaves":1,"minecraft:fern":3},"minecraft:custom":{"minecraft:mob_kills":10,"minecraft:interact_with_crafting_table":7,"minecraft:leave_game":3,"minecraft:time_since_death":288,"minecraft:sleep_in_bed":5,"minecraft:climb_one_cm":686,"minecraft:time_since_rest":315,"minecraft:sprint_one_cm":52562,"minecraft:damage_taken":1616,"minecraft:walk_one_cm":88356,"minecraft:damage_blocked_by_shield":560,"minecraft:drop":2,"minecraft:damage_dealt":2125,"minecraft:swim_one_cm":2540,"minecraft:fly_one_cm":23148,"minecraft:open_chest":5,"minecraft:crouch_one_cm":266,"minecraft:play_time":108063,"minecraft:deaths":6,"minecraft:sneak_time":410,"minecraft:walk_under_water_one_cm":7979,"minecraft:jump":332,"minecraft:walk_on_water_one_cm":7212,"minecraft:total_world_time":108063,"minecraft:fall_one_cm":4529},"minecraft:killed_by":{"minecraft:player":2,"minecraft:zombie":4},"minecraft:killed":{"minecraft:sheep":4,"minecraft:skeleton":1,"minecraft:zombie":4,"minecraft:enderman":1}},"DataVersion":3953}