{"stats":{"minecraft:picked_up":{"minecraft:iron_leggings":1,"minecraft:light_gray_bed":2,"minecraft:diamond_chestplate":1,"minecraft:acacia_log":15,"minecraft:wheat_seeds":4,"minecraft:iron_helmet":1,"minecraft:bread":1,"minecraft:shield":1,"minecraft:acacia_sapling":2,"minecraft:white_wool":6,"minecraft:dirt":28,"minecraft:iron_boots":1},"minecraft:used":{"minecraft:dirt":7,"minecraft:light_gray_bed":1},"minecraft:mined":{"minecraft:short_grass":8,"minecraft:acacia_log":15,"minecraft:grass_block":14,"minecraft:acacia_leaves":5,"minecraft:light_gray_bed":1,"minecraft:dirt":12},"minecraft:custom":{"minecraft:time_since_rest":14678,"minecraft:crouch_one_cm":94,"minecraft:sprint_one_cm":3703,"minecraft:play_time":60063,"minecraft:damage_taken":1038,"minecraft:walk_one_cm":27609,"minecraft:deaths":4,"minecraft:sneak_time":310,"minecraft:mob_kills":1,"minecraft:jump":87,"minecraft:damage_dealt":434,"minecraft:leave_game":3,"minecraft:walk_on_water_one_cm":166,"minecraft:time_since_death":34935,"minecraft:sleep_in_bed":2,"minecraft:total_world_time":60063,"minecraft:fall_one_cm":2548,"minecraft:fly_one_cm":5786},"minecraft:killed_by":{"minecraft:zombie":2,"minecraft:player":2},"minecraft:killed":{"minecraft:zombie":1}},"DataVersion":3953}