{"stats":{"minecraft:mined":{"minecraft:short_grass":2},"minecraft:custom":{"minecraft:jump":23,"minecraft:time_since_rest":330,"minecraft:damage_dealt":164,"minecraft:crouch_one_cm":13,"minecraft:deaths":1,"minecraft:sprint_one_cm":832,"minecraft:play_time":5946,"minecraft:damage_taken":266,"minecraft:time_since_death":297,"minecraft:walk_one_cm":4469,"minecraft:sneak_time":277,"minecraft:total_world_time":5946,"minecraft:fall_one_cm":811,"minecraft:fly_one_cm":2260},"minecraft:killed_by":{"minecraft:zombie":1}},"DataVersion":3953}