{"stats":{"minecraft:picked_up":{"minecraft:raw_iron":12,"minecraft:cooked_beef":7,"minecraft:bone":2,"minecraft:acacia_log":4,"minecraft:stone_pickaxe":1,"minecraft:dirt":71,"minecraft:cobblestone":39},"minecraft:used":{"minecraft:dirt":1,"minecraft:stone_pickaxe":9,"minecraft:cooked_beef":2},"minecraft:mined":{"minecraft:acacia_log":5,"minecraft:acacia_leaves":3,"minecraft:dirt":1},"minecraft:custom":{"minecraft:time_since_rest":758,"minecraft:damage_taken":1060,"minecraft:crouch_one_cm":67,"minecraft:walk_one_cm":18364,"minecraft:play_time":9567,"minecraft:sprint_one_cm":21170,"minecraft:deaths":3,"minecraft:sneak_time":21,"minecraft:walk_under_water_one_cm":637,"minecraft:jump":117,"minecraft:damage_dealt":81,"minecraft:leave_game":2,"minecraft:walk_on_water_one_cm":573,"minecraft:time_since_death":641,"minecraft:total_world_time":9567,"minecraft:swim_one_cm":52260,"minecraft:fall_one_cm":19339,"minecraft:fly_one_cm":22030}},"DataVersion":3953}