{"minecraft:recipes/decorations/crafting_table":{"criteria":{"unlock_right_away":"2024-11-13 14:45:55 +0000"},"done":true},"minecraft:adventure/adventuring_time":{"criteria":{"minecraft:forest":"2024-11-13 14:45:56 +0000","minecraft:plains":"2024-11-14 19:59:39 +0000"},"done":false},"minecraft:recipes/redstone/lever":{"criteria":{"has_cobblestone":"2024-11-14 20:03:46 +0000"},"done":true},"minecraft:recipes/decorations/torch":{"criteria":{"has_stone_pickaxe":"2024-11-14 20:01:25 +0000"},"done":true},"minecraft:recipes/misc/emerald":{"criteria":{"has_emerald_block":"2024-11-14 20:00:40 +0000"},"done":true},"minecraft:story/obtain_armor":{"criteria":{"iron_helmet":"2024-11-14 20:00:23 +0000"},"done":true},"minecraft:recipes/misc/iron_nugget_from_smelting":{"criteria":{"has_iron_helmet":"2024-11-14 20:00:23 +0000"},"done":true},"minecraft:recipes/combat/stone_sword":{"criteria":{"has_cobblestone":"2024-11-14 20:03:46 +0000"},"done":true},"minecraft:recipes/decorations/cobblestone_wall":{"criteria":{"has_cobblestone":"2024-11-14 20:03:46 +0000"},"done":true},"minecraft:recipes/tools/stone_pickaxe":{"criteria":{"has_cobblestone":"2024-11-14 20:03:46 +0000"},"done":true},"minecraft:recipes/tools/stone_axe":{"criteria":{"has_cobblestone":"2024-11-14 20:03:46 +0000"},"done":true},"minecraft:recipes/decorations/mossy_cobblestone_wall":{"criteria":{"has_mossy_cobblestone":"2024-11-14 20:03:55 +0000"},"done":true},"minecraft:story/mine_stone":{"criteria":{"get_stone":"2024-11-14 20:03:46 +0000"},"done":true},"minecraft:recipes/decorations/furnace":{"criteria":{"has_cobblestone":"2024-11-14 20:03:46 +0000"},"done":true},"minecraft:story/upgrade_tools":{"criteria":{"stone_pickaxe":"2024-11-14 20:01:25 +0000"},"done":true},"minecraft:recipes/decorations/chest":{"criteria":{"has_lots_of_items":"2024-11-14 20:03:55 +0000"},"done":true},"minecraft:recipes/building_blocks/mossy_cobblestone_slab_from_mossy_cobblestone_stonecutting":{"criteria":{"has_mossy_cobblestone":"2024-11-14 20:03:55 +0000"},"done":true},"minecraft:recipes/building_blocks/cobblestone_slab":{"criteria":{"has_cobblestone":"2024-11-14 20:03:46 +0000"},"done":true},"minecraft:recipes/building_blocks/mossy_cobblestone_stairs_from_mossy_cobblestone_stonecutting":{"criteria":{"has_mossy_cobblestone":"2024-11-14 20:03:55 +0000"},"done":true},"minecraft:adventure/sleep_in_bed":{"criteria":{"slept_in_bed":"2024-11-14 20:00:14 +0000"},"done":true},"minecraft:recipes/building_blocks/cobblestone_slab_from_cobblestone_stonecutting":{"criteria":{"has_cobblestone":"2024-11-14 20:03:46 +0000"},"done":true},"minecraft:adventure/root":{"criteria":{"killed_something":"2024-11-14 20:02:52 +0000"},"done":true},"minecraft:adventure/kill_all_mobs":{"criteria":{"minecraft:skeleton":"2024-11-14 20:02:52 +0000"},"done":false},"minecraft:recipes/misc/iron_nugget_from_blasting":{"criteria":{"has_iron_helmet":"2024-11-14 20:00:23 +0000"},"done":true},"minecraft:adventure/kill_a_mob":{"criteria":{"minecraft:skeleton":"2024-11-14 20:02:52 +0000"},"done":true},"minecraft:recipes/building_blocks/stone":{"criteria":{"has_cobblestone":"2024-11-14 20:03:46 +0000"},"done":true},"minecraft:recipes/decorations/cobblestone_wall_from_cobblestone_stonecutting":{"criteria":{"has_cobblestone":"2024-11-14 20:03:46 +0000"},"done":true},"minecraft:recipes/building_blocks/cobblestone_stairs_from_cobblestone_stonecutting":{"criteria":{"has_cobblestone":"2024-11-14 20:03:46 +0000"},"done":true},"minecraft:recipes/building_blocks/cobblestone_stairs":{"criteria":{"has_cobblestone":"2024-11-14 20:03:46 +0000"},"done":true},"minecraft:recipes/decorations/mossy_cobblestone_wall_from_mossy_cobblestone_stonecutting":{"criteria":{"has_mossy_cobblestone":"2024-11-14 20:03:55 +0000"},"done":true},"minecraft:recipes/tools/stone_hoe":{"criteria":{"has_cobblestone":"2024-11-14 20:03:46 +0000"},"done":true},"minecraft:recipes/tools/stone_shovel":{"criteria":{"has_cobblestone":"2024-11-14 20:03:46 +0000"},"done":true},"minecraft:recipes/building_blocks/mossy_cobblestone_slab":{"criteria":{"has_mossy_cobblestone":"2024-11-14 20:03:55 +0000"},"done":true},"minecraft:recipes/building_blocks/mossy_cobblestone_stairs":{"criteria":{"has_mossy_cobblestone":"2024-11-14 20:03:55 +0000"},"done":true},"DataVersion":3955}