{"minecraft:recipes/decorations/crafting_table":{"criteria":{"unlock_right_away":"2024-11-14 01:43:08 +0000"},"done":true},"minecraft:adventure/adventuring_time":{"criteria":{"minecraft:flower_forest":"2024-11-16 21:11:31 +0000","minecraft:beach":"2024-11-14 01:57:18 +0000","minecraft:dark_forest":"2024-11-14 02:17:37 +0000","minecraft:forest":"2024-11-14 01:43:09 +0000","minecraft:sparse_jungle":"2024-11-16 19:57:29 +0000","minecraft:deep_ocean":"2024-11-14 02:14:46 +0000","minecraft:river":"2024-11-14 01:53:54 +0000","minecraft:old_growth_birch_forest":"2024-11-14 02:19:58 +0000","minecraft:desert":"2024-11-16 20:02:38 +0000","minecraft:deep_dark":"2024-11-16 21:42:21 +0000","minecraft:ocean":"2024-11-14 02:08:29 +0000","minecraft:cherry_grove":"2024-11-16 20:06:31 +0000","minecraft:meadow":"2024-11-16 21:11:54 +0000","minecraft:plains":"2024-11-14 01:53:40 +0000"},"done":false},"minecraft:recipes/building_blocks/birch_planks":{"criteria":{"has_logs":"2024-11-14 01:43:47 +0000"},"done":true},"minecraft:recipes/misc/charcoal":{"criteria":{"has_log":"2024-11-14 01:43:47 +0000"},"done":true},"minecraft:recipes/building_blocks/birch_wood":{"criteria":{"has_log":"2024-11-14 01:43:47 +0000"},"done":true},"minecraft:recipes/redstone/birch_button":{"criteria":{"has_planks":"2024-11-14 01:51:46 +0000"},"done":true},"minecraft:recipes/redstone/birch_door":{"criteria":{"has_planks":"2024-11-14 01:51:46 +0000"},"done":true},"minecraft:recipes/decorations/birch_fence":{"criteria":{"has_planks":"2024-11-14 01:51:46 +0000"},"done":true},"minecraft:recipes/redstone/birch_trapdoor":{"criteria":{"has_planks":"2024-11-14 01:51:46 +0000"},"done":true},"minecraft:recipes/misc/stick":{"criteria":{"has_planks":"2024-11-14 01:51:46 +0000"},"done":true},"minecraft:recipes/decorations/birch_sign":{"criteria":{"has_planks":"2024-11-14 01:51:46 +0000"},"done":true},"minecraft:recipes/redstone/birch_fence_gate":{"criteria":{"has_planks":"2024-11-14 01:51:46 +0000"},"done":true},"minecraft:recipes/decorations/barrel":{"criteria":{"has_planks":"2024-11-14 01:51:46 +0000"},"done":true},"minecraft:recipes/redstone/birch_pressure_plate":{"criteria":{"has_planks":"2024-11-14 01:51:46 +0000"},"done":true},"minecraft:recipes/building_blocks/birch_slab":{"criteria":{"has_planks":"2024-11-14 01:51:46 +0000"},"done":true},"minecraft:recipes/building_blocks/birch_stairs":{"criteria":{"has_planks":"2024-11-14 01:51:46 +0000"},"done":true},"minecraft:story/root":{"criteria":{"crafting_table":"2024-11-14 01:52:09 +0000"},"done":true},"minecraft:recipes/decorations/ladder":{"criteria":{"has_stick":"2024-11-14 01:52:29 +0000"},"done":true},"minecraft:recipes/decorations/campfire":{"criteria":{"has_stick":"2024-11-14 01:52:29 +0000"},"done":true},"minecraft:recipes/tools/wooden_hoe":{"criteria":{"has_stick":"2024-11-14 01:52:29 +0000"},"done":true},"minecraft:recipes/tools/wooden_pickaxe":{"criteria":{"has_stick":"2024-11-14 01:52:29 +0000"},"done":true},"minecraft:recipes/tools/wooden_axe":{"criteria":{"has_stick":"2024-11-14 01:52:29 +0000"},"done":true},"minecraft:recipes/tools/wooden_shovel":{"criteria":{"has_stick":"2024-11-14 01:52:29 +0000"},"done":true},"minecraft:recipes/combat/wooden_sword":{"criteria":{"has_stick":"2024-11-14 01:52:29 +0000"},"done":true},"minecraft:recipes/transportation/mangrove_boat":{"criteria":{"in_water":"2024-11-14 01:53:54 +0000"},"done":true},"minecraft:recipes/transportation/acacia_boat":{"criteria":{"in_water":"2024-11-14 01:53:54 +0000"},"done":true},"minecraft:recipes/transportation/cherry_boat":{"criteria":{"in_water":"2024-11-14 01:53:54 +0000"},"done":true},"minecraft:recipes/transportation/bamboo_raft":{"criteria":{"in_water":"2024-11-14 01:53:54 +0000"},"done":true},"minecraft:recipes/transportation/spruce_boat":{"criteria":{"in_water":"2024-11-14 01:53:54 +0000"},"done":true},"minecraft:recipes/transportation/birch_boat":{"criteria":{"in_water":"2024-11-14 01:53:54 +0000"},"done":true},"minecraft:recipes/transportation/oak_boat":{"criteria":{"in_water":"2024-11-14 01:53:54 +0000"},"done":true},"minecraft:recipes/transportation/jungle_boat":{"criteria":{"in_water":"2024-11-14 01:53:54 +0000"},"done":true},"minecraft:recipes/transportation/dark_oak_boat":{"criteria":{"in_water":"2024-11-14 01:53:54 +0000"},"done":true},"minecraft:recipes/redstone/lever":{"criteria":{"has_cobblestone":"2024-11-14 01:54:38 +0000"},"done":true},"minecraft:recipes/combat/stone_sword":{"criteria":{"has_cobblestone":"2024-11-14 01:54:38 +0000"},"done":true},"minecraft:recipes/decorations/cobblestone_wall":{"criteria":{"has_cobblestone":"2024-11-14 01:54:38 +0000"},"done":true},"minecraft:recipes/tools/stone_pickaxe":{"criteria":{"has_cobblestone":"2024-11-14 01:54:38 +0000"},"done":true},"minecraft:recipes/tools/stone_axe":{"criteria":{"has_cobblestone":"2024-11-14 01:54:38 +0000"},"done":true},"minecraft:story/mine_stone":{"criteria":{"get_stone":"2024-11-14 01:54:38 +0000"},"done":true},"minecraft:recipes/decorations/furnace":{"criteria":{"has_cobblestone":"2024-11-14 01:54:38 +0000"},"done":true},"minecraft:recipes/building_blocks/cobblestone_slab":{"criteria":{"has_cobblestone":"2024-11-14 01:54:38 +0000"},"done":true},"minecraft:recipes/building_blocks/cobblestone_slab_from_cobblestone_stonecutting":{"criteria":{"has_cobblestone":"2024-11-14 01:54:38 +0000"},"done":true},"minecraft:recipes/building_blocks/stone":{"criteria":{"has_cobblestone":"2024-11-14 01:54:38 +0000"},"done":true},"minecraft:recipes/decorations/cobblestone_wall_from_cobblestone_stonecutting":{"criteria":{"has_cobblestone":"2024-11-14 01:54:38 +0000"},"done":true},"minecraft:recipes/building_blocks/cobblestone_stairs_from_cobblestone_stonecutting":{"criteria":{"has_cobblestone":"2024-11-14 01:54:38 +0000"},"done":true},"minecraft:recipes/building_blocks/cobblestone_stairs":{"criteria":{"has_cobblestone":"2024-11-14 01:54:38 +0000"},"done":true},"minecraft:recipes/tools/stone_hoe":{"criteria":{"has_cobblestone":"2024-11-14 01:54:38 +0000"},"done":true},"minecraft:recipes/tools/stone_shovel":{"criteria":{"has_cobblestone":"2024-11-14 01:54:38 +0000"},"done":true},"minecraft:recipes/decorations/torch":{"criteria":{"has_stone_pickaxe":"2024-11-14 01:55:27 +0000"},"done":true},"minecraft:story/upgrade_tools":{"criteria":{"stone_pickaxe":"2024-11-14 01:55:27 +0000"},"done":true},"minecraft:recipes/food/cooked_porkchop":{"criteria":{"has_porkchop":"2024-11-14 01:56:56 +0000"},"done":true},"minecraft:adventure/root":{"criteria":{"killed_something":"2024-11-14 01:56:56 +0000"},"done":true},"minecraft:recipes/food/cooked_porkchop_from_campfire_cooking":{"criteria":{"has_porkchop":"2024-11-14 01:56:56 +0000"},"done":true},"minecraft:recipes/food/cooked_porkchop_from_smoking":{"criteria":{"has_porkchop":"2024-11-14 01:56:56 +0000"},"done":true},"minecraft:recipes/decorations/chest":{"criteria":{"has_lots_of_items":"2024-11-14 01:57:29 +0000"},"done":true},"minecraft:recipes/decorations/smoker":{"criteria":{"has_furnace":"2024-11-14 01:59:31 +0000"},"done":true},"minecraft:husbandry/balanced_diet":{"criteria":{"cooked_porkchop":"2024-11-14 02:00:15 +0000","bread":"2024-11-14 02:11:50 +0000"},"done":false},"minecraft:husbandry/root":{"criteria":{"consumed_item":"2024-11-14 02:00:15 +0000"},"done":true},"minecraft:recipes/food/cooked_chicken_from_campfire_cooking":{"criteria":{"has_chicken":"2024-11-14 02:00:20 +0000"},"done":true},"minecraft:recipes/food/cooked_chicken":{"criteria":{"has_chicken":"2024-11-14 02:00:20 +0000"},"done":true},"minecraft:recipes/food/cooked_chicken_from_smoking":{"criteria":{"has_chicken":"2024-11-14 02:00:20 +0000"},"done":true},"minecraft:recipes/combat/arrow":{"criteria":{"has_feather":"2024-11-14 02:00:20 +0000"},"done":true},"minecraft:recipes/food/cake":{"criteria":{"has_egg":"2024-11-14 02:01:01 +0000"},"done":true},"minecraft:recipes/building_blocks/oak_planks":{"criteria":{"has_logs":"2024-11-14 02:01:20 +0000"},"done":true},"minecraft:recipes/building_blocks/oak_wood":{"criteria":{"has_log":"2024-11-14 02:01:20 +0000"},"done":true},"minecraft:recipes/building_blocks/coal_block":{"criteria":{"has_coal":"2024-11-14 02:03:02 +0000"},"done":true},"minecraft:recipes/misc/iron_ingot_from_smelting_raw_iron":{"criteria":{"has_raw_iron":"2024-11-14 02:03:34 +0000"},"done":true},"minecraft:recipes/building_blocks/raw_iron_block":{"criteria":{"has_raw_iron":"2024-11-14 02:03:34 +0000"},"done":true},"minecraft:recipes/misc/iron_ingot_from_blasting_raw_iron":{"criteria":{"has_raw_iron":"2024-11-14 02:03:34 +0000"},"done":true},"minecraft:recipes/transportation/dark_oak_chest_boat":{"criteria":{"has_boat":"2024-11-14 02:06:19 +0000"},"done":true},"minecraft:recipes/transportation/bamboo_chest_raft":{"criteria":{"has_boat":"2024-11-14 02:06:19 +0000"},"done":true},"minecraft:recipes/transportation/spruce_chest_boat":{"criteria":{"has_boat":"2024-11-14 02:06:19 +0000"},"done":true},"minecraft:recipes/transportation/jungle_chest_boat":{"criteria":{"has_boat":"2024-11-14 02:06:19 +0000"},"done":true},"minecraft:recipes/transportation/acacia_chest_boat":{"criteria":{"has_boat":"2024-11-14 02:06:19 +0000"},"done":true},"minecraft:recipes/transportation/mangrove_chest_boat":{"criteria":{"has_boat":"2024-11-14 02:06:19 +0000"},"done":true},"minecraft:recipes/transportation/oak_chest_boat":{"criteria":{"has_boat":"2024-11-14 02:06:19 +0000"},"done":true},"minecraft:recipes/transportation/cherry_chest_boat":{"criteria":{"has_boat":"2024-11-14 02:06:19 +0000"},"done":true},"minecraft:recipes/transportation/birch_chest_boat":{"criteria":{"has_boat":"2024-11-14 02:06:19 +0000"},"done":true},"minecraft:recipes/food/cooked_mutton_from_smoking":{"criteria":{"has_mutton":"2024-11-14 02:07:44 +0000"},"done":true},"minecraft:recipes/building_blocks/oak_slab":{"criteria":{"has_planks":"2024-11-14 02:07:44 +0000"},"done":true},"minecraft:recipes/decorations/oak_sign":{"criteria":{"has_planks":"2024-11-14 02:07:44 +0000"},"done":true},"minecraft:recipes/redstone/oak_trapdoor":{"criteria":{"has_planks":"2024-11-14 02:07:44 +0000"},"done":true},"minecraft:recipes/food/cooked_mutton":{"criteria":{"has_mutton":"2024-11-14 02:07:44 +0000"},"done":true},"minecraft:recipes/redstone/oak_fence_gate":{"criteria":{"has_planks":"2024-11-14 02:07:44 +0000"},"done":true},"minecraft:recipes/redstone/oak_pressure_plate":{"criteria":{"has_planks":"2024-11-14 02:07:44 +0000"},"done":true},"minecraft:recipes/redstone/oak_door":{"criteria":{"has_planks":"2024-11-14 02:07:44 +0000"},"done":true},"minecraft:recipes/food/cooked_mutton_from_campfire_cooking":{"criteria":{"has_mutton":"2024-11-14 02:07:44 +0000"},"done":true},"minecraft:recipes/building_blocks/oak_stairs":{"criteria":{"has_planks":"2024-11-14 02:07:44 +0000"},"done":true},"minecraft:recipes/decorations/oak_fence":{"criteria":{"has_planks":"2024-11-14 02:07:44 +0000"},"done":true},"minecraft:recipes/redstone/oak_button":{"criteria":{"has_planks":"2024-11-14 02:07:44 +0000"},"done":true},"minecraft:recipes/misc/wheat":{"criteria":{"has_hay_block":"2024-11-14 02:09:07 +0000"},"done":true},"minecraft:recipes/redstone/target":{"criteria":{"has_hay_block":"2024-11-14 02:09:07 +0000"},"done":true},"minecraft:adventure/sleep_in_bed":{"criteria":{"slept_in_bed":"2024-11-14 02:12:17 +0000"},"done":true},"minecraft:recipes/building_blocks/dark_oak_planks":{"criteria":{"has_log":"2024-11-14 02:17:39 +0000"},"done":true},"minecraft:recipes/building_blocks/dark_oak_wood":{"criteria":{"has_log":"2024-11-14 02:17:39 +0000"},"done":true},"minecraft:recipes/building_blocks/dark_oak_slab":{"criteria":{"has_planks":"2024-11-14 02:28:14 +0000"},"done":true},"minecraft:recipes/redstone/dark_oak_door":{"criteria":{"has_planks":"2024-11-14 02:28:14 +0000"},"done":true},"minecraft:recipes/redstone/dark_oak_fence_gate":{"criteria":{"has_planks":"2024-11-14 02:28:14 +0000"},"done":true},"minecraft:recipes/redstone/dark_oak_trapdoor":{"criteria":{"has_planks":"2024-11-14 02:28:14 +0000"},"done":true},"minecraft:recipes/redstone/dark_oak_button":{"criteria":{"has_planks":"2024-11-14 02:28:14 +0000"},"done":true},"minecraft:recipes/building_blocks/dark_oak_stairs":{"criteria":{"has_planks":"2024-11-14 02:28:14 +0000"},"done":true},"minecraft:recipes/decorations/dark_oak_sign":{"criteria":{"has_planks":"2024-11-14 02:28:14 +0000"},"done":true},"minecraft:recipes/redstone/dark_oak_pressure_plate":{"criteria":{"has_planks":"2024-11-14 02:28:14 +0000"},"done":true},"minecraft:recipes/decorations/dark_oak_fence":{"criteria":{"has_planks":"2024-11-14 02:28:14 +0000"},"done":true},"minecraft:adventure/trade":{"criteria":{"traded":"2024-11-14 02:28:27 +0000"},"done":true},"minecraft:recipes/building_blocks/emerald_block":{"criteria":{"has_emerald":"2024-11-14 02:28:29 +0000"},"done":true},"minecraft:recipes/food/bread":{"criteria":{"has_wheat":"2024-11-14 02:31:53 +0000"},"done":true},"minecraft:recipes/building_blocks/hay_block":{"criteria":{"has_wheat":"2024-11-14 02:31:53 +0000"},"done":true},"minecraft:recipes/combat/iron_sword":{"criteria":{"has_iron_ingot":"2024-11-14 02:38:57 +0000"},"done":true},"minecraft:recipes/tools/iron_pickaxe":{"criteria":{"has_iron_ingot":"2024-11-14 02:38:57 +0000"},"done":true},"minecraft:recipes/combat/iron_leggings":{"criteria":{"has_iron_ingot":"2024-11-14 02:38:57 +0000"},"done":true},"minecraft:recipes/combat/shield":{"criteria":{"has_iron_ingot":"2024-11-14 02:38:57 +0000"},"done":true},"minecraft:recipes/redstone/hopper":{"criteria":{"has_iron_ingot":"2024-11-14 02:38:57 +0000"},"done":true},"minecraft:recipes/decorations/iron_bars":{"criteria":{"has_iron_ingot":"2024-11-14 02:38:57 +0000"},"done":true},"minecraft:recipes/combat/iron_boots":{"criteria":{"has_iron_ingot":"2024-11-14 02:38:57 +0000"},"done":true},"minecraft:recipes/combat/iron_chestplate":{"criteria":{"has_iron_ingot":"2024-11-14 02:38:57 +0000"},"done":true},"minecraft:recipes/decorations/lantern":{"criteria":{"has_iron_ingot":"2024-11-14 02:38:57 +0000"},"done":true},"minecraft:recipes/misc/iron_nugget":{"criteria":{"has_iron_ingot":"2024-11-14 02:38:57 +0000"},"done":true},"minecraft:recipes/misc/bucket":{"criteria":{"has_iron_ingot":"2024-11-14 02:38:57 +0000"},"done":true},"minecraft:recipes/combat/iron_helmet":{"criteria":{"has_iron_ingot":"2024-11-14 02:38:57 +0000"},"done":true},"minecraft:recipes/transportation/minecart":{"criteria":{"has_iron_ingot":"2024-11-14 02:38:57 +0000"},"done":true},"minecraft:recipes/tools/iron_hoe":{"criteria":{"has_iron_ingot":"2024-11-14 02:38:57 +0000"},"done":true},"minecraft:recipes/tools/iron_shovel":{"criteria":{"has_iron_ingot":"2024-11-14 02:38:57 +0000"},"done":true},"minecraft:story/smelt_iron":{"criteria":{"iron":"2024-11-14 02:38:57 +0000"},"done":true},"minecraft:recipes/tools/shears":{"criteria":{"has_iron_ingot":"2024-11-14 02:38:57 +0000"},"done":true},"minecraft:recipes/redstone/iron_trapdoor":{"criteria":{"has_iron_ingot":"2024-11-14 02:38:57 +0000"},"done":true},"minecraft:recipes/decorations/chain":{"criteria":{"has_iron_ingot":"2024-11-14 02:38:57 +0000"},"done":true},"minecraft:recipes/building_blocks/iron_block":{"criteria":{"has_iron_ingot":"2024-11-14 02:38:57 +0000"},"done":true},"minecraft:recipes/tools/iron_axe":{"criteria":{"has_iron_ingot":"2024-11-14 02:38:57 +0000"},"done":true},"minecraft:recipes/combat/crossbow":{"criteria":{"has_iron_ingot":"2024-11-14 02:38:57 +0000"},"done":true},"minecraft:recipes/decorations/smithing_table":{"criteria":{"has_iron_ingot":"2024-11-14 02:38:57 +0000"},"done":true},"minecraft:recipes/redstone/iron_door":{"criteria":{"has_iron_ingot":"2024-11-14 02:38:57 +0000"},"done":true},"minecraft:recipes/redstone/heavy_weighted_pressure_plate":{"criteria":{"has_iron_ingot":"2024-11-14 02:38:57 +0000"},"done":true},"minecraft:recipes/misc/red_dye_from_poppy":{"criteria":{"has_poppy":"2024-11-14 02:41:55 +0000"},"done":true},"minecraft:recipes/misc/iron_nugget_from_smelting":{"criteria":{"has_iron_axe":"2024-11-14 02:44:20 +0000"},"done":true},"minecraft:recipes/misc/iron_nugget_from_blasting":{"criteria":{"has_iron_axe":"2024-11-14 02:44:20 +0000"},"done":true},"minecraft:recipes/building_blocks/polished_deepslate":{"criteria":{"has_cobbled_deepslate":"2024-11-16 21:37:01 +0000"},"done":true},"minecraft:recipes/building_blocks/lime_concrete_powder":{"criteria":{"has_gravel":"2024-11-16 21:54:51 +0000"},"done":true},"minecraft:recipes/misc/pink_dye_from_pink_petals":{"criteria":{"has_pink_petals":"2024-11-16 20:38:55 +0000"},"done":true},"minecraft:recipes/building_blocks/chiseled_tuff_bricks_from_tuff_stonecutting":{"criteria":{"has_tuff":"2024-11-16 21:36:38 +0000"},"done":true},"minecraft:recipes/building_blocks/coarse_dirt":{"criteria":{"has_gravel":"2024-11-16 21:54:51 +0000"},"done":true},"minecraft:recipes/building_blocks/deepslate_tile_stairs_from_cobbled_deepslate_stonecutting":{"criteria":{"has_cobbled_deepslate":"2024-11-16 21:37:01 +0000"},"done":true},"minecraft:recipes/building_blocks/light_gray_concrete_powder":{"criteria":{"has_gravel":"2024-11-16 21:54:51 +0000"},"done":true},"minecraft:recipes/misc/gold_ingot_from_smelting_raw_gold":{"criteria":{"has_raw_gold":"2024-11-16 21:54:05 +0000"},"done":true},"minecraft:recipes/building_blocks/pink_concrete_powder":{"criteria":{"has_gravel":"2024-11-16 21:54:51 +0000"},"done":true},"minecraft:recipes/building_blocks/andesite_stairs_from_andesite_stonecutting":{"criteria":{"has_andesite":"2024-11-16 21:31:35 +0000"},"done":true},"minecraft:recipes/building_blocks/tuff_bricks_from_tuff_stonecutting":{"criteria":{"has_tuff":"2024-11-16 21:36:38 +0000"},"done":true},"minecraft:story/obtain_armor":{"criteria":{"iron_leggings":"2024-11-16 19:53:43 +0000"},"done":true},"minecraft:recipes/decorations/deepslate_brick_wall_from_cobbled_deepslate_stonecutting":{"criteria":{"has_cobbled_deepslate":"2024-11-16 21:37:01 +0000"},"done":true},"minecraft:recipes/combat/diamond_leggings":{"criteria":{"has_diamond":"2024-11-16 21:40:14 +0000"},"done":true},"minecraft:recipes/building_blocks/polished_deepslate_from_cobbled_deepslate_stonecutting":{"criteria":{"has_cobbled_deepslate":"2024-11-16 21:37:01 +0000"},"done":true},"minecraft:recipes/decorations/fletching_table":{"criteria":{"has_flint":"2024-11-16 21:54:50 +0000"},"done":true},"minecraft:recipes/building_blocks/polished_deepslate_slab_from_cobbled_deepslate_stonecutting":{"criteria":{"has_cobbled_deepslate":"2024-11-16 21:37:01 +0000"},"done":true},"minecraft:recipes/misc/blue_dye":{"criteria":{"has_lapis_lazuli":"2024-11-16 21:36:55 +0000"},"done":true},"minecraft:recipes/building_blocks/orange_concrete_powder":{"criteria":{"has_gravel":"2024-11-16 21:54:51 +0000"},"done":true},"minecraft:recipes/food/baked_potato_from_campfire_cooking":{"criteria":{"has_potato":"2024-11-16 21:06:52 +0000"},"done":true},"minecraft:recipes/building_blocks/granite_stairs":{"criteria":{"has_granite":"2024-11-16 21:27:54 +0000"},"done":true},"minecraft:recipes/building_blocks/diorite_stairs_from_diorite_stonecutting":{"criteria":{"has_diorite":"2024-11-16 21:25:42 +0000"},"done":true},"minecraft:recipes/decorations/light_gray_bed":{"criteria":{"has_light_gray_wool":"2024-11-16 20:10:27 +0000"},"done":true},"minecraft:story/deflect_arrow":{"criteria":{"deflected_projectile":"2024-11-16 21:15:23 +0000"},"done":true},"minecraft:recipes/building_blocks/tuff_slab":{"criteria":{"has_tuff":"2024-11-16 21:36:38 +0000"},"done":true},"minecraft:recipes/building_blocks/tuff_brick_slab_from_tuff_stonecutting":{"criteria":{"has_tuff":"2024-11-16 21:36:38 +0000"},"done":true},"minecraft:recipes/building_blocks/raw_gold_block":{"criteria":{"has_raw_gold":"2024-11-16 21:54:05 +0000"},"done":true},"minecraft:story/iron_tools":{"criteria":{"iron_pickaxe":"2024-11-16 19:53:51 +0000"},"done":true},"minecraft:recipes/decorations/polished_tuff_wall_from_tuff_stonecutting":{"criteria":{"has_tuff":"2024-11-16 21:36:38 +0000"},"done":true},"minecraft:recipes/building_blocks/granite_stairs_from_granite_stonecutting":{"criteria":{"has_granite":"2024-11-16 21:27:54 +0000"},"done":true},"minecraft:recipes/building_blocks/red_concrete_powder":{"criteria":{"has_gravel":"2024-11-16 21:54:51 +0000"},"done":true},"minecraft:recipes/building_blocks/deepslate_brick_stairs_from_cobbled_deepslate_stonecutting":{"criteria":{"has_cobbled_deepslate":"2024-11-16 21:37:01 +0000"},"done":true},"minecraft:recipes/brewing/fermented_spider_eye":{"criteria":{"has_spider_eye":"2024-11-16 19:48:40 +0000"},"done":true},"minecraft:recipes/building_blocks/deepslate_brick_slab_from_cobbled_deepslate_stonecutting":{"criteria":{"has_cobbled_deepslate":"2024-11-16 21:37:01 +0000"},"done":true},"minecraft:recipes/building_blocks/lapis_block":{"criteria":{"has_lapis_lazuli":"2024-11-16 21:36:55 +0000"},"done":true},"minecraft:nether/explore_nether":{"criteria":{"minecraft:nether_wastes":"2024-11-16 19:51:22 +0000"},"done":false},"minecraft:recipes/building_blocks/polished_diorite":{"criteria":{"has_diorite":"2024-11-16 21:25:42 +0000"},"done":true},"minecraft:recipes/building_blocks/cobbled_deepslate_slab_from_cobbled_deepslate_stonecutting":{"criteria":{"has_cobbled_deepslate":"2024-11-16 21:37:01 +0000"},"done":true},"minecraft:recipes/decorations/tuff_wall":{"criteria":{"has_tuff":"2024-11-16 21:36:38 +0000"},"done":true},"minecraft:recipes/building_blocks/magenta_concrete_powder":{"criteria":{"has_gravel":"2024-11-16 21:54:51 +0000"},"done":true},"minecraft:nether/root":{"criteria":{"entered_nether":"2024-11-16 19:51:22 +0000"},"done":true},"minecraft:recipes/building_blocks/brown_concrete_powder":{"criteria":{"has_gravel":"2024-11-16 21:54:51 +0000"},"done":true},"minecraft:recipes/building_blocks/deepslate_tile_slab_from_cobbled_deepslate_stonecutting":{"criteria":{"has_cobbled_deepslate":"2024-11-16 21:37:01 +0000"},"done":true},"minecraft:recipes/combat/diamond_sword":{"criteria":{"has_diamond":"2024-11-16 21:40:14 +0000"},"done":true},"minecraft:recipes/decorations/jukebox":{"criteria":{"has_diamond":"2024-11-16 21:40:14 +0000"},"done":true},"minecraft:recipes/tools/flint_and_steel":{"criteria":{"has_flint":"2024-11-16 21:54:50 +0000"},"done":true},"minecraft:recipes/misc/red_dye_from_beetroot":{"criteria":{"has_beetroot":"2024-11-16 21:06:44 +0000"},"done":true},"minecraft:recipes/building_blocks/diorite_slab":{"criteria":{"has_diorite":"2024-11-16 21:25:42 +0000"},"done":true},"minecraft:recipes/decorations/granite_wall":{"criteria":{"has_granite":"2024-11-16 21:27:54 +0000"},"done":true},"minecraft:recipes/decorations/white_banner":{"criteria":{"has_white_wool":"2024-11-16 20:58:54 +0000"},"done":true},"minecraft:recipes/building_blocks/light_blue_concrete_powder":{"criteria":{"has_gravel":"2024-11-16 21:54:51 +0000"},"done":true},"minecraft:recipes/building_blocks/polished_tuff_slab_from_tuff_stonecutting":{"criteria":{"has_tuff":"2024-11-16 21:36:38 +0000"},"done":true},"minecraft:recipes/combat/bow":{"criteria":{"has_string":"2024-11-16 19:48:12 +0000"},"done":true},"minecraft:recipes/decorations/diorite_wall_from_diorite_stonecutting":{"criteria":{"has_diorite":"2024-11-16 21:25:42 +0000"},"done":true},"minecraft:recipes/combat/diamond_chestplate":{"criteria":{"has_diamond":"2024-11-16 21:40:14 +0000"},"done":true},"minecraft:recipes/food/beetroot_soup":{"criteria":{"has_beetroot":"2024-11-16 21:06:44 +0000"},"done":true},"minecraft:recipes/building_blocks/andesite_stairs":{"criteria":{"has_andesite":"2024-11-16 21:31:35 +0000"},"done":true},"minecraft:recipes/building_blocks/cobbled_deepslate_stairs":{"criteria":{"has_cobbled_deepslate":"2024-11-16 21:37:01 +0000"},"done":true},"minecraft:recipes/redstone/redstone_torch":{"criteria":{"has_redstone":"2024-11-16 21:58:14 +0000"},"done":true},"minecraft:recipes/misc/gold_ingot_from_blasting_raw_gold":{"criteria":{"has_raw_gold":"2024-11-16 21:54:05 +0000"},"done":true},"minecraft:recipes/building_blocks/polished_granite_slab_from_granite_stonecutting":{"criteria":{"has_granite":"2024-11-16 21:27:54 +0000"},"done":true},"minecraft:recipes/building_blocks/green_concrete_powder":{"criteria":{"has_gravel":"2024-11-16 21:54:51 +0000"},"done":true},"minecraft:recipes/building_blocks/polished_andesite_from_andesite_stonecutting":{"criteria":{"has_andesite":"2024-11-16 21:31:35 +0000"},"done":true},"minecraft:recipes/tools/clock":{"criteria":{"has_redstone":"2024-11-16 21:58:14 +0000"},"done":true},"minecraft:recipes/food/baked_potato_from_smoking":{"criteria":{"has_potato":"2024-11-16 21:06:52 +0000"},"done":true},"minecraft:story/enter_the_nether":{"criteria":{"entered_nether":"2024-11-16 19:51:22 +0000"},"done":true},"minecraft:recipes/food/baked_potato":{"criteria":{"has_potato":"2024-11-16 21:06:52 +0000"},"done":true},"minecraft:recipes/combat/diamond_helmet":{"criteria":{"has_diamond":"2024-11-16 21:40:14 +0000"},"done":true},"minecraft:recipes/decorations/tuff_wall_from_tuff_stonecutting":{"criteria":{"has_tuff":"2024-11-16 21:36:38 +0000"},"done":true},"minecraft:recipes/building_blocks/tuff_stairs":{"criteria":{"has_tuff":"2024-11-16 21:36:38 +0000"},"done":true},"minecraft:recipes/decorations/painting":{"criteria":{"has_wool":"2024-11-16 20:10:27 +0000"},"done":true},"minecraft:recipes/building_blocks/blue_concrete_powder":{"criteria":{"has_gravel":"2024-11-16 21:54:51 +0000"},"done":true},"minecraft:recipes/building_blocks/granite_slab_from_granite_stonecutting":{"criteria":{"has_granite":"2024-11-16 21:27:54 +0000"},"done":true},"minecraft:recipes/building_blocks/andesite":{"criteria":{"has_stone":"2024-11-16 21:25:42 +0000"},"done":true},"minecraft:recipes/redstone/dropper":{"criteria":{"has_redstone":"2024-11-16 21:58:14 +0000"},"done":true},"minecraft:recipes/building_blocks/polished_andesite":{"criteria":{"has_andesite":"2024-11-16 21:31:35 +0000"},"done":true},"minecraft:recipes/decorations/glow_item_frame":{"criteria":{"has_glow_ink_sac":"2024-11-16 22:37:37 +0000"},"done":true},"minecraft:recipes/transportation/carrot_on_a_stick":{"criteria":{"has_carrot":"2024-11-16 20:48:09 +0000"},"done":true},"minecraft:recipes/decorations/andesite_wall_from_andesite_stonecutting":{"criteria":{"has_andesite":"2024-11-16 21:31:35 +0000"},"done":true},"minecraft:recipes/building_blocks/polished_granite":{"criteria":{"has_granite":"2024-11-16 21:27:54 +0000"},"done":true},"minecraft:recipes/tools/fishing_rod":{"criteria":{"has_string":"2024-11-16 19:48:12 +0000"},"done":true},"minecraft:recipes/building_blocks/chiseled_deepslate_from_cobbled_deepslate_stonecutting":{"criteria":{"has_cobbled_deepslate":"2024-11-16 21:37:01 +0000"},"done":true},"minecraft:recipes/building_blocks/yellow_concrete_powder":{"criteria":{"has_gravel":"2024-11-16 21:54:51 +0000"},"done":true},"minecraft:recipes/building_blocks/cobbled_deepslate_slab":{"criteria":{"has_cobbled_deepslate":"2024-11-16 21:37:01 +0000"},"done":true},"minecraft:recipes/redstone/dispenser":{"criteria":{"has_bow":"2024-11-16 19:48:48 +0000"},"done":true},"minecraft:recipes/decorations/cobbled_deepslate_wall_from_cobbled_deepslate_stonecutting":{"criteria":{"has_cobbled_deepslate":"2024-11-16 21:37:01 +0000"},"done":true},"minecraft:adventure/avoid_vibration":{"criteria":{"avoid_vibration":"2024-11-16 21:42:23 +0000"},"done":true},"minecraft:recipes/decorations/tuff_brick_wall_from_tuff_stonecutting":{"criteria":{"has_tuff":"2024-11-16 21:36:38 +0000"},"done":true},"minecraft:recipes/brewing/cauldron":{"criteria":{"has_water_bucket":"2024-11-16 20:55:35 +0000"},"done":true},"minecraft:recipes/building_blocks/polished_andesite_slab_from_andesite_stonecutting":{"criteria":{"has_andesite":"2024-11-16 21:31:35 +0000"},"done":true},"minecraft:recipes/building_blocks/white_concrete_powder":{"criteria":{"has_gravel":"2024-11-16 21:54:51 +0000"},"done":true},"minecraft:recipes/building_blocks/white_wool_from_string":{"criteria":{"has_string":"2024-11-16 19:48:12 +0000"},"done":true},"minecraft:recipes/tools/diamond_pickaxe":{"criteria":{"has_diamond":"2024-11-16 21:40:14 +0000"},"done":true},"minecraft:adventure/kill_all_mobs":{"criteria":{"minecraft:skeleton":"2024-11-16 21:24:23 +0000","minecraft:witch":"2024-11-16 21:58:13 +0000","minecraft:spider":"2024-11-16 21:15:18 +0000","minecraft:zombie":"2024-11-16 21:11:40 +0000"},"done":false},"minecraft:recipes/redstone/redstone_block":{"criteria":{"has_redstone":"2024-11-16 21:58:14 +0000"},"done":true},"minecraft:recipes/decorations/granite_wall_from_granite_stonecutting":{"criteria":{"has_granite":"2024-11-16 21:27:54 +0000"},"done":true},"minecraft:recipes/building_blocks/chiseled_tuff_from_tuff_stonecutting":{"criteria":{"has_tuff":"2024-11-16 21:36:38 +0000"},"done":true},"minecraft:recipes/decorations/deepslate_tile_wall_from_cobbled_deepslate_stonecutting":{"criteria":{"has_cobbled_deepslate":"2024-11-16 21:37:01 +0000"},"done":true},"minecraft:recipes/building_blocks/polished_tuff_stairs_from_tuff_stonecutting":{"criteria":{"has_tuff":"2024-11-16 21:36:38 +0000"},"done":true},"minecraft:recipes/building_blocks/gray_concrete_powder":{"criteria":{"has_gravel":"2024-11-16 21:54:51 +0000"},"done":true},"minecraft:recipes/building_blocks/tuff_stairs_from_tuff_stonecutting":{"criteria":{"has_tuff":"2024-11-16 21:36:38 +0000"},"done":true},"minecraft:recipes/decorations/light_gray_banner":{"criteria":{"has_light_gray_wool":"2024-11-16 20:10:27 +0000"},"done":true},"minecraft:recipes/redstone/tripwire_hook":{"criteria":{"has_string":"2024-11-16 19:48:12 +0000"},"done":true},"minecraft:recipes/misc/bone_meal":{"criteria":{"has_bone":"2024-11-16 19:48:40 +0000"},"done":true},"minecraft:recipes/building_blocks/black_concrete_powder":{"criteria":{"has_gravel":"2024-11-16 21:54:51 +0000"},"done":true},"minecraft:recipes/decorations/cobbled_deepslate_wall":{"criteria":{"has_cobbled_deepslate":"2024-11-16 21:37:01 +0000"},"done":true},"minecraft:recipes/building_blocks/polished_diorite_from_diorite_stonecutting":{"criteria":{"has_diorite":"2024-11-16 21:25:42 +0000"},"done":true},"minecraft:recipes/decorations/polished_deepslate_wall_from_cobbled_deepslate_stonecutting":{"criteria":{"has_cobbled_deepslate":"2024-11-16 21:37:01 +0000"},"done":true},"minecraft:adventure/kill_a_mob":{"criteria":{"minecraft:zombie":"2024-11-16 21:11:40 +0000"},"done":true},"minecraft:recipes/decorations/diorite_wall":{"criteria":{"has_diorite":"2024-11-16 21:25:42 +0000"},"done":true},"minecraft:recipes/building_blocks/deepslate_bricks_from_cobbled_deepslate_stonecutting":{"criteria":{"has_cobbled_deepslate":"2024-11-16 21:37:01 +0000"},"done":true},"minecraft:recipes/building_blocks/tuff_brick_stairs_from_tuff_stonecutting":{"criteria":{"has_tuff":"2024-11-16 21:36:38 +0000"},"done":true},"minecraft:recipes/decorations/light_gray_carpet":{"criteria":{"has_light_gray_wool":"2024-11-16 20:10:27 +0000"},"done":true},"minecraft:husbandry/plant_seed":{"criteria":{"beetroots":"2024-11-16 21:06:40 +0000"},"done":true},"minecraft:recipes/building_blocks/diamond_block":{"criteria":{"has_diamond":"2024-11-16 21:40:14 +0000"},"done":true},"minecraft:recipes/decorations/andesite_wall":{"criteria":{"has_andesite":"2024-11-16 21:31:35 +0000"},"done":true},"minecraft:recipes/building_blocks/andesite_slab":{"criteria":{"has_andesite":"2024-11-16 21:31:35 +0000"},"done":true},"minecraft:recipes/building_blocks/polished_andesite_stairs_from_andesite_stonecutting":{"criteria":{"has_andesite":"2024-11-16 21:31:35 +0000"},"done":true},"minecraft:recipes/decorations/white_bed":{"criteria":{"has_white_wool":"2024-11-16 20:58:54 +0000"},"done":true},"minecraft:recipes/decorations/candle":{"criteria":{"has_string":"2024-11-16 19:48:12 +0000"},"done":true},"minecraft:recipes/building_blocks/diorite_slab_from_diorite_stonecutting":{"criteria":{"has_diorite":"2024-11-16 21:25:42 +0000"},"done":true},"minecraft:recipes/building_blocks/polished_tuff":{"criteria":{"has_tuff":"2024-11-16 21:36:38 +0000"},"done":true},"minecraft:recipes/building_blocks/tuff_slab_from_tuff_stonecutting":{"criteria":{"has_tuff":"2024-11-16 21:36:38 +0000"},"done":true},"minecraft:recipes/building_blocks/polished_granite_from_granite_stonecutting":{"criteria":{"has_granite":"2024-11-16 21:27:54 +0000"},"done":true},"minecraft:recipes/redstone/note_block":{"criteria":{"has_redstone":"2024-11-16 21:58:14 +0000"},"done":true},"minecraft:recipes/building_blocks/deepslate_tiles_from_cobbled_deepslate_stonecutting":{"criteria":{"has_cobbled_deepslate":"2024-11-16 21:37:01 +0000"},"done":true},"minecraft:recipes/building_blocks/polished_diorite_slab_from_diorite_stonecutting":{"criteria":{"has_diorite":"2024-11-16 21:25:42 +0000"},"done":true},"minecraft:recipes/building_blocks/purple_concrete_powder":{"criteria":{"has_gravel":"2024-11-16 21:54:51 +0000"},"done":true},"minecraft:recipes/building_blocks/cobbled_deepslate_stairs_from_cobbled_deepslate_stonecutting":{"criteria":{"has_cobbled_deepslate":"2024-11-16 21:37:01 +0000"},"done":true},"minecraft:recipes/tools/diamond_hoe":{"criteria":{"has_diamond":"2024-11-16 21:40:14 +0000"},"done":true},"minecraft:recipes/tools/diamond_shovel":{"criteria":{"has_diamond":"2024-11-16 21:40:14 +0000"},"done":true},"minecraft:recipes/building_blocks/deepslate":{"criteria":{"has_cobbled_deepslate":"2024-11-16 21:37:01 +0000"},"done":true},"minecraft:recipes/building_blocks/granite_slab":{"criteria":{"has_granite":"2024-11-16 21:27:54 +0000"},"done":true},"minecraft:recipes/decorations/white_carpet":{"criteria":{"has_white_wool":"2024-11-16 20:58:54 +0000"},"done":true},"minecraft:story/mine_diamond":{"criteria":{"diamond":"2024-11-16 21:40:14 +0000"},"done":true},"minecraft:recipes/building_blocks/polished_granite_stairs_from_granite_stonecutting":{"criteria":{"has_granite":"2024-11-16 21:27:54 +0000"},"done":true},"minecraft:recipes/building_blocks/cyan_concrete_powder":{"criteria":{"has_gravel":"2024-11-16 21:54:51 +0000"},"done":true},"minecraft:recipes/building_blocks/polished_diorite_stairs_from_diorite_stonecutting":{"criteria":{"has_diorite":"2024-11-16 21:25:42 +0000"},"done":true},"minecraft:recipes/decorations/loom":{"criteria":{"has_string":"2024-11-16 19:48:12 +0000"},"done":true},"minecraft:recipes/tools/diamond_axe":{"criteria":{"has_diamond":"2024-11-16 21:40:14 +0000"},"done":true},"minecraft:recipes/building_blocks/andesite_slab_from_andesite_stonecutting":{"criteria":{"has_andesite":"2024-11-16 21:31:35 +0000"},"done":true},"minecraft:recipes/building_blocks/diorite_stairs":{"criteria":{"has_diorite":"2024-11-16 21:25:42 +0000"},"done":true},"minecraft:recipes/building_blocks/polished_tuff_from_tuff_stonecutting":{"criteria":{"has_tuff":"2024-11-16 21:36:38 +0000"},"done":true},"minecraft:recipes/building_blocks/polished_deepslate_stairs_from_cobbled_deepslate_stonecutting":{"criteria":{"has_cobbled_deepslate":"2024-11-16 21:37:01 +0000"},"done":true},"minecraft:recipes/tools/compass":{"criteria":{"has_redstone":"2024-11-16 21:58:14 +0000"},"done":true},"minecraft:recipes/redstone/piston":{"criteria":{"has_redstone":"2024-11-16 21:58:14 +0000"},"done":true},"minecraft:recipes/combat/diamond_boots":{"criteria":{"has_diamond":"2024-11-16 21:40:14 +0000"},"done":true},"DataVersion":3955}